date,sku,brand,category,list_price,unit_cost,price,competitor_price,discount,festive,sale_event,weekend,units_sold
2025-01-01,IPHONE_15_128,Apple,Smartphones,70000,52000,63183.05032512248,63596.48182089703,0.09738499535539315,0,0,0,69
2025-01-02,IPHONE_15_128,Apple,Smartphones,70000,52000,64973.67576807217,65243.09405759941,0.07180463188468324,0,0,0,63
2025-01-03,IPHONE_15_128,Apple,Smartphones,70000,52000,65550.21224554064,67094.83751832129,0.06356839649227668,0,0,0,52
2025-01-04,IPHONE_15_128,Apple,Smartphones,70000,52000,63807.192434663215,61393.23834020185,0.0884686795048112,0,0,1,66
2025-01-05,IPHONE_15_128,Apple,Smartphones,70000,52000,66881.43624481934,68075.68343076942,0.044550910788295164,0,0,1,59
2025-01-06,IPHONE_15_128,Apple,Smartphones,70000,52000,60809.16051614219,61074.02043887795,0.1312977069122544,0,0,0,59
2025-01-07,IPHONE_15_128,Apple,Smartphones,70000,52000,65733.7376750867,66573.3589621933,0.06094660464161861,0,0,0,63
2025-01-08,IPHONE_15_128,Apple,Smartphones,70000,52000,65871.56479030107,66049.92234474323,0.05897764585284183,0,0,0,65
2025-01-09,IPHONE_15_128,Apple,Smartphones,70000,52000,64433.06820060794,63373.60987206542,0.07952759713417232,0,0,0,57
2025-01-10,IPHONE_15_128,Apple,Smartphones,70000,52000,63888.284192238345,61397.16798922398,0.08731022582516644,0,0,0,65
2025-01-11,IPHONE_15_128,Apple,Smartphones,70000,52000,62590.75687901124,63484.81620841975,0.10584633029983936,0,0,1,57
2025-01-12,IPHONE_15_128,Apple,Smartphones,70000,52000,64683.33829185119,64843.26186970149,0.07595231011641158,0,0,1,65
2025-01-13,IPHONE_15_128,Apple,Smartphones,70000,52000,65528.56498885148,67915.64320128864,0.06387764301640744,0,0,0,57
2025-01-14,IPHONE_15_128,Apple,Smartphones,70000,52000,63605.99427498275,63629.71568464364,0.09134293892881783,0,0,0,72
2025-01-15,IPHONE_15_128,Apple,Smartphones,70000,52000,61874.05116988492,63933.34352517608,0.11608498328735828,0,0,0,74
2025-01-16,IPHONE_15_128,Apple,Smartphones,70000,52000,66456.08293189546,66606.917678886,0.05062738668720765,0,0,0,71
2025-01-17,IPHONE_15_128,Apple,Smartphones,70000,52000,65573.97688272096,65925.3567154526,0.06322890167541485,0,0,0,58
2025-01-18,IPHONE_15_128,Apple,Smartphones,70000,52000,62409.311735134215,65149.455020754154,0.10843840378379693,0,0,1,84
2025-01-19,IPHONE_15_128,Apple,Smartphones,70000,52000,63513.991738633296,63124.77838690916,0.0926572608766672,0,0,1,78
2025-01-20,IPHONE_15_128,Apple,Smartphones,70000,52000,64487.773795819376,67655.1611874575,0.07874608863115169,0,0,0,65
2025-01-21,IPHONE_15_128,Apple,Smartphones,70000,52000,64186.73468281648,64348.79439283053,0.08304664738833599,0,0,0,60
2025-01-22,IPHONE_15_128,Apple,Smartphones,70000,52000,64938.1961252019,66167.33424164406,0.07231148392568708,0,0,0,62
2025-01-23,IPHONE_15_128,Apple,Smartphones,70000,52000,66380.80932708831,66211.94145439148,0.05170272389873844,0,0,0,77
2025-01-24,IPHONE_15_128,Apple,Smartphones,70000,52000,62157.26481162992,63289.694204252075,0.11203907411957259,0,0,0,76
2025-01-25,IPHONE_15_128,Apple,Smartphones,70000,52000,64162.1600040973,66357.54047588173,0.08339771422718141,0,0,1,66
2025-01-26,IPHONE_15_128,Apple,Smartphones,70000,52000,65360.664975173786,63622.86386964997,0.06627621464037448,0,0,1,67
2025-01-27,IPHONE_15_128,Apple,Smartphones,70000,52000,65239.650565490585,64583.53985362913,0.06800499192156306,0,0,0,81
2025-01-28,IPHONE_15_128,Apple,Smartphones,70000,52000,59778.844542034196,60637.53448579861,0.14601650654236858,0,0,0,69
2025-01-29,IPHONE_15_128,Apple,Smartphones,70000,52000,69100.98947748265,69746.19599654688,0.01284300746453354,0,0,0,55
2025-01-30,IPHONE_15_128,Apple,Smartphones,70000,52000,64252.435985644486,68851.69299924104,0.08210805734793593,0,0,0,48
2025-01-31,IPHONE_15_128,Apple,Smartphones,70000,52000,64871.28436371375,66009.04129219204,0.07326736623266071,0,0,0,55
2025-02-01,IPHONE_15_128,Apple,Smartphones,70000,52000,61600.084104438196,63374.063396842845,0.11999879850802572,0,0,1,69
2025-02-02,IPHONE_15_128,Apple,Smartphones,70000,52000,60963.15393820656,59436.25392410252,0.12909780088276349,0,0,1,80
2025-02-03,IPHONE_15_128,Apple,Smartphones,70000,52000,66826.81399657018,66548.98531046478,0.045331228620425906,0,0,0,67
2025-02-04,IPHONE_15_128,Apple,Smartphones,70000,52000,68199.12540611203,68998.01503309846,0.02572677991268535,0,0,0,65
2025-02-05,IPHONE_15_128,Apple,Smartphones,70000,52000,66652.58937387282,69901.79380396336,0.04782015180181689,0,0,0,79
2025-02-06,IPHONE_15_128,Apple,Smartphones,70000,52000,66318.97056622378,66448.19056654209,0.0525861347682317,0,0,0,78
2025-02-07,IPHONE_15_128,Apple,Smartphones,70000,52000,62406.88281744431,61110.591516622066,0.10847310260793844,0,0,0,78
2025-02-08,IPHONE_15_128,Apple,Smartphones,70000,52000,68338.33392467501,69337.15652087632,0.023738086790357035,0,0,1,54
2025-02-09,IPHONE_15_128,Apple,Smartphones,70000,52000,63763.28715409136,65647.2099325516,0.08909589779869483,0,0,1,69
2025-02-10,IPHONE_15_128,Apple,Smartphones,70000,52000,63121.2431642386,64221.10664026108,0.09826795479659142,0,0,0,81
2025-02-11,IPHONE_15_128,Apple,Smartphones,70000,52000,66066.0605678673,67110.32334413973,0.05619913474475282,0,0,0,56
2025-02-12,IPHONE_15_128,Apple,Smartphones,70000,52000,63681.97244041823,63181.50948193419,0.09025753656545385,0,0,0,70
2025-02-13,IPHONE_15_128,Apple,Smartphones,70000,52000,67318.6935681465,69096.838783595,0.038304377597907294,0,0,0,69
2025-02-14,IPHONE_15_128,Apple,Smartphones,70000,52000,61561.44083143186,60913.99559018089,0.12055084526525914,0,0,0,76
2025-02-15,IPHONE_15_128,Apple,Smartphones,70000,52000,62385.9526080135,65968.14306217017,0.10877210559980716,0,0,1,63
2025-02-16,IPHONE_15_128,Apple,Smartphones,70000,52000,66579.31035258253,65887.2013023198,0.04886699496310669,0,0,1,82
2025-02-17,IPHONE_15_128,Apple,Smartphones,70000,52000,64368.14536489913,67350.85913783053,0.08045506621572675,0,0,0,70
2025-02-18,IPHONE_15_128,Apple,Smartphones,70000,52000,62867.11499797574,62148.61058119034,0.10189835717177523,0,0,0,65
2025-02-19,IPHONE_15_128,Apple,Smartphones,70000,52000,67023.68662024973,68502.35048550658,0.042518762567861065,0,0,0,78
2025-02-20,IPHONE_15_128,Apple,Smartphones,70000,52000,63240.56781979481,63757.82995323979,0.09656331686007408,0,0,0,65
2025-02-21,IPHONE_15_128,Apple,Smartphones,70000,52000,65493.9616325642,67551.12499332974,0.06437197667765426,0,0,0,58
2025-02-22,IPHONE_15_128,Apple,Smartphones,70000,52000,63975.7067316646,65231.73759108488,0.08606133240479137,0,0,1,76
2025-02-23,IPHONE_15_128,Apple,Smartphones,70000,52000,64257.3886398073,63063.85536041891,0.08203730514561,0,0,1,86
2025-02-24,IPHONE_15_128,Apple,Smartphones,70000,52000,61746.52445422058,63990.7050531598,0.1179067935111347,0,0,0,69
2025-02-25,IPHONE_15_128,Apple,Smartphones,70000,52000,63138.16359533879,64580.532766834214,0.0980262343523031,0,0,0,71
2025-02-26,IPHONE_15_128,Apple,Smartphones,70000,52000,63001.31824880174,65419.88473852531,0.09998116787426084,0,0,0,76
2025-02-27,IPHONE_15_128,Apple,Smartphones,70000,52000,65172.40964936884,67060.73006959376,0.06896557643758791,0,0,0,65
2025-02-28,IPHONE_15_128,Apple,Smartphones,70000,52000,65589.1406921813,66379.28346028464,0.06301227582598137,0,0,0,67
2025-03-01,IPHONE_15_128,Apple,Smartphones,70000,52000,62718.66253358244,60817.16459672587,0.10401910666310797,0,0,1,51
2025-03-02,IPHONE_15_128,Apple,Smartphones,70000,52000,65556.23307118412,67996.4828803409,0.06348238469736983,0,0,1,62
2025-03-03,IPHONE_15_128,Apple,Smartphones,70000,52000,66152.49408768692,67937.94618027395,0.05496437017590111,0,0,0,70
2025-03-04,IPHONE_15_128,Apple,Smartphones,70000,52000,64288.34899223565,63883.97471839939,0.08159501439663348,0,0,0,71
2025-03-05,IPHONE_15_128,Apple,Smartphones,70000,52000,69361.59933731114,70378.534567578,0.009120009466983742,0,0,0,70
2025-03-06,IPHONE_15_128,Apple,Smartphones,70000,52000,66341.67580916012,66814.79737216937,0.05226177415485547,0,0,0,76
2025-03-07,IPHONE_15_128,Apple,Smartphones,70000,52000,67340.72619728665,67450.99455587403,0.03798962575304783,0,0,0,56
2025-03-08,IPHONE_15_128,Apple,Smartphones,70000,52000,60074.63711131131,61283.61171549187,0.14179089840983838,0,0,1,87
2025-03-09,IPHONE_15_128,Apple,Smartphones,70000,52000,59200.717317319046,61320.79159123825,0.1542754668954422,0,0,1,82
2025-03-10,IPHONE_15_128,Apple,Smartphones,70000,52000,61296.06768449277,60824.59447476726,0.1243418902215318,0,0,0,54
2025-03-11,IPHONE_15_128,Apple,Smartphones,70000,52000,63312.64240104174,65171.87204546318,0.095533679985118,0,0,0,71
2025-03-12,IPHONE_15_128,Apple,Smartphones,70000,52000,70000.0,68907.32162766499,0.0,0,0,0,54
2025-03-13,IPHONE_15_128,Apple,Smartphones,70000,52000,60400.59230536749,58845.06357069025,0.13713439563760724,0,0,0,80
2025-03-14,IPHONE_15_128,Apple,Smartphones,70000,52000,60868.88044178802,59292.58620593015,0.13044456511731406,0,0,0,76
2025-03-15,IPHONE_15_128,Apple,Smartphones,70000,52000,66804.69619506749,68244.51021223924,0.045647197213321715,0,0,1,57
2025-03-16,IPHONE_15_128,Apple,Smartphones,70000,52000,64228.98489177445,64252.56721090647,0.08244307297465066,0,0,1,94
2025-03-17,IPHONE_15_128,Apple,Smartphones,70000,52000,60514.25880044389,59246.76420236812,0.13551058856508733,0,0,0,76
2025-03-18,IPHONE_15_128,Apple,Smartphones,70000,52000,64771.87348283718,66372.25240932044,0.07468752167375459,0,0,0,62
2025-03-19,IPHONE_15_128,Apple,Smartphones,70000,52000,63711.56992404917,63356.856523321614,0.08983471537072614,0,0,0,56
2025-03-20,IPHONE_15_128,Apple,Smartphones,70000,52000,65843.94365451332,67900.91190618367,0.059372233506952594,0,0,0,57
2025-03-21,IPHONE_15_128,Apple,Smartphones,70000,52000,62195.98030518853,63295.75998194631,0.11148599564016379,0,0,0,80
2025-03-22,IPHONE_15_128,Apple,Smartphones,70000,52000,66431.03777675908,66165.01295844796,0.05098517461772747,0,0,1,80
2025-03-23,IPHONE_15_128,Apple,Smartphones,70000,52000,64451.20890521217,65284.7682865627,0.07926844421125481,0,0,1,73
2025-03-24,IPHONE_15_128,Apple,Smartphones,70000,52000,63059.61141613341,63371.452777952785,0.09914840834095133,0,0,0,83
2025-03-25,IPHONE_15_128,Apple,Smartphones,70000,52000,62377.72994497933,64270.12935398128,0.10888957221458105,0,0,0,74
2025-03-26,IPHONE_15_128,Apple,Smartphones,70000,52000,62729.215220327336,62869.93761877901,0.10386835399532374,0,0,0,71
2025-03-27,IPHONE_15_128,Apple,Smartphones,70000,52000,63605.79243640331,64034.90405818858,0.09134582233709548,0,0,0,91
2025-03-28,IPHONE_15_128,Apple,Smartphones,70000,52000,66404.64067392201,70542.29271047573,0.05136227608682846,0,0,0,63
2025-03-29,IPHONE_15_128,Apple,Smartphones,70000,52000,61562.628359924835,63396.67554889551,0.12053388057250239,0,0,1,90
2025-03-30,IPHONE_15_128,Apple,Smartphones,70000,52000,64430.004593474936,63629.052057500994,0.079571362950358,0,0,1,59
2025-03-31,IPHONE_15_128,Apple,Smartphones,70000,52000,62010.95665312651,62403.08699691149,0.1141291906696213,0,0,0,71
2025-04-01,IPHONE_15_128,Apple,Smartphones,70000,52000,63388.317937024716,63128.86233684383,0.09445260089964685,0,0,0,76
2025-04-02,IPHONE_15_128,Apple,Smartphones,70000,52000,63799.83190078363,63629.25798549328,0.0885738299888053,0,0,0,57
2025-04-03,IPHONE_15_128,Apple,Smartphones,70000,52000,65554.0438487649,66589.87958146869,0.0635136593033587,0,0,0,66
2025-04-04,IPHONE_15_128,Apple,Smartphones,70000,52000,66160.18834206848,66468.74763153082,0.05485445225616474,0,0,0,76
2025-04-05,IPHONE_15_128,Apple,Smartphones,70000,52000,62298.73392315505,62672.622064330295,0.11001808681207068,0,0,1,67
2025-04-06,IPHONE_15_128,Apple,Smartphones,70000,52000,64445.35718318136,64624.74302778269,0.07935204024026635,0,0,1,58
2025-04-07,IPHONE_15_128,Apple,Smartphones,70000,52000,63609.33952717168,62929.94257354834,0.09129514961183313,0,0,0,79
2025-04-08,IPHONE_15_128,Apple,Smartphones,70000,52000,64666.4623637193,65962.5588863109,0.07619339480400998,0,0,0,65
2025-04-09,IPHONE_15_128,Apple,Smartphones,70000,52000,63850.97341956448,64509.5840799503,0.0878432368633646,0,0,0,57
2025-04-10,IPHONE_15_128,Apple,Smartphones,70000,52000,64339.950073065585,65784.37920367635,0.080857856099063,0,0,0,74
2025-04-11,IPHONE_15_128,Apple,Smartphones,70000,52000,59124.702979096684,58581.72009045041,0.1553613860129045,0,0,0,82
2025-04-12,IPHONE_15_128,Apple,Smartphones,70000,52000,59034.982813616705,58432.38575714744,0.15664310266261855,0,0,1,80
2025-04-13,IPHONE_15_128,Apple,Smartphones,70000,52000,69603.54452455902,69384.71964329043,0.005663649649156749,0,0,1,71
2025-04-14,IPHONE_15_128,Apple,Smartphones,70000,52000,63562.697859345964,67179.68684257929,0.09196145915220058,0,0,0,68
2025-04-15,IPHONE_15_128,Apple,Smartphones,70000,52000,66601.11594480347,68086.18624867592,0.04855548650280747,0,0,0,81
2025-04-16,IPHONE_15_128,Apple,Smartphones,70000,52000,67634.57135720058,71407.66528544624,0.03379183775427752,0,0,0,82
2025-04-17,IPHONE_15_128,Apple,Smartphones,70000,52000,61510.37170423284,61403.99620238676,0.12128040422524505,0,0,0,78
2025-04-18,IPHONE_15_128,Apple,Smartphones,70000,52000,64680.62262086891,67328.99709079538,0.07599110541615837,0,0,0,69
2025-04-19,IPHONE_15_128,Apple,Smartphones,70000,52000,64387.15293569045,65106.64813194085,0.08018352949013641,0,0,1,87
2025-04-20,IPHONE_15_128,Apple,Smartphones,70000,52000,67015.67005198736,67447.28533774825,0.042633284971609196,0,0,1,93
2025-04-21,IPHONE_15_128,Apple,Smartphones,70000,52000,62656.543548682224,61521.454329071035,0.10490652073311114,0,0,0,77
2025-04-22,IPHONE_15_128,Apple,Smartphones,70000,52000,63585.83067065,63031.860523037845,0.09163099041928571,0,0,0,73
2025-04-23,IPHONE_15_128,Apple,Smartphones,70000,52000,61510.72189904362,62229.656881360635,0.12127540144223392,0,0,0,77
2025-04-24,IPHONE_15_128,Apple,Smartphones,70000,52000,65009.96216377373,67239.10655443558,0.07128625480323243,0,0,0,59
2025-04-25,IPHONE_15_128,Apple,Smartphones,70000,52000,62818.82892351639,65596.41300455033,0.10258815823548018,0,0,0,79
2025-04-26,IPHONE_15_128,Apple,Smartphones,70000,52000,61806.860007218515,59707.37447662768,0.11704485703973558,0,0,1,78
2025-04-27,IPHONE_15_128,Apple,Smartphones,70000,52000,65060.04674438917,66877.73052941206,0.07057076079444048,0,0,1,76
2025-04-28,IPHONE_15_128,Apple,Smartphones,70000,52000,60409.89191335034,58929.69633447837,0.1370015440949952,0,0,0,67
2025-04-29,IPHONE_15_128,Apple,Smartphones,70000,52000,68573.28697642013,69163.79263875139,0.020381614622569585,0,0,0,65
2025-04-30,IPHONE_15_128,Apple,Smartphones,70000,52000,67595.9502762369,69403.58858680117,0.03434356748233013,0,0,0,52
2025-05-01,IPHONE_15_128,Apple,Smartphones,70000,52000,63501.83429706273,62644.7503787704,0.09283093861338969,0,0,0,63
2025-05-02,IPHONE_15_128,Apple,Smartphones,70000,52000,64553.56378831927,66740.54544403746,0.07780623159543898,0,0,0,75
2025-05-03,IPHONE_15_128,Apple,Smartphones,70000,52000,65699.13116501248,65053.846071563145,0.061440983356964574,0,0,1,65
2025-05-04,IPHONE_15_128,Apple,Smartphones,70000,52000,64662.22438188866,63635.31984215982,0.07625393740159048,0,0,1,68
2025-05-05,IPHONE_15_128,Apple,Smartphones,70000,52000,59586.42342435485,60234.818382079255,0.14876537965207365,0,0,0,82
2025-05-06,IPHONE_15_128,Apple,Smartphones,70000,52000,64675.20372174253,64964.67441230688,0.07606851826082096,0,0,0,78
2025-05-07,IPHONE_15_128,Apple,Smartphones,70000,52000,65699.72781164579,65410.947547778844,0.061432459833631534,0,0,0,65
2025-05-08,IPHONE_15_128,Apple,Smartphones,70000,52000,68112.21810238645,71120.86123897835,0.02696831282305067,0,0,0,64
2025-05-09,IPHONE_15_128,Apple,Smartphones,70000,52000,62987.43544051338,64107.43102029753,0.10017949370695182,0,0,0,73
2025-05-10,IPHONE_15_128,Apple,Smartphones,70000,52000,64713.39809912787,63814.62535680937,0.07552288429817317,0,0,1,76
2025-05-11,IPHONE_15_128,Apple,Smartphones,70000,52000,66253.05932594655,64559.87343424296,0.05352772391504938,0,0,1,65
2025-05-12,IPHONE_15_128,Apple,Smartphones,70000,52000,60266.502994072216,62197.501650310114,0.13904995722753977,0,0,0,85
2025-05-13,IPHONE_15_128,Apple,Smartphones,70000,52000,64210.44764626334,63469.96601977742,0.08270789076766664,0,0,0,73
2025-05-14,IPHONE_15_128,Apple,Smartphones,70000,52000,66941.25307809982,67292.12786837718,0.04369638459857402,0,0,0,61
2025-05-15,IPHONE_15_128,Apple,Smartphones,70000,52000,62130.86500854748,65718.01634698606,0.11241621416360745,0,0,0,76
2025-05-16,IPHONE_15_128,Apple,Smartphones,70000,52000,65994.07429434848,65850.33031812121,0.05722751008073605,0,0,0,59
2025-05-17,IPHONE_15_128,Apple,Smartphones,70000,52000,64281.12201153517,63588.573086187585,0.08169825697806894,0,0,1,63
2025-05-18,IPHONE_15_128,Apple,Smartphones,70000,52000,65813.08975989242,67714.08642121898,0.059813003430108355,0,0,1,64
2025-05-19,IPHONE_15_128,Apple,Smartphones,70000,52000,64156.6358516984,66003.36396166086,0.08347663069002291,0,0,0,72
2025-05-20,IPHONE_15_128,Apple,Smartphones,70000,52000,66023.42820941732,67625.48449731774,0.056808168436895366,0,0,0,63
2025-05-21,IPHONE_15_128,Apple,Smartphones,70000,52000,68387.47897281374,69153.56396950973,0.023036014674089306,0,0,0,53
2025-05-22,IPHONE_15_128,Apple,Smartphones,70000,52000,62835.44847599543,60853.744004142034,0.1023507360572081,0,0,0,62
2025-05-23,IPHONE_15_128,Apple,Smartphones,70000,52000,65996.99846411528,66735.17269970819,0.057185736226924425,0,0,0,63
2025-05-24,IPHONE_15_128,Apple,Smartphones,70000,52000,61934.58261742462,61660.689514741316,0.11522024832250542,0,0,1,72
2025-05-25,IPHONE_15_128,Apple,Smartphones,70000,52000,63101.97976410756,66007.14540998181,0.0985431462270349,0,0,1,76
2025-05-26,IPHONE_15_128,Apple,Smartphones,70000,52000,62986.17328840768,63296.308724523864,0.10019752445131891,0,0,0,60
2025-05-27,IPHONE_15_128,Apple,Smartphones,70000,52000,64187.8550206914,64579.91887551409,0.0830306425615515,0,0,0,71
2025-05-28,IPHONE_15_128,Apple,Smartphones,70000,52000,63572.87347791575,63553.997156300626,0.09181609317263208,0,0,0,62
2025-05-29,IPHONE_15_128,Apple,Smartphones,70000,52000,63433.59225117317,63400.31422617429,0.09380582498324039,0,0,0,74
2025-05-30,IPHONE_15_128,Apple,Smartphones,70000,52000,62265.74447659235,62380.89947267529,0.11048936462010923,0,0,0,69
2025-05-31,IPHONE_15_128,Apple,Smartphones,70000,52000,69393.40511118574,68338.4756182843,0.008665641268775115,0,0,1,66
2025-06-01,IPHONE_15_128,Apple,Smartphones,70000,52000,64354.8749709856,67695.59656139973,0.08064464327163431,0,0,1,67
2025-06-02,IPHONE_15_128,Apple,Smartphones,70000,52000,62367.95632610045,59544.0361297789,0.10902919534142212,0,0,0,85
2025-06-03,IPHONE_15_128,Apple,Smartphones,70000,52000,68022.53630216062,70647.78793830189,0.028249481397705542,0,0,0,54
2025-06-04,IPHONE_15_128,Apple,Smartphones,70000,52000,62849.6844280396,67045.98951097023,0.10214736531371997,0,0,0,83
2025-06-05,IPHONE_15_128,Apple,Smartphones,70000,52000,65525.4342038736,64788.52801303989,0.06392236851609145,0,0,0,60
2025-06-06,IPHONE_15_128,Apple,Smartphones,70000,52000,64224.662718812484,64099.97463566014,0.08250481830267874,0,0,0,65
2025-06-07,IPHONE_15_128,Apple,Smartphones,70000,52000,65061.19359146876,64119.817137563,0.070554377264732,0,0,1,81
2025-06-08,IPHONE_15_128,Apple,Smartphones,70000,52000,62545.37788921889,61728.9022011855,0.10649460158258732,0,0,1,82
2025-06-09,IPHONE_15_128,Apple,Smartphones,70000,52000,63387.084487101936,66995.07070036438,0.09447022161282953,0,0,0,63
2025-06-10,IPHONE_15_128,Apple,Smartphones,70000,52000,68757.86460981549,72017.06356140508,0.017744791288350242,0,0,0,61
2025-06-11,IPHONE_15_128,Apple,Smartphones,70000,52000,63714.076865516436,62558.480242399964,0.08979890192119372,0,0,0,69
2025-06-12,IPHONE_15_128,Apple,Smartphones,70000,52000,64131.98275321801,65936.92389591849,0.08382881781117126,0,0,0,73
2025-06-13,IPHONE_15_128,Apple,Smartphones,70000,52000,59789.03998363617,62397.964706831175,0.1458708573766262,0,0,0,73
2025-06-14,IPHONE_15_128,Apple,Smartphones,70000,52000,66824.53180963352,67282.635826644,0.04536383129094967,0,0,1,80
2025-06-15,IPHONE_15_128,Apple,Smartphones,70000,52000,68546.5383428013,71853.13821673309,0.02076373795998132,0,0,1,49
2025-06-16,IPHONE_15_128,Apple,Smartphones,70000,52000,66879.6557193874,64781.54616459843,0.04457634686589414,0,0,0,65
2025-06-17,IPHONE_15_128,Apple,Smartphones,70000,52000,67560.40420436558,66048.60711348146,0.03485136850906311,0,0,0,69
2025-06-18,IPHONE_15_128,Apple,Smartphones,70000,52000,65035.99881084083,63242.39871616142,0.07091430270227383,0,0,0,56
2025-06-19,IPHONE_15_128,Apple,Smartphones,70000,52000,70000.0,70604.98398359382,0.0,0,0,0,73
2025-06-20,IPHONE_15_128,Apple,Smartphones,70000,52000,59870.057567383905,62154.94597236839,0.1447134633230871,0,0,0,63
2025-06-21,IPHONE_15_128,Apple,Smartphones,70000,52000,58095.268482037834,58762.228937437154,0.17006759311374514,0,0,1,65
2025-06-22,IPHONE_15_128,Apple,Smartphones,70000,52000,63914.69233611876,64323.17047663909,0.08693296662687493,0,0,1,64
2025-06-23,IPHONE_15_128,Apple,Smartphones,70000,52000,64480.24551202919,64249.043900648896,0.07885363554244006,0,0,0,68
2025-06-24,IPHONE_15_128,Apple,Smartphones,70000,52000,65024.694182681094,68119.85822789505,0.07107579739027006,0,0,0,66
2025-06-25,IPHONE_15_128,Apple,Smartphones,70000,52000,61347.09127838081,58780.650695083474,0.12361298173741703,0,0,0,61
2025-06-26,IPHONE_15_128,Apple,Smartphones,70000,52000,67848.40365205867,67207.54717390492,0.030737090684876255,0,0,0,65
2025-06-27,IPHONE_15_128,Apple,Smartphones,70000,52000,62107.587936788725,64702.99431312715,0.11274874376016114,0,0,0,62
2025-06-28,IPHONE_15_128,Apple,Smartphones,70000,52000,65685.07465238545,67145.54051359015,0.06164179068020792,0,0,1,73
2025-06-29,IPHONE_15_128,Apple,Smartphones,70000,52000,64988.79722548743,65029.70636129895,0.07158861106446528,0,0,1,76
2025-06-30,IPHONE_15_128,Apple,Smartphones,70000,52000,65284.367106256745,67829.36358932071,0.0673661841963322,0,0,0,68
2025-07-01,IPHONE_15_128,Apple,Smartphones,70000,52000,62946.90191797746,63089.24620329331,0.10075854402889343,0,0,0,60
2025-07-02,IPHONE_15_128,Apple,Smartphones,70000,52000,63600.97409550681,62247.68278240642,0.09141465577847413,0,0,0,65
2025-07-03,IPHONE_15_128,Apple,Smartphones,70000,52000,65680.67140027165,68059.96887072553,0.061704694281833616,0,0,0,58
2025-07-04,IPHONE_15_128,Apple,Smartphones,70000,52000,68213.74147513356,69929.33404369614,0.025517978926663368,0,0,0,63
2025-07-05,IPHONE_15_128,Apple,Smartphones,70000,52000,69500.72704931512,73143.35809489823,0.007132470724069723,0,0,1,70
2025-07-06,IPHONE_15_128,Apple,Smartphones,70000,52000,64492.20502094088,66915.98635052527,0.07868278541513031,0,0,1,82
2025-07-07,IPHONE_15_128,Apple,Smartphones,70000,52000,65290.849919923945,65850.80771482397,0.06727357257251504,0,0,0,58
2025-07-08,IPHONE_15_128,Apple,Smartphones,70000,52000,67703.05428415899,69638.11605962773,0.03281351022630004,0,0,0,51
2025-07-09,IPHONE_15_128,Apple,Smartphones,70000,52000,64354.83686398978,65557.59933126613,0.08064518765728876,0,0,0,56
2025-07-10,IPHONE_15_128,Apple,Smartphones,70000,52000,63920.17912501068,62995.936836356115,0.08685458392841885,0,0,0,59
2025-07-11,IPHONE_15_128,Apple,Smartphones,70000,52000,61878.56868855218,63228.445769876,0.11602044730639753,0,0,0,60
2025-07-12,IPHONE_15_128,Apple,Smartphones,70000,52000,63772.727150931,65977.17652226124,0.08896104070098565,0,0,1,73
2025-07-13,IPHONE_15_128,Apple,Smartphones,70000,52000,68910.14186676253,67394.84752775017,0.015569401903392413,0,0,1,64
2025-07-14,IPHONE_15_128,Apple,Smartphones,70000,52000,63131.735399850644,62617.61609434707,0.09811806571641932,0,0,0,52
2025-07-15,IPHONE_15_128,Apple,Smartphones,70000,52000,65898.21861733028,64239.78929148864,0.05859687689528181,0,0,0,57
2025-07-16,IPHONE_15_128,Apple,Smartphones,70000,52000,66790.88946979446,69218.14018394216,0.04584443614579335,0,0,0,62
2025-07-17,IPHONE_15_128,Apple,Smartphones,70000,52000,63191.371142841825,64115.28605659542,0.09726612653083112,0,0,0,71
2025-07-18,IPHONE_15_128,Apple,Smartphones,70000,52000,65810.31267428256,66669.15340230394,0.05985267608167791,0,0,0,62
2025-07-19,IPHONE_15_128,Apple,Smartphones,70000,52000,61584.28035060009,61117.50780158396,0.12022456641999865,0,0,1,60
2025-07-20,IPHONE_15_128,Apple,Smartphones,70000,52000,64485.721801717555,67985.36294863213,0.07877540283260634,0,0,1,73
2025-07-21,IPHONE_15_128,Apple,Smartphones,70000,52000,62666.00775813409,62411.47915216836,0.10477131774094164,0,0,0,73
2025-07-22,IPHONE_15_128,Apple,Smartphones,70000,52000,62876.56559256787,61037.072808611956,0.10176334867760188,0,0,0,62
2025-07-23,IPHONE_15_128,Apple,Smartphones,70000,52000,64582.36190129512,66230.2972709594,0.07739482998149838,0,0,0,55
2025-07-24,IPHONE_15_128,Apple,Smartphones,70000,52000,63468.515265035385,65072.02468506472,0.09330692478520872,0,0,0,72
2025-07-25,IPHONE_15_128,Apple,Smartphones,70000,52000,62356.89072135518,63696.285679115506,0.10918727540921165,0,0,0,59
2025-07-26,IPHONE_15_128,Apple,Smartphones,70000,52000,63347.435363125165,64309.82177521347,0.0950366376696405,0,0,1,60
2025-07-27,IPHONE_15_128,Apple,Smartphones,70000,52000,67048.58852400024,69484.38471714011,0.042163021085710815,0,0,1,81
2025-07-28,IPHONE_15_128,Apple,Smartphones,70000,52000,64330.61997848037,65021.78195081336,0.08099114316456614,0,0,0,58
2025-07-29,IPHONE_15_128,Apple,Smartphones,70000,52000,64164.50409649459,64064.60752106396,0.08336422719293442,0,0,0,56
2025-07-30,IPHONE_15_128,Apple,Smartphones,70000,52000,63855.772259497404,63730.05840823009,0.08777468200717996,0,0,0,59
2025-07-31,IPHONE_15_128,Apple,Smartphones,70000,52000,64857.835528195326,64793.41376712264,0.07345949245435243,0,0,0,62
2025-08-01,IPHONE_15_128,Apple,Smartphones,70000,52000,61871.980878301845,60192.836612232204,0.11611455888140222,0,0,0,77
2025-08-02,IPHONE_15_128,Apple,Smartphones,70000,52000,64198.40422627521,66550.44176387817,0.08287993962463985,0,0,1,84
2025-08-03,IPHONE_15_128,Apple,Smartphones,70000,52000,65667.35670274592,68637.73329659259,0.06189490424648697,0,0,1,65
2025-08-04,IPHONE_15_128,Apple,Smartphones,70000,52000,65491.481177431895,68526.00354237437,0.06440741175097299,0,0,0,59
2025-08-05,IPHONE_15_128,Apple,Smartphones,70000,52000,65429.45770188486,65622.8269252417,0.06529346140164499,0,0,0,57
2025-08-06,IPHONE_15_128,Apple,Smartphones,70000,52000,66860.14487854256,66245.36991632164,0.04485507316367762,0,0,0,40
2025-08-07,IPHONE_15_128,Apple,Smartphones,70000,52000,64484.97797409761,65507.411050559254,0.07878602894146267,0,0,0,59
2025-08-08,IPHONE_15_128,Apple,Smartphones,70000,52000,61988.41012373237,62276.67351902584,0.11445128394668044,0,0,0,82
2025-08-09,IPHONE_15_128,Apple,Smartphones,70000,52000,67150.66895282763,68464.1523991144,0.040704729245319544,0,0,1,79
2025-08-10,IPHONE_15_128,Apple,Smartphones,70000,52000,63691.53682242585,68237.99817243117,0.09012090253677364,0,0,1,60
2025-08-11,IPHONE_15_128,Apple,Smartphones,70000,52000,65926.69428974067,65670.44197714247,0.05819008157513325,0,0,0,66
2025-08-12,IPHONE_15_128,Apple,Smartphones,70000,52000,60919.76459242485,60659.71899191867,0.12971764867964491,0,0,0,71
2025-08-13,IPHONE_15_128,Apple,Smartphones,70000,52000,65752.94645848838,67450.90422119206,0.06067219345016601,0,0,0,53
2025-08-14,IPHONE_15_128,Apple,Smartphones,70000,52000,60608.61225674135,63935.8397180384,0.13416268204655216,0,0,0,53
2025-08-15,IPHONE_15_128,Apple,Smartphones,70000,52000,65901.33229168675,65921.59438131996,0.058552395833046486,0,0,0,63
2025-08-16,IPHONE_15_128,Apple,Smartphones,70000,52000,64833.520707360425,64187.945391073714,0.07380684703770828,0,0,1,62
2025-08-17,IPHONE_15_128,Apple,Smartphones,70000,52000,64481.16108354081,68018.85206115685,0.07884055594941711,0,0,1,52
2025-08-18,IPHONE_15_128,Apple,Smartphones,70000,52000,65668.14768263862,66692.22266591046,0.061883604533733996,0,0,0,68
2025-08-19,IPHONE_15_128,Apple,Smartphones,70000,52000,58209.01555660963,58018.571995639795,0.16844263490557676,0,0,0,78
2025-08-20,IPHONE_15_128,Apple,Smartphones,70000,52000,62729.36585041554,66252.72899528814,0.10386620213692091,0,0,0,57
2025-08-21,IPHONE_15_128,Apple,Smartphones,70000,52000,62952.895664803844,65327.32714224264,0.10067291907423083,0,0,0,67
2025-08-22,IPHONE_15_128,Apple,Smartphones,70000,52000,61786.647010506575,64210.68482805685,0.11733361413562039,0,0,0,67
2025-08-23,IPHONE_15_128,Apple,Smartphones,70000,52000,64809.4392967763,65695.24448361674,0.0741508671889101,0,0,1,61
2025-08-24,IPHONE_15_128,Apple,Smartphones,70000,52000,63496.75039326139,63507.324487535705,0.09290356581055155,0,0,1,75
2025-08-25,IPHONE_15_128,Apple,Smartphones,70000,52000,63931.80728335124,64645.34466737533,0.08668846738069662,0,0,0,64
2025-08-26,IPHONE_15_128,Apple,Smartphones,70000,52000,62818.56375620436,66844.06326268826,0.10259194633993765,0,0,0,69
2025-08-27,IPHONE_15_128,Apple,Smartphones,70000,52000,63789.00997490865,66942.50464960236,0.08872842892987644,0,0,0,82
2025-08-28,IPHONE_15_128,Apple,Smartphones,70000,52000,62910.653551194475,63833.25263411597,0.10127637784007887,0,0,0,66
2025-08-29,IPHONE_15_128,Apple,Smartphones,70000,52000,61769.60221284356,60802.11219222152,0.11757711124509203,0,0,0,48
2025-08-30,IPHONE_15_128,Apple,Smartphones,70000,52000,61472.13575913413,59746.01831179039,0.12182663201236948,0,0,1,75
2025-08-31,IPHONE_15_128,Apple,Smartphones,70000,52000,60564.46612837586,61070.55755316744,0.13479334102320192,0,0,1,75
2025-09-01,IPHONE_15_128,Apple,Smartphones,70000,52000,67947.6340560198,64892.018834064555,0.029319513485431457,1,0,0,65
2025-09-02,IPHONE_15_128,Apple,Smartphones,70000,52000,66902.02040197025,68755.80254321716,0.04425685140042503,1,0,0,62
2025-09-03,IPHONE_15_128,Apple,Smartphones,70000,52000,67536.74577674369,69685.18645403895,0.035189346046518695,1,0,0,95
2025-09-04,IPHONE_15_128,Apple,Smartphones,70000,52000,62807.00711400128,63279.35370559308,0.10275704122855314,1,0,0,81
2025-09-05,IPHONE_15_128,Apple,Smartphones,70000,52000,68137.5366687656,67640.28924837956,0.026606619017634135,1,0,0,87
2025-09-06,IPHONE_15_128,Apple,Smartphones,70000,52000,67466.27158926659,70576.06967739367,0.036196120153334455,1,0,1,91
2025-09-07,IPHONE_15_128,Apple,Smartphones,70000,52000,63560.322901374624,64921.71068277978,0.09199538712321964,1,0,1,94
2025-09-08,IPHONE_15_128,Apple,Smartphones,70000,52000,63918.5231342314,65690.67019261568,0.08687824093955146,0,0,0,67
2025-09-09,IPHONE_15_128,Apple,Smartphones,70000,52000,66057.16114004521,69691.85806095597,0.05632626942792556,0,0,0,50
2025-09-10,IPHONE_15_128,Apple,Smartphones,70000,52000,64086.14418346856,63635.856257370106,0.08448365452187763,0,0,0,54
2025-09-11,IPHONE_15_128,Apple,Smartphones,70000,52000,65493.14941137622,63054.28157022256,0.0643835798374827,0,0,0,56
2025-09-12,IPHONE_15_128,Apple,Smartphones,70000,52000,68280.56191754002,70261.40603701206,0.024563401177999683,0,0,0,59
2025-09-13,IPHONE_15_128,Apple,Smartphones,70000,52000,66769.09155066656,67357.14136851697,0.04615583499047755,0,0,1,51
2025-09-14,IPHONE_15_128,Apple,Smartphones,70000,52000,60716.67416067048,62655.60391022075,0.13261894056185028,0,0,1,71
2025-09-15,IPHONE_15_128,Apple,Smartphones,70000,52000,63889.4621205285,61267.223178324886,0.08729339827816433,0,0,0,47
2025-09-16,IPHONE_15_128,Apple,Smartphones,70000,52000,66853.96902424254,67052.6919576524,0.04494329965367796,0,0,0,58
2025-09-17,IPHONE_15_128,Apple,Smartphones,70000,52000,65799.38852496786,67399.27233254655,0.06000873535760211,0,0,0,49
2025-09-18,IPHONE_15_128,Apple,Smartphones,70000,52000,60971.57918036429,62990.70436743163,0.1289774402805101,0,0,0,46
2025-09-19,IPHONE_15_128,Apple,Smartphones,70000,52000,62689.35288164671,63932.93001497504,0.10443781597647565,0,0,0,67
2025-09-20,IPHONE_15_128,Apple,Smartphones,70000,52000,61828.59584746763,61619.560766469505,0.11673434503617675,1,0,1,91
2025-09-21,IPHONE_15_128,Apple,Smartphones,70000,52000,59315.6108620681,58886.77705997181,0.1526341305418843,1,0,1,95
2025-09-22,IPHONE_15_128,Apple,Smartphones,70000,52000,65995.9741088554,65857.57092554668,0.057200369873494306,1,0,0,89
2025-09-23,IPHONE_15_128,Apple,Smartphones,70000,52000,63119.05305431302,62844.958560209685,0.0982992420812425,1,0,0,86
2025-09-24,IPHONE_15_128,Apple,Smartphones,70000,52000,60167.51923325326,61425.50724526169,0.1404640109535249,1,0,0,79
2025-09-25,IPHONE_15_128,Apple,Smartphones,70000,52000,65030.5725166872,62968.15380144192,0.07099182119018292,1,0,0,90
2025-09-26,IPHONE_15_128,Apple,Smartphones,70000,52000,65583.80683263348,68820.3459969782,0.06308847381952191,1,0,0,74
2025-09-27,IPHONE_15_128,Apple,Smartphones,70000,52000,63850.09304452807,66160.02707618718,0.08785581364959902,1,0,1,84
2025-09-28,IPHONE_15_128,Apple,Smartphones,70000,52000,61757.231958093325,62315.3498655916,0.11775382917009536,1,0,1,104
2025-09-29,IPHONE_15_128,Apple,Smartphones,70000,52000,62801.808947887126,60954.82006061918,0.1028313007444697,1,0,0,98
2025-09-30,IPHONE_15_128,Apple,Smartphones,70000,52000,60782.47614317156,63487.4351498249,0.13167891224040634,1,0,0,93
2025-10-01,IPHONE_15_128,Apple,Smartphones,70000,52000,63189.626043607284,64233.319248588145,0.09729105651989586,1,0,0,73
2025-10-02,IPHONE_15_128,Apple,Smartphones,70000,52000,64462.60747392904,66997.16280971338,0.07910560751529942,1,0,0,73
2025-10-03,IPHONE_15_128,Apple,Smartphones,70000,52000,62509.33815891155,58682.91869217473,0.10700945487269206,1,0,0,80
2025-10-04,IPHONE_15_128,Apple,Smartphones,70000,52000,65287.980306437676,64113.33545875049,0.06731456705089038,1,0,1,111
2025-10-05,IPHONE_15_128,Apple,Smartphones,70000,52000,67571.96961551622,70208.67312181185,0.0346861483497683,1,0,1,87
2025-10-06,IPHONE_15_128,Apple,Smartphones,70000,52000,57514.955418253994,58776.02952019715,0.17835777973922856,1,1,0,193
2025-10-07,IPHONE_15_128,Apple,Smartphones,70000,52000,57211.78636690237,55948.84730455456,0.18268876618710894,1,1,0,199
2025-10-08,IPHONE_15_128,Apple,Smartphones,70000,52000,61213.62565171639,61170.599878253764,0.1255196335469087,0,1,0,170
2025-10-09,IPHONE_15_128,Apple,Smartphones,70000,52000,58254.19772929926,58328.096522446074,0.1677971752957249,0,1,0,184
2025-10-10,IPHONE_15_128,Apple,Smartphones,70000,52000,56464.2581420327,57635.95028792356,0.19336774082810437,0,1,0,188
2025-10-11,IPHONE_15_128,Apple,Smartphones,70000,52000,58034.653257260725,58330.12240461428,0.1709335248962754,0,1,1,174
2025-10-12,IPHONE_15_128,Apple,Smartphones,70000,52000,55617.3076180894,56245.70795203127,0.2054670340272943,0,1,1,159
2025-10-13,IPHONE_15_128,Apple,Smartphones,70000,52000,62605.03181082183,63104.75052729608,0.10564240270254527,0,0,0,58
2025-10-14,IPHONE_15_128,Apple,Smartphones,70000,52000,62154.99719697892,63314.946925154334,0.11207146861458686,0,0,0,62
2025-10-15,IPHONE_15_128,Apple,Smartphones,70000,52000,59283.48197328722,59669.432812910214,0.15309311466732548,0,0,0,57
2025-10-16,IPHONE_15_128,Apple,Smartphones,70000,52000,61684.95209899308,60698.13793742807,0.11878639858581308,0,0,0,56
2025-10-17,IPHONE_15_128,Apple,Smartphones,70000,52000,65928.23395370472,69742.23396555317,0.05816808637564682,0,0,0,68
2025-10-18,IPHONE_15_128,Apple,Smartphones,70000,52000,62268.33405981255,63662.649535102595,0.1104523705741064,0,0,1,85
2025-10-19,IPHONE_15_128,Apple,Smartphones,70000,52000,58511.63181616623,59012.4638883849,0.16411954548333962,0,0,1,85
2025-10-20,IPHONE_15_128,Apple,Smartphones,70000,52000,61691.46146425294,64139.11693770493,0.11869340765352944,1,0,0,78
2025-10-21,IPHONE_15_128,Apple,Smartphones,70000,52000,60398.09274586231,59271.14678916257,0.13717010363053836,1,0,0,75
2025-10-22,IPHONE_15_128,Apple,Smartphones,70000,52000,64557.13894915283,65733.30935372488,0.07775515786924526,1,0,0,93
2025-10-23,IPHONE_15_128,Apple,Smartphones,70000,52000,60446.407390806315,61736.23444358984,0.13647989441705266,1,0,0,101
2025-10-24,IPHONE_15_128,Apple,Smartphones,70000,52000,61485.79730213463,60213.64414295524,0.12163146711236242,1,0,0,96
2025-10-25,IPHONE_15_128,Apple,Smartphones,70000,52000,65129.03058323198,68020.28216700764,0.06958527738240028,1,0,1,95
2025-10-26,IPHONE_15_128,Apple,Smartphones,70000,52000,64824.02596949548,65497.51364381546,0.07394248615006456,1,0,1,81
2025-10-27,IPHONE_15_128,Apple,Smartphones,70000,52000,60493.46259509882,59817.506604950075,0.13580767721287404,1,0,0,86
2025-10-28,IPHONE_15_128,Apple,Smartphones,70000,52000,65965.45628183929,64443.15529655843,0.057636338830867426,1,0,0,72
2025-10-29,IPHONE_15_128,Apple,Smartphones,70000,52000,60377.06285766589,62505.07823319219,0.13747053060477293,1,0,0,93
2025-10-30,IPHONE_15_128,Apple,Smartphones,70000,52000,61994.674556870596,62111.175904777425,0.11436179204470581,1,0,0,87
2025-10-31,IPHONE_15_128,Apple,Smartphones,70000,52000,67804.4525435708,65693.36303767428,0.03136496366327413,0,0,0,59
2025-11-01,IPHONE_15_128,Apple,Smartphones,70000,52000,61008.53159464923,62478.69859477635,0.12844954864786814,1,0,1,104
2025-11-02,IPHONE_15_128,Apple,Smartphones,70000,52000,62540.624955022424,63605.67838924859,0.10656250064253678,1,0,1,87
2025-11-03,IPHONE_15_128,Apple,Smartphones,70000,52000,68547.74419477869,69064.69764718306,0.020746511503161508,1,0,0,70
2025-11-04,IPHONE_15_128,Apple,Smartphones,70000,52000,63959.25932967398,66824.63780346604,0.08629629529037175,1,0,0,78
2025-11-05,IPHONE_15_128,Apple,Smartphones,70000,52000,66824.58893459733,69064.50102191394,0.04536301522003818,1,0,0,77
2025-11-06,IPHONE_15_128,Apple,Smartphones,70000,52000,63052.37235738985,62156.48570250686,0.09925182346585931,1,0,0,76
2025-11-07,IPHONE_15_128,Apple,Smartphones,70000,52000,65873.35072768047,67058.71192256096,0.058952132461707524,1,0,0,82
2025-11-08,IPHONE_15_128,Apple,Smartphones,70000,52000,64448.11260737037,65982.767103362,0.07931267703756616,0,0,1,75
2025-11-09,IPHONE_15_128,Apple,Smartphones,70000,52000,64093.19996851263,64046.082587824545,0.08438285759267676,0,0,1,86
2025-11-10,IPHONE_15_128,Apple,Smartphones,70000,52000,64280.292827702026,64988.32690090298,0.08171010246139965,0,0,0,55
2025-11-11,IPHONE_15_128,Apple,Smartphones,70000,52000,67836.38291590924,71481.87069235831,0.030908815487010723,0,0,0,54
2025-11-12,IPHONE_15_128,Apple,Smartphones,70000,52000,66160.09780064454,68301.9058862216,0.05485574570507809,0,0,0,68
2025-11-13,IPHONE_15_128,Apple,Smartphones,70000,52000,66050.05202939747,67171.24202296094,0.056427828151464604,0,0,0,63
2025-11-14,IPHONE_15_128,Apple,Smartphones,70000,52000,67309.6161266223,68504.060114725,0.03843405533396705,0,0,0,64
2025-11-15,IPHONE_15_128,Apple,Smartphones,70000,52000,64853.95476425038,65292.00966719351,0.07351493193928021,0,0,1,69
2025-11-16,IPHONE_15_128,Apple,Smartphones,70000,52000,65765.85487326919,64171.35682300265,0.06048778752472582,0,0,1,68
2025-11-17,IPHONE_15_128,Apple,Smartphones,70000,52000,66369.00269152583,69752.35641024716,0.051871390121059416,0,0,0,59
2025-11-18,IPHONE_15_128,Apple,Smartphones,70000,52000,63005.991455996074,66201.01996365127,0.09991440777148464,0,0,0,59
2025-11-19,IPHONE_15_128,Apple,Smartphones,70000,52000,65825.11823917417,64813.45737701952,0.05964116801179747,0,0,0,54
2025-11-20,IPHONE_15_128,Apple,Smartphones,70000,52000,64316.49550276489,63721.61096147673,0.08119292138907291,1,0,0,68
2025-11-21,IPHONE_15_128,Apple,Smartphones,70000,52000,63827.22451611267,61982.78424292677,0.08818250691267618,1,0,0,99
2025-11-22,IPHONE_15_128,Apple,Smartphones,70000,52000,69284.65232430006,70625.40833233079,0.010219252509999055,1,0,1,78
2025-11-23,IPHONE_15_128,Apple,Smartphones,70000,52000,60302.197652247625,61536.91380684111,0.13854003353931962,1,0,1,98
2025-11-24,IPHONE_15_128,Apple,Smartphones,70000,52000,63032.09906432178,63782.18953898824,0.09954144193826028,1,0,0,78
2025-11-25,IPHONE_15_128,Apple,Smartphones,70000,52000,63985.06598111161,62363.50125684975,0.08592762884126273,1,0,0,72
2025-11-26,IPHONE_15_128,Apple,Smartphones,70000,52000,66202.04835934493,68909.86634698682,0.05425645200935817,1,0,0,88
2025-11-27,IPHONE_15_128,Apple,Smartphones,70000,52000,67076.16627344782,67216.34129163098,0.041769053236459734,1,0,0,83
2025-11-28,IPHONE_15_128,Apple,Smartphones,70000,52000,58717.64262704484,59882.1864616253,0.16117653389935932,1,0,0,82
2025-11-29,IPHONE_15_128,Apple,Smartphones,70000,52000,64072.82478328341,64469.32370333759,0.08467393166737988,1,0,1,101
2025-11-30,IPHONE_15_128,Apple,Smartphones,70000,52000,66325.67417824447,64781.557841701535,0.05249036888222176,1,0,1,90
2025-12-01,IPHONE_15_128,Apple,Smartphones,70000,52000,67103.248185126,64162.63187261942,0.04138216878391442,0,0,0,63
2025-12-02,IPHONE_15_128,Apple,Smartphones,70000,52000,64414.87373327274,66409.30440467587,0.07978751809610374,0,0,0,53
2025-12-03,IPHONE_15_128,Apple,Smartphones,70000,52000,62148.26261667997,62318.74377776743,0.11216767690457191,0,0,0,79
2025-12-04,IPHONE_15_128,Apple,Smartphones,70000,52000,66036.82161142548,68334.9729192228,0.0566168341224933,0,0,0,49
2025-12-05,IPHONE_15_128,Apple,Smartphones,70000,52000,63085.550883252516,62299.397702528746,0.09877784452496413,0,0,0,70
2025-12-06,IPHONE_15_128,Apple,Smartphones,70000,52000,64461.316048925604,66423.7865060876,0.07912405644391997,0,0,1,73
2025-12-07,IPHONE_15_128,Apple,Smartphones,70000,52000,64374.636081383724,62907.15794079968,0.08036234169451832,0,0,1,68
2025-12-08,IPHONE_15_128,Apple,Smartphones,70000,52000,65893.30489529025,66244.2340173859,0.05866707292442509,0,0,0,86
2025-12-09,IPHONE_15_128,Apple,Smartphones,70000,52000,64242.03768371521,61711.75812058674,0.0822566045183542,0,0,0,65
2025-12-10,IPHONE_15_128,Apple,Smartphones,70000,52000,67363.75211996071,69047.725897588,0.03766068400056123,0,0,0,65
2025-12-11,IPHONE_15_128,Apple,Smartphones,70000,52000,64922.93503377901,67991.72228751345,0.07252949951744272,0,0,0,49
2025-12-12,IPHONE_15_128,Apple,Smartphones,70000,52000,65902.8365256753,66063.52463336708,0.05853090677606711,0,0,0,69
2025-12-13,IPHONE_15_128,Apple,Smartphones,70000,52000,64006.59374642783,64651.533818254684,0.08562008933674527,0,0,1,81
2025-12-14,IPHONE_15_128,Apple,Smartphones,70000,52000,62073.59236816876,60390.00451180341,0.11323439474044633,0,0,1,76
2025-12-15,IPHONE_15_128,Apple,Smartphones,70000,52000,67748.85281111779,68045.65138598248,0.03215924555546026,0,0,0,59
2025-12-16,IPHONE_15_128,Apple,Smartphones,70000,52000,63073.41631589827,64901.21321591054,0.09895119548716758,0,0,0,76
2025-12-17,IPHONE_15_128,Apple,Smartphones,70000,52000,65812.45048178047,62207.50392289863,0.059822135974564816,0,0,0,72
2025-12-18,IPHONE_15_128,Apple,Smartphones,70000,52000,68023.33334349662,69015.38550055595,0.028238095092905487,0,0,0,82
2025-12-19,IPHONE_15_128,Apple,Smartphones,70000,52000,64107.02809738532,63188.5844300145,0.08418531289449536,0,0,0,67
2025-12-20,IPHONE_15_128,Apple,Smartphones,70000,52000,64466.89612179933,63607.44286873294,0.07904434111715239,0,0,1,63
2025-12-21,IPHONE_15_128,Apple,Smartphones,70000,52000,64823.71784681238,68245.93771409908,0.0739468879026802,0,0,1,69
2025-12-22,IPHONE_15_128,Apple,Smartphones,70000,52000,60795.632697640656,61085.439889840956,0.1314909614622763,0,0,0,81
2025-12-23,IPHONE_15_128,Apple,Smartphones,70000,52000,65883.75807235531,69550.20520820629,0.058803456109209756,0,0,0,60
2025-12-24,IPHONE_15_128,Apple,Smartphones,70000,52000,59114.59487749951,58810.576019159555,0.1555057874642926,0,0,0,81
2025-12-25,IPHONE_15_128,Apple,Smartphones,70000,52000,61210.73384097295,64212.372335696346,0.12556094512895793,0,0,0,57
2025-12-26,IPHONE_15_128,Apple,Smartphones,70000,52000,63273.068249799166,62833.77066119059,0.09609902500286907,0,0,0,70
2025-12-27,IPHONE_15_128,Apple,Smartphones,70000,52000,65295.037800714665,66249.45586753423,0.06721374570407619,0,0,1,57
2025-12-28,IPHONE_15_128,Apple,Smartphones,70000,52000,67700.45940934775,66732.99608404766,0.03285057986646062,0,0,1,66
2025-12-29,IPHONE_15_128,Apple,Smartphones,70000,52000,66964.93190757075,68533.00410242146,0.04335811560613211,0,0,0,57
2025-12-30,IPHONE_15_128,Apple,Smartphones,70000,52000,61495.024821075654,63215.27636139998,0.1214996454132049,0,0,0,67
2025-12-31,IPHONE_15_128,Apple,Smartphones,70000,52000,61959.683169775744,61407.01040366835,0.11486166900320358,0,0,0,76
2026-01-01,IPHONE_15_128,Apple,Smartphones,70000,52000,65190.56560516323,65433.67260583602,0.06870620564052525,0,0,0,71
2026-01-02,IPHONE_15_128,Apple,Smartphones,70000,52000,63283.07495840006,67341.10584992124,0.09595607202285628,0,0,0,79
2026-01-03,IPHONE_15_128,Apple,Smartphones,70000,52000,64260.317844002144,65334.41665269711,0.08199545937139796,0,0,1,78
2026-01-04,IPHONE_15_128,Apple,Smartphones,70000,52000,63081.1746063284,65403.36191767689,0.09884036276673716,0,0,1,66
2026-01-05,IPHONE_15_128,Apple,Smartphones,70000,52000,66959.78252535153,64337.710110807326,0.04343167820926382,0,0,0,65
2026-01-06,IPHONE_15_128,Apple,Smartphones,70000,52000,64942.071377785134,65142.071364570314,0.07225612317449798,0,0,0,81
2026-01-07,IPHONE_15_128,Apple,Smartphones,70000,52000,62291.839953518625,62006.734190957715,0.1101165720925911,0,0,0,88
2026-01-08,IPHONE_15_128,Apple,Smartphones,70000,52000,65009.293259149694,68271.6961897482,0.07129581058357586,0,0,0,79
2026-01-09,IPHONE_15_128,Apple,Smartphones,70000,52000,62775.94089176484,65245.348438570734,0.10320084440335944,0,0,0,64
2026-01-10,IPHONE_15_128,Apple,Smartphones,70000,52000,63420.76451820603,63022.23335892605,0.09398907831134246,0,0,1,87
2026-01-11,IPHONE_15_128,Apple,Smartphones,70000,52000,61366.206474987586,62012.50243898831,0.12333990750017726,0,0,1,88
2026-01-12,IPHONE_15_128,Apple,Smartphones,70000,52000,63810.15471025301,68598.60130792813,0.0884263612820999,0,0,0,67
2026-01-13,IPHONE_15_128,Apple,Smartphones,70000,52000,62554.31302829389,63775.93368160973,0.10636695673865865,0,0,0,78
2026-01-14,IPHONE_15_128,Apple,Smartphones,70000,52000,64739.21716076024,63405.10659765102,0.07515404056056792,0,0,0,58
2026-01-15,IPHONE_15_128,Apple,Smartphones,70000,52000,65822.28245202158,67449.04462606512,0.05968167925683471,0,0,0,71
2026-01-16,IPHONE_15_128,Apple,Smartphones,70000,52000,67329.9135019862,68751.58911685643,0.038144092828768544,0,0,0,64
2026-01-17,IPHONE_15_128,Apple,Smartphones,70000,52000,64728.34205834865,65399.394041248415,0.07530939916644788,0,0,1,85
2026-01-18,IPHONE_15_128,Apple,Smartphones,70000,52000,66323.00086705148,68061.12847011998,0.0525285590421216,0,0,1,97
2026-01-19,IPHONE_15_128,Apple,Smartphones,70000,52000,66574.35583561515,66512.01178024695,0.0489377737769265,0,0,0,64
2026-01-20,IPHONE_15_128,Apple,Smartphones,70000,52000,60168.93856447816,60169.48582261326,0.14044373479316918,0,0,0,92
2026-01-21,IPHONE_15_128,Apple,Smartphones,70000,52000,67874.99604568593,65565.87372738268,0.030357199347343884,0,0,0,73
2026-01-22,IPHONE_15_128,Apple,Smartphones,70000,52000,68137.85797069673,70969.98095828822,0.026602028990046683,0,0,0,75
2026-01-23,IPHONE_15_128,Apple,Smartphones,70000,52000,65752.0524574365,70614.74432270674,0.06068496489376436,0,0,0,75
2026-01-24,IPHONE_15_128,Apple,Smartphones,70000,52000,60621.8306162087,64268.374504029875,0.13397384833987566,0,0,1,87
2026-01-25,IPHONE_15_128,Apple,Smartphones,70000,52000,61891.04681176192,63426.760108635564,0.11584218840340119,0,0,1,77
2026-01-26,IPHONE_15_128,Apple,Smartphones,70000,52000,66404.58726438465,67063.0311507381,0.05136303908021925,0,0,0,53
2026-01-27,IPHONE_15_128,Apple,Smartphones,70000,52000,62693.85075373105,64818.083315527896,0.10437356066098505,0,0,0,84
2026-01-28,IPHONE_15_128,Apple,Smartphones,70000,52000,67197.1383296271,67543.77567607186,0.04004088100532732,0,0,0,65
2026-01-29,IPHONE_15_128,Apple,Smartphones,70000,52000,64602.56768031461,65051.96331586174,0.07710617599550552,0,0,0,76
2026-01-30,IPHONE_15_128,Apple,Smartphones,70000,52000,66909.25771960655,70679.74923072413,0.044153461148477825,0,0,0,74
2026-01-31,IPHONE_15_128,Apple,Smartphones,70000,52000,64954.88604218209,64046.42824545961,0.07207305654025588,0,0,1,89
2026-02-01,IPHONE_15_128,Apple,Smartphones,70000,52000,59782.763550460215,62687.07525975168,0.14596052070771132,0,0,1,79
2026-02-02,IPHONE_15_128,Apple,Smartphones,70000,52000,64054.828695067554,61863.44996654967,0.08493101864189213,0,0,0,70
2026-02-03,IPHONE_15_128,Apple,Smartphones,70000,52000,65541.7894295772,63584.21500793545,0.06368872243461152,0,0,0,84
2026-02-04,IPHONE_15_128,Apple,Smartphones,70000,52000,63141.6797389042,62932.205890928795,0.09797600372994009,0,0,0,76
2026-02-05,IPHONE_15_128,Apple,Smartphones,70000,52000,64467.41151737406,67968.3974574186,0.07903697832322773,0,0,0,73
2026-02-06,IPHONE_15_128,Apple,Smartphones,70000,52000,65875.41954788637,67306.19126317,0.05892257788733768,0,0,0,76
2026-02-07,IPHONE_15_128,Apple,Smartphones,70000,52000,62523.10331795751,65066.12616916592,0.10681280974346416,0,0,1,107
2026-02-08,IPHONE_15_128,Apple,Smartphones,70000,52000,64645.37748737588,64962.66710063816,0.07649460732320165,0,0,1,74
2026-02-09,IPHONE_15_128,Apple,Smartphones,70000,52000,64954.873285158734,66200.9765166249,0.07207323878344657,0,0,0,69
2026-02-10,IPHONE_15_128,Apple,Smartphones,70000,52000,60742.91300604917,60938.62120330928,0.13224409991358327,0,0,0,64
2026-02-11,IPHONE_15_128,Apple,Smartphones,70000,52000,70000.0,72247.07944363184,0.0,0,0,0,64
2026-02-12,IPHONE_15_128,Apple,Smartphones,70000,52000,64235.87274279907,65706.77661851356,0.08234467510287052,0,0,0,93
2026-02-13,IPHONE_15_128,Apple,Smartphones,70000,52000,68228.23734937204,68008.11143185817,0.025310895008971004,0,0,0,64
2026-02-14,IPHONE_15_128,Apple,Smartphones,70000,52000,63680.78306619176,62157.886106559534,0.09027452762583203,0,0,1,83
2026-02-15,IPHONE_15_128,Apple,Smartphones,70000,52000,68357.0729489685,71031.09800393728,0.023470386443307165,0,0,1,64
2026-02-16,IPHONE_15_128,Apple,Smartphones,70000,52000,66199.74936315522,65520.78415050583,0.054289294812068276,0,0,0,84
2026-02-17,IPHONE_15_128,Apple,Smartphones,70000,52000,66888.76345649708,67660.79331322489,0.044446236335756104,0,0,0,83
2026-02-18,IPHONE_15_128,Apple,Smartphones,70000,52000,63967.7181895708,64020.44703701128,0.08617545443470288,0,0,0,79
2026-02-19,IPHONE_15_128,Apple,Smartphones,70000,52000,67026.74057936473,62801.79296019351,0.042475134580503754,0,0,0,83
2026-02-20,IPHONE_15_128,Apple,Smartphones,70000,52000,70000.0,68932.97126675761,0.0,0,0,0,72
2026-02-21,IPHONE_15_128,Apple,Smartphones,70000,52000,64349.055416195246,63821.38843014953,0.08072777976863928,0,0,1,92
2026-02-22,IPHONE_15_128,Apple,Smartphones,70000,52000,65982.61223885512,65324.118954263766,0.05739125373064126,0,0,1,71
2026-02-23,IPHONE_15_128,Apple,Smartphones,70000,52000,64099.457725812754,67343.9775072386,0.08429346105981785,0,0,0,71
2026-02-24,IPHONE_15_128,Apple,Smartphones,70000,52000,62236.38104598947,62737.63722012836,0.11090884220015057,0,0,0,82
2026-02-25,IPHONE_15_128,Apple,Smartphones,70000,52000,63668.055374504074,63108.1090730612,0.09045635179279903,0,0,0,88
2026-02-26,IPHONE_15_128,Apple,Smartphones,70000,52000,64122.487494182475,62458.06332717896,0.08396446436882175,0,0,0,72
2026-02-27,IPHONE_15_128,Apple,Smartphones,70000,52000,59810.42044826701,62023.47787561795,0.1455654221676141,0,0,0,95
2026-02-28,IPHONE_15_128,Apple,Smartphones,70000,52000,64233.75399920786,66245.51290081997,0.08237494286845912,0,0,1,74
2026-03-01,IPHONE_15_128,Apple,Smartphones,70000,52000,65976.69708917777,68335.29938195141,0.057475755868888825,0,0,1,70
2026-03-02,IPHONE_15_128,Apple,Smartphones,70000,52000,66740.05031940591,68114.226396424,0.04657070972277264,0,0,0,73
2026-03-03,IPHONE_15_128,Apple,Smartphones,70000,52000,64340.66233115174,67255.64910179065,0.08084768098354654,0,0,0,82
2026-03-04,IPHONE_15_128,Apple,Smartphones,70000,52000,64858.50344926114,67105.41279187481,0.0734499507248408,0,0,0,67
2026-03-05,IPHONE_15_128,Apple,Smartphones,70000,52000,61490.90417366636,66086.67845947744,0.12155851180476629,0,0,0,89
2026-03-06,IPHONE_15_128,Apple,Smartphones,70000,52000,63923.75846113553,63998.60312579075,0.08680345055520676,0,0,0,70
2026-03-07,IPHONE_15_128,Apple,Smartphones,70000,52000,63987.27060813944,66734.88006580994,0.0858961341694365,0,0,1,91
2026-03-08,IPHONE_15_128,Apple,Smartphones,70000,52000,61173.06808501733,61604.23341485943,0.1260990273568953,0,0,1,90
2026-03-09,IPHONE_15_128,Apple,Smartphones,70000,52000,61222.36336092528,61799.58607404897,0.12539480912963882,0,0,0,80
2026-03-10,IPHONE_15_128,Apple,Smartphones,70000,52000,62340.480935063846,63815.97658403993,0.10942170092765936,0,0,0,68
2026-03-11,IPHONE_15_128,Apple,Smartphones,70000,52000,65359.80746515736,64506.19173824088,0.06628846478346623,0,0,0,76
2026-03-12,IPHONE_15_128,Apple,Smartphones,70000,52000,61417.961623977535,64368.04451259017,0.12260054822889238,0,0,0,80
2026-03-13,IPHONE_15_128,Apple,Smartphones,70000,52000,63410.86127867531,64006.61328545187,0.09413055316178133,0,0,0,84
2026-03-14,IPHONE_15_128,Apple,Smartphones,70000,52000,67288.64748834152,69959.46745570892,0.03873360730940691,0,0,1,85
2026-03-15,IPHONE_15_128,Apple,Smartphones,70000,52000,63705.94471471196,63930.65951333018,0.08991507550411498,0,0,1,79
2026-03-16,IPHONE_15_128,Apple,Smartphones,70000,52000,62265.32162122975,60792.77839528695,0.11049540541100356,0,0,0,88
2026-03-17,IPHONE_15_128,Apple,Smartphones,70000,52000,66850.81174528366,66386.62482683976,0.04498840363880488,0,0,0,79
2026-03-18,IPHONE_15_128,Apple,Smartphones,70000,52000,63540.956256779784,64953.4512702999,0.09227205347457458,0,0,0,89
2026-03-19,IPHONE_15_128,Apple,Smartphones,70000,52000,63395.94429052515,63647.5348126339,0.09434365299249795,0,0,0,86
2026-03-20,IPHONE_15_128,Apple,Smartphones,70000,52000,64724.9526786373,63795.293127204866,0.07535781887660993,0,0,0,78
2026-03-21,IPHONE_15_128,Apple,Smartphones,70000,52000,69723.04038773439,71897.39118714674,0.003956565889508726,0,0,1,75
2026-03-22,IPHONE_15_128,Apple,Smartphones,70000,52000,63586.64819010591,64525.34557496795,0.09161931156991551,0,0,1,81
2026-03-23,IPHONE_15_128,Apple,Smartphones,70000,52000,63142.89079446859,63364.606514444575,0.0979587029361629,0,0,0,89
2026-03-24,IPHONE_15_128,Apple,Smartphones,70000,52000,66691.82482000926,69169.39629444956,0.04725964542843916,0,0,0,85
2026-03-25,IPHONE_15_128,Apple,Smartphones,70000,52000,63500.14608216672,67053.27084304701,0.09285505596904692,0,0,0,67
2026-03-26,IPHONE_15_128,Apple,Smartphones,70000,52000,64447.57803442494,64603.57374695239,0.07932031379392936,0,0,0,74
2026-03-27,IPHONE_15_128,Apple,Smartphones,70000,52000,66981.52192690856,65863.2605260433,0.043121115329877606,0,0,0,82
2026-03-28,IPHONE_15_128,Apple,Smartphones,70000,52000,62071.746399664735,65346.9828499309,0.11326076571907515,0,0,1,104
2026-03-29,IPHONE_15_128,Apple,Smartphones,70000,52000,64655.9005854168,65029.576577490174,0.0763442773511885,0,0,1,94
2026-03-30,IPHONE_15_128,Apple,Smartphones,70000,52000,64228.3722003727,66736.29472416284,0.08245182570896135,0,0,0,63
2026-03-31,IPHONE_15_128,Apple,Smartphones,70000,52000,66672.0151787669,67736.0488414306,0.04754264030332991,0,0,0,81
2026-04-01,IPHONE_15_128,Apple,Smartphones,70000,52000,63935.52503933308,66174.94047764775,0.08663535658095602,0,0,0,81
2026-04-02,IPHONE_15_128,Apple,Smartphones,70000,52000,66002.48542366219,63641.85225062769,0.057107351090540166,0,0,0,85
2026-04-03,IPHONE_15_128,Apple,Smartphones,70000,52000,64736.74886083785,66926.26635590027,0.07518930198803078,0,0,0,82
2026-04-04,IPHONE_15_128,Apple,Smartphones,70000,52000,60382.086903040086,62106.187938546434,0.13739875852799877,0,0,1,86
2026-04-05,IPHONE_15_128,Apple,Smartphones,70000,52000,65002.85309591837,64282.54576290326,0.0713878129154518,0,0,1,85
2026-04-06,IPHONE_15_128,Apple,Smartphones,70000,52000,64098.14822337801,65622.85949002347,0.084312168237457,0,0,0,87
2026-04-07,IPHONE_15_128,Apple,Smartphones,70000,52000,65925.4909362494,66905.48564627113,0.05820727233929418,0,0,0,71
2026-04-08,IPHONE_15_128,Apple,Smartphones,70000,52000,65898.83427271796,66496.80557167799,0.05858808181831501,0,0,0,66
2026-04-09,IPHONE_15_128,Apple,Smartphones,70000,52000,67845.47778599599,68382.97413181413,0.03077888877148581,0,0,0,77
2026-04-10,IPHONE_15_128,Apple,Smartphones,70000,52000,64198.02260531046,62500.704728587225,0.08288539135270762,0,0,0,72
2026-04-11,IPHONE_15_128,Apple,Smartphones,70000,52000,65157.56223877216,64583.92091589589,0.06917768230325477,0,0,1,94
2026-04-12,IPHONE_15_128,Apple,Smartphones,70000,52000,68994.17255063208,69882.5175049514,0.014368963562398931,0,0,1,95
2026-04-13,IPHONE_15_128,Apple,Smartphones,70000,52000,63877.668260817656,63315.59375554781,0.08746188198831913,0,0,0,68
2026-04-14,IPHONE_15_128,Apple,Smartphones,70000,52000,61763.78251043343,62414.32753637558,0.11766024985095094,0,0,0,84
2026-04-15,IPHONE_15_128,Apple,Smartphones,70000,52000,66135.59657893064,64294.19243458087,0.0552057631581338,0,0,0,75
2026-04-16,IPHONE_15_128,Apple,Smartphones,70000,52000,63745.53970502187,65193.71888125313,0.08934943278540192,0,0,0,84
2026-04-17,IPHONE_15_128,Apple,Smartphones,70000,52000,65583.49957662442,66480.01455837581,0.06309286319107962,0,0,0,71
2026-04-18,IPHONE_15_128,Apple,Smartphones,70000,52000,60450.05946077421,62409.90980465274,0.13642772198893985,0,0,1,80
2026-04-19,IPHONE_15_128,Apple,Smartphones,70000,52000,69671.94773325679,69116.04689882796,0.004686460953474317,0,0,1,66
2026-04-20,IPHONE_15_128,Apple,Smartphones,70000,52000,64721.57956937615,65493.14474651922,0.07540600615176933,0,0,0,64
2026-04-21,IPHONE_15_128,Apple,Smartphones,70000,52000,63986.796053681515,65333.62316951407,0.08590291351883547,0,0,0,85
2026-04-22,IPHONE_15_128,Apple,Smartphones,70000,52000,64641.540924096436,65318.418050162225,0.07654941537005085,0,0,0,83
2026-04-23,IPHONE_15_128,Apple,Smartphones,70000,52000,62064.81524691255,63130.97110603606,0.11335978218696358,0,0,0,90
2026-04-24,IPHONE_15_128,Apple,Smartphones,70000,52000,67202.12920793562,68056.53658437422,0.039969582743776835,0,0,0,70
2026-04-25,IPHONE_15_128,Apple,Smartphones,70000,52000,65744.37602396535,66554.42053651823,0.06079462822906635,0,0,1,71
2026-04-26,IPHONE_15_128,Apple,Smartphones,70000,52000,61299.01578988149,60584.61430534283,0.12429977443026452,0,0,1,96
2026-04-27,IPHONE_15_128,Apple,Smartphones,70000,52000,65983.25690911732,69571.6093462237,0.057382044155466896,0,0,0,82
2026-04-28,IPHONE_15_128,Apple,Smartphones,70000,52000,61948.573320794705,61529.45992419287,0.11502038113150424,0,0,0,82
2026-04-29,IPHONE_15_128,Apple,Smartphones,70000,52000,63692.70060826436,64744.14263781321,0.090104277024795,0,0,0,96
2026-04-30,IPHONE_15_128,Apple,Smartphones,70000,52000,62455.95263464708,60350.3564084753,0.10777210521932745,0,0,0,79
2026-05-01,IPHONE_15_128,Apple,Smartphones,70000,52000,61870.26179936294,64231.702962011805,0.11613911715195802,0,0,0,81
2026-05-02,IPHONE_15_128,Apple,Smartphones,70000,52000,67108.97643779054,67419.48794322764,0.041300336602992246,0,0,1,94
2026-05-03,IPHONE_15_128,Apple,Smartphones,70000,52000,61189.74357200696,63936.679369973004,0.1258608061141863,0,0,1,87
2026-05-04,IPHONE_15_128,Apple,Smartphones,70000,52000,68524.42357094133,67829.12326215756,0.021079663272266735,0,0,0,77
2026-05-05,IPHONE_15_128,Apple,Smartphones,70000,52000,67424.1547361058,67099.73623634843,0.036797789484202724,0,0,0,79
2026-05-06,IPHONE_15_128,Apple,Smartphones,70000,52000,65560.90640032374,66192.8278648689,0.06341562285251794,0,0,0,77
2026-05-07,IPHONE_15_128,Apple,Smartphones,70000,52000,65469.14543179009,65944.43538125874,0.0647264938315701,0,0,0,67
2026-05-08,IPHONE_15_128,Apple,Smartphones,70000,52000,65034.0503535344,68283.55337167323,0.07094213780665141,0,0,0,72
2026-05-09,IPHONE_15_128,Apple,Smartphones,70000,52000,62692.46170894869,62796.18718655745,0.10439340415787575,0,0,1,91
2026-05-10,IPHONE_15_128,Apple,Smartphones,70000,52000,64662.890252810364,66033.28591628837,0.076244424959852,0,0,1,82
2026-05-11,IPHONE_15_128,Apple,Smartphones,70000,52000,67325.11626567769,68238.95894019301,0.03821262477603306,0,0,0,76
2026-05-12,IPHONE_15_128,Apple,Smartphones,70000,52000,62836.77480147015,64251.92883655099,0.1023317885504265,0,0,0,80
2026-05-13,IPHONE_15_128,Apple,Smartphones,70000,52000,66330.07019217519,65963.84927483094,0.052427568683211634,0,0,0,58
2026-05-14,IPHONE_15_128,Apple,Smartphones,70000,52000,69249.28453542068,71236.58363409594,0.01072450663684743,0,0,0,73
2026-05-15,IPHONE_15_128,Apple,Smartphones,70000,52000,59318.497459112565,58548.26961970452,0.1525928934412491,0,0,0,88
2026-05-16,IPHONE_15_128,Apple,Smartphones,70000,52000,61702.6488942535,65340.556017714254,0.11853358722495,0,0,1,93
2026-05-17,IPHONE_15_128,Apple,Smartphones,70000,52000,65540.01061911113,66021.81431864797,0.06371413401269813,0,0,1,82
2026-05-18,IPHONE_15_128,Apple,Smartphones,70000,52000,63778.33782933829,65161.838535364936,0.08888088815231007,0,0,0,80
2026-05-19,IPHONE_15_128,Apple,Smartphones,70000,52000,63645.276178214954,63658.56440903805,0.09078176888264358,0,0,0,68
2026-05-20,IPHONE_15_128,Apple,Smartphones,70000,52000,62877.14886985268,62924.91925546991,0.10175501614496178,0,0,0,100
2026-05-21,IPHONE_15_128,Apple,Smartphones,70000,52000,63476.10403493964,64064.42784014347,0.09319851378657654,0,0,0,79
2026-05-22,IPHONE_15_128,Apple,Smartphones,70000,52000,68743.92954710686,71600.10491105448,0.017943863612759146,0,0,0,66
2026-05-23,IPHONE_15_128,Apple,Smartphones,70000,52000,65859.37017040656,68780.95455097174,0.05915185470847778,0,0,1,82
2026-05-24,IPHONE_15_128,Apple,Smartphones,70000,52000,61812.66081778817,62775.76220797598,0.11696198831731182,0,0,1,99
2026-05-25,IPHONE_15_128,Apple,Smartphones,70000,52000,63038.76905829155,63810.333145817815,0.0994461563101207,0,0,0,71
2026-05-26,IPHONE_15_128,Apple,Smartphones,70000,52000,64877.52528686407,67365.20549295729,0.07317821018765616,0,0,0,76
2026-05-27,IPHONE_15_128,Apple,Smartphones,70000,52000,62793.043097502086,63726.6754851676,0.10295652717854165,0,0,0,85
2026-05-28,IPHONE_15_128,Apple,Smartphones,70000,52000,66293.55028616784,67631.10932066926,0.05294928162617368,0,0,0,69
2026-05-29,IPHONE_15_128,Apple,Smartphones,70000,52000,65935.45720024541,68016.36946944948,0.058064897139351215,0,0,0,79
2026-05-30,IPHONE_15_128,Apple,Smartphones,70000,52000,62623.51532222241,64057.872947248194,0.1053783525396799,0,0,1,93
2026-05-31,IPHONE_15_128,Apple,Smartphones,70000,52000,62438.99666319218,64240.81647545671,0.10801433338296888,0,0,1,91
2026-06-01,IPHONE_15_128,Apple,Smartphones,70000,52000,63538.951891523124,65874.24702316559,0.0923006872639554,0,0,0,64
2026-06-02,IPHONE_15_128,Apple,Smartphones,70000,52000,64799.51406166222,64240.77596711122,0.07429265626196827,0,0,0,74
2026-06-03,IPHONE_15_128,Apple,Smartphones,70000,52000,66341.42880644991,66494.07789717257,0.052265302765001354,0,0,0,74
2026-06-04,IPHONE_15_128,Apple,Smartphones,70000,52000,64397.04658536255,63725.564685234465,0.08004219163767785,0,0,0,85
2026-06-05,IPHONE_15_128,Apple,Smartphones,70000,52000,68338.52166770399,67718.81978921748,0.0237354047470859,0,0,0,64
2026-06-06,IPHONE_15_128,Apple,Smartphones,70000,52000,62367.786637267214,62689.25182194719,0.1090316194676112,0,0,1,81
2026-06-07,IPHONE_15_128,Apple,Smartphones,70000,52000,62843.22582598739,61524.68320513408,0.10223963105732292,0,0,1,81
2026-06-08,IPHONE_15_128,Apple,Smartphones,70000,52000,70000.0,71021.73670331897,0.0,0,0,0,70
2026-06-09,IPHONE_15_128,Apple,Smartphones,70000,52000,63886.33443257717,63739.9769325418,0.08733807953461191,0,0,0,70
2026-06-10,IPHONE_15_128,Apple,Smartphones,70000,52000,63232.92346507726,64664.31159693963,0.09667252192746767,0,0,0,79
2026-06-11,IPHONE_15_128,Apple,Smartphones,70000,52000,63438.580880412024,63265.768435850325,0.09373455885125685,0,0,0,71
2026-06-12,IPHONE_15_128,Apple,Smartphones,70000,52000,66102.04717116819,66086.7074671178,0.05568504041188296,0,0,0,76
2026-06-13,IPHONE_15_128,Apple,Smartphones,70000,52000,66414.92883433639,68940.40742246633,0.05121530236662298,0,0,1,58
2026-06-14,IPHONE_15_128,Apple,Smartphones,70000,52000,65203.34205545665,66108.34925709815,0.06852368492204787,0,0,1,90
2026-06-15,IPHONE_15_128,Apple,Smartphones,70000,52000,62378.50925156429,61650.037089504105,0.10887843926336721,0,0,0,74
2026-06-16,IPHONE_15_128,Apple,Smartphones,70000,52000,67697.38376250937,66987.81725688401,0.03289451767843748,0,0,0,80
2026-06-17,IPHONE_15_128,Apple,Smartphones,70000,52000,63756.724743945284,64702.85845869137,0.08918964651506738,0,0,0,74
2026-06-18,IPHONE_15_128,Apple,Smartphones,70000,52000,63443.36111767422,63914.07635518857,0.09366626974751113,0,0,0,62
2026-06-19,IPHONE_15_128,Apple,Smartphones,70000,52000,70000.0,70465.01146617396,0.0,0,0,0,70
2026-06-20,IPHONE_15_128,Apple,Smartphones,70000,52000,62034.77616275163,64572.201240257884,0.11378891196069098,0,0,1,106
2026-06-21,IPHONE_15_128,Apple,Smartphones,70000,52000,65913.24714381415,66051.54490838324,0.05838218365979775,0,0,1,86
2026-06-22,IPHONE_15_128,Apple,Smartphones,70000,52000,64741.64337541845,64660.40998826133,0.07511938035116501,0,0,0,95
2026-06-23,IPHONE_15_128,Apple,Smartphones,70000,52000,67937.44429952718,64716.90210238755,0.029465081435326036,0,0,0,61
2026-06-24,IPHONE_15_128,Apple,Smartphones,70000,52000,65644.94348423592,66058.8671521569,0.06221509308234412,0,0,0,80
2026-06-25,IPHONE_15_128,Apple,Smartphones,70000,52000,63599.475326724314,64713.22037050111,0.09143606676108121,0,0,0,67
2026-06-26,IPHONE_15_128,Apple,Smartphones,70000,52000,61854.176120820346,62355.559443952734,0.11636891255970941,0,0,0,70
2026-06-27,IPHONE_15_128,Apple,Smartphones,70000,52000,68206.70897673936,70283.41511350671,0.025618443189437748,0,0,1,63
2026-06-28,IPHONE_15_128,Apple,Smartphones,70000,52000,66530.674549123,69067.87967881827,0.0495617921553857,0,0,1,80
2026-06-29,IPHONE_15_128,Apple,Smartphones,70000,52000,66606.52079988728,68335.61263467402,0.04847827428732459,0,0,0,82
2026-06-30,IPHONE_15_128,Apple,Smartphones,70000,52000,65733.07930517977,66122.88812310228,0.06095600992600326,0,0,0,59
2026-07-01,IPHONE_15_128,Apple,Smartphones,70000,52000,62584.9803537207,62407.84363288573,0.10592885208970441,0,0,0,72
2026-07-02,IPHONE_15_128,Apple,Smartphones,70000,52000,64960.06979258305,63994.845371189374,0.07199900296309936,0,0,0,72
2026-07-03,IPHONE_15_128,Apple,Smartphones,70000,52000,58489.09221704836,60221.25295293782,0.16444153975645207,0,0,0,88
2026-07-04,IPHONE_15_128,Apple,Smartphones,70000,52000,62647.31577716895,64398.59913356765,0.10503834604044354,0,0,1,70
2026-07-05,IPHONE_15_128,Apple,Smartphones,70000,52000,62751.48997188129,64307.43533856735,0.1035501432588387,0,0,1,69
2026-07-06,IPHONE_15_128,Apple,Smartphones,70000,52000,64150.45207660813,67276.21517222903,0.08356497033416954,0,0,0,69
2026-07-07,IPHONE_15_128,Apple,Smartphones,70000,52000,63996.33593897054,64717.71495993875,0.08576662944327809,0,0,0,83
2026-07-08,IPHONE_15_128,Apple,Smartphones,70000,52000,63975.3129222925,65005.24060588018,0.08606695825296429,0,0,0,81
2026-07-09,IPHONE_15_128,Apple,Smartphones,70000,52000,68322.21474726746,67590.31810362743,0.023968360753321954,0,0,0,51
2026-07-10,IPHONE_15_128,Apple,Smartphones,70000,52000,64652.974162365164,62643.57781020287,0.07638608339478334,0,0,0,78
2026-07-11,IPHONE_15_128,Apple,Smartphones,70000,52000,64348.828103674896,65363.44970784798,0.08073102709035866,0,0,1,102
2026-07-12,IPHONE_15_128,Apple,Smartphones,70000,52000,67487.40367467282,67122.3619325733,0.03589423321895969,0,0,1,64
2026-07-13,IPHONE_15_128,Apple,Smartphones,70000,52000,61259.97270224077,62726.67590817079,0.1248575328251319,0,0,0,79
2026-07-14,IPHONE_15_128,Apple,Smartphones,70000,52000,63179.356716182876,65611.99735370341,0.09743776119738748,0,0,0,71
2026-07-15,IPHONE_15_128,Apple,Smartphones,70000,52000,66386.60090246533,64963.308925901445,0.05161998710763816,0,0,0,83
2026-07-16,IPHONE_15_128,Apple,Smartphones,70000,52000,61981.0304343567,62483.15267100257,0.11455670808061857,0,0,0,81
2026-07-17,IPHONE_15_128,Apple,Smartphones,70000,52000,66446.10010899356,70581.60358716722,0.05076999844294919,0,0,0,69
2026-07-18,IPHONE_15_128,Apple,Smartphones,70000,52000,59442.16476288738,60046.6913475337,0.1508262176730374,0,0,1,69
2026-07-19,IPHONE_15_128,Apple,Smartphones,70000,52000,64841.9596203179,67715.83385051585,0.07368629113831572,0,0,1,77
2026-07-20,IPHONE_15_128,Apple,Smartphones,70000,52000,67888.69502350285,68115.01500732033,0.030161499664244917,0,0,0,76
2026-07-21,IPHONE_15_128,Apple,Smartphones,70000,52000,68315.40466211518,69787.89652641525,0.024065647684068832,0,0,0,64
2026-07-22,IPHONE_15_128,Apple,Smartphones,70000,52000,63935.21988935453,63516.47268574157,0.08663971586636385,0,0,0,78
2026-07-23,IPHONE_15_128,Apple,Smartphones,70000,52000,59979.34713102248,60292.8834825167,0.14315218384253603,0,0,0,71
2026-07-24,IPHONE_15_128,Apple,Smartphones,70000,52000,66743.26912320413,68198.9502979377,0.04652472681136969,0,0,0,69
2026-07-25,IPHONE_15_128,Apple,Smartphones,70000,52000,65166.99217478173,65817.50767209877,0.0690429689316896,0,0,1,90
2026-07-26,IPHONE_15_128,Apple,Smartphones,70000,52000,67463.49894822581,69157.70191480212,0.03623572931105989,0,0,1,67
2026-07-27,IPHONE_15_128,Apple,Smartphones,70000,52000,65551.60326201077,66642.8379002848,0.06354852482841744,0,0,0,67
2026-07-28,IPHONE_15_128,Apple,Smartphones,70000,52000,59255.68161654203,59482.29652584476,0.15349026262082804,0,0,0,66
2026-07-29,IPHONE_15_128,Apple,Smartphones,70000,52000,62576.72966982515,62918.986564095736,0.10604671900249779,0,0,0,80
2026-07-30,IPHONE_15_128,Apple,Smartphones,70000,52000,60921.97263894159,60616.71766423828,0.1296861051579773,0,0,0,77
2026-07-31,IPHONE_15_128,Apple,Smartphones,70000,52000,66077.343073112,68044.17747779969,0.05603795609839986,0,0,0,69
2025-01-01,IPHONE_15_256,Apple,Smartphones,80000,60000,76991.28140198618,79167.75586424417,0.03760898247517266,0,0,0,28
2025-01-02,IPHONE_15_256,Apple,Smartphones,80000,60000,74739.70167619498,76769.47961115219,0.06575372904756269,0,0,0,52
2025-01-03,IPHONE_15_256,Apple,Smartphones,80000,60000,68065.96636335664,66084.83560381802,0.149175420458042,0,0,0,44
2025-01-04,IPHONE_15_256,Apple,Smartphones,80000,60000,76116.59533530477,74346.2876906724,0.04854255830869051,0,0,1,50
2025-01-05,IPHONE_15_256,Apple,Smartphones,80000,60000,73957.1375370571,77490.7262378303,0.0755357807867863,0,0,1,42
2025-01-06,IPHONE_15_256,Apple,Smartphones,80000,60000,77106.70164435674,78578.73003784879,0.03616622944554083,0,0,0,34
2025-01-07,IPHONE_15_256,Apple,Smartphones,80000,60000,80000.0,81197.896293593,0.0,0,0,0,32
2025-01-08,IPHONE_15_256,Apple,Smartphones,80000,60000,71695.39490473874,74549.78127963553,0.10380756369076574,0,0,0,34
2025-01-09,IPHONE_15_256,Apple,Smartphones,80000,60000,78580.04523521825,79993.80206107626,0.017749434559771904,0,0,0,35
2025-01-10,IPHONE_15_256,Apple,Smartphones,80000,60000,72626.50584609265,72468.12820055417,0.09216867692384177,0,0,0,41
2025-01-11,IPHONE_15_256,Apple,Smartphones,80000,60000,76644.28862881585,75330.17415063658,0.041946392139801905,0,0,1,36
2025-01-12,IPHONE_15_256,Apple,Smartphones,80000,60000,71697.7548077218,70355.58352936455,0.10377806490347763,0,0,1,50
2025-01-13,IPHONE_15_256,Apple,Smartphones,80000,60000,78432.25884061366,77888.00827418879,0.01959676449232911,0,0,0,34
2025-01-14,IPHONE_15_256,Apple,Smartphones,80000,60000,74900.33193446629,76514.54811077352,0.06374585081917143,0,0,0,37
2025-01-15,IPHONE_15_256,Apple,Smartphones,80000,60000,75273.02854513659,78702.41101062231,0.05908714318579254,0,0,0,41
2025-01-16,IPHONE_15_256,Apple,Smartphones,80000,60000,73361.10920081794,72612.33854611167,0.08298613498977585,0,0,0,45
2025-01-17,IPHONE_15_256,Apple,Smartphones,80000,60000,72428.48498151169,75690.66139731002,0.09464393773110394,0,0,0,56
2025-01-18,IPHONE_15_256,Apple,Smartphones,80000,60000,71778.7397408988,69799.29689356555,0.10276575323876487,0,0,1,41
2025-01-19,IPHONE_15_256,Apple,Smartphones,80000,60000,74675.11956146659,75888.96401498499,0.0665610054816677,0,0,1,44
2025-01-20,IPHONE_15_256,Apple,Smartphones,80000,60000,71901.17543441869,72290.8858832227,0.1012353070697664,0,0,0,49
2025-01-21,IPHONE_15_256,Apple,Smartphones,80000,60000,74497.86935156013,78586.33357135556,0.0687766331054983,0,0,0,51
2025-01-22,IPHONE_15_256,Apple,Smartphones,80000,60000,71735.41209424751,73208.83344633611,0.10330734882190615,0,0,0,38
2025-01-23,IPHONE_15_256,Apple,Smartphones,80000,60000,75163.24491104888,73847.59830883991,0.06045943861188893,0,0,0,48
2025-01-24,IPHONE_15_256,Apple,Smartphones,80000,60000,72318.23597477473,76068.82680784252,0.09602205031531601,0,0,0,56
2025-01-25,IPHONE_15_256,Apple,Smartphones,80000,60000,76656.76245319008,76681.48482926495,0.041790469335123995,0,0,1,48
2025-01-26,IPHONE_15_256,Apple,Smartphones,80000,60000,74423.10745345971,75034.1225576288,0.06971115683175362,0,0,1,52
2025-01-27,IPHONE_15_256,Apple,Smartphones,80000,60000,77850.04649070627,77933.67845857998,0.026874418866171666,0,0,0,42
2025-01-28,IPHONE_15_256,Apple,Smartphones,80000,60000,72198.13598013262,73009.95652581703,0.09752330024834234,0,0,0,28
2025-01-29,IPHONE_15_256,Apple,Smartphones,80000,60000,71643.2804234329,73113.7102953064,0.10445899470708872,0,0,0,36
2025-01-30,IPHONE_15_256,Apple,Smartphones,80000,60000,79629.36017563948,82609.79298869373,0.004632997804506447,0,0,0,30
2025-01-31,IPHONE_15_256,Apple,Smartphones,80000,60000,74940.74487682353,74073.72586511522,0.06324068903970585,0,0,0,37
2025-02-01,IPHONE_15_256,Apple,Smartphones,80000,60000,70632.17812466946,72428.0117592782,0.11709777344163178,0,0,1,43
2025-02-02,IPHONE_15_256,Apple,Smartphones,80000,60000,70206.55684091807,71367.15991609699,0.12241803948852402,0,0,1,59
2025-02-03,IPHONE_15_256,Apple,Smartphones,80000,60000,74633.97598988937,75647.85703550949,0.0670753001263829,0,0,0,42
2025-02-04,IPHONE_15_256,Apple,Smartphones,80000,60000,76482.2402229098,74660.68128153196,0.043971997213627496,0,0,0,42
2025-02-05,IPHONE_15_256,Apple,Smartphones,80000,60000,75361.9375023398,79005.17417287156,0.05797578122075239,0,0,0,29
2025-02-06,IPHONE_15_256,Apple,Smartphones,80000,60000,75100.24409654643,72645.67155312662,0.06124694879316958,0,0,0,45
2025-02-07,IPHONE_15_256,Apple,Smartphones,80000,60000,74036.51489822267,73762.04803232658,0.07454356377221663,0,0,0,56
2025-02-08,IPHONE_15_256,Apple,Smartphones,80000,60000,70471.2833154731,73727.93613892856,0.11910895855658613,0,0,1,42
2025-02-09,IPHONE_15_256,Apple,Smartphones,80000,60000,74757.70245114517,75991.72879228054,0.06552871936068534,0,0,1,41
2025-02-10,IPHONE_15_256,Apple,Smartphones,80000,60000,72637.39393166032,73275.4183703088,0.092032575854246,0,0,0,31
2025-02-11,IPHONE_15_256,Apple,Smartphones,80000,60000,74245.12199977615,73272.07815596298,0.07193597500279815,0,0,0,47
2025-02-12,IPHONE_15_256,Apple,Smartphones,80000,60000,78769.32601426667,77726.59567490191,0.015383424821666714,0,0,0,37
2025-02-13,IPHONE_15_256,Apple,Smartphones,80000,60000,73833.62631541301,71896.14849253849,0.07707967105733737,0,0,0,38
2025-02-14,IPHONE_15_256,Apple,Smartphones,80000,60000,73019.65147768296,73876.43547551824,0.08725435652896305,0,0,0,46
2025-02-15,IPHONE_15_256,Apple,Smartphones,80000,60000,75130.70423684434,75371.77028550442,0.06086619703944571,0,0,1,47
2025-02-16,IPHONE_15_256,Apple,Smartphones,80000,60000,77238.82746339728,79613.40471466517,0.03451465670753408,0,0,1,39
2025-02-17,IPHONE_15_256,Apple,Smartphones,80000,60000,71307.4225974864,74762.14585427142,0.10865721753142013,0,0,0,41
2025-02-18,IPHONE_15_256,Apple,Smartphones,80000,60000,70750.54789283819,71938.26442154785,0.11561815133952259,0,0,0,60
2025-02-19,IPHONE_15_256,Apple,Smartphones,80000,60000,72055.86642932934,73389.96137072824,0.09930166963338331,0,0,0,38
2025-02-20,IPHONE_15_256,Apple,Smartphones,80000,60000,70667.51042145994,73440.48585014268,0.11665611973175069,0,0,0,44
2025-02-21,IPHONE_15_256,Apple,Smartphones,80000,60000,77887.10100715602,79667.31732036186,0.026411237410549723,0,0,0,39
2025-02-22,IPHONE_15_256,Apple,Smartphones,80000,60000,70451.81059236258,70567.92005328072,0.1193523675954676,0,0,1,43
2025-02-23,IPHONE_15_256,Apple,Smartphones,80000,60000,73665.94602244787,74081.50619888598,0.07917567471940166,0,0,1,36
2025-02-24,IPHONE_15_256,Apple,Smartphones,80000,60000,73968.12326788067,76235.33347561622,0.07539845915149163,0,0,0,38
2025-02-25,IPHONE_15_256,Apple,Smartphones,80000,60000,68701.16506822481,71760.86433626425,0.14123543664718974,0,0,0,51
2025-02-26,IPHONE_15_256,Apple,Smartphones,80000,60000,75008.32935754376,76252.50604684555,0.062395883030702995,0,0,0,48
2025-02-27,IPHONE_15_256,Apple,Smartphones,80000,60000,75794.5438636419,75244.00820029256,0.052568201704476125,0,0,0,38
2025-02-28,IPHONE_15_256,Apple,Smartphones,80000,60000,73788.0992121382,73205.615977045,0.07764875984827256,0,0,0,49
2025-03-01,IPHONE_15_256,Apple,Smartphones,80000,60000,75224.14907583612,76426.61556253697,0.059698136552048496,0,0,1,59
2025-03-02,IPHONE_15_256,Apple,Smartphones,80000,60000,72249.70293249415,70736.68140322264,0.096878713343823,0,0,1,54
2025-03-03,IPHONE_15_256,Apple,Smartphones,80000,60000,75737.20109170003,76566.40573942401,0.05328498635374965,0,0,0,40
2025-03-04,IPHONE_15_256,Apple,Smartphones,80000,60000,70595.66146625516,75473.59664040622,0.11755423167181042,0,0,0,42
2025-03-05,IPHONE_15_256,Apple,Smartphones,80000,60000,72749.30793230634,74789.13033357511,0.09063365084617066,0,0,0,51
2025-03-06,IPHONE_15_256,Apple,Smartphones,80000,60000,77348.0962392251,79461.47561012236,0.03314879700968629,0,0,0,45
2025-03-07,IPHONE_15_256,Apple,Smartphones,80000,60000,68020.95701112927,67397.4487112428,0.14973803736088415,0,0,0,63
2025-03-08,IPHONE_15_256,Apple,Smartphones,80000,60000,75138.75998054403,77504.85677839843,0.0607655002431997,0,0,1,46
2025-03-09,IPHONE_15_256,Apple,Smartphones,80000,60000,73528.91242248125,70735.41456215992,0.08088859471898435,0,0,1,34
2025-03-10,IPHONE_15_256,Apple,Smartphones,80000,60000,74980.74390271936,78436.66638029317,0.06274070121600797,0,0,0,46
2025-03-11,IPHONE_15_256,Apple,Smartphones,80000,60000,74381.09620492907,74604.68546679846,0.0702362974383867,0,0,0,32
2025-03-12,IPHONE_15_256,Apple,Smartphones,80000,60000,71386.95869105522,72707.7089709215,0.1076630163618099,0,0,0,54
2025-03-13,IPHONE_15_256,Apple,Smartphones,80000,60000,74527.66347291331,74132.22577476372,0.0684042065885837,0,0,0,40
2025-03-14,IPHONE_15_256,Apple,Smartphones,80000,60000,65342.53560913557,68029.22396088336,0.1832183048858054,0,0,0,49
2025-03-15,IPHONE_15_256,Apple,Smartphones,80000,60000,72250.77502718823,73961.79042135148,0.09686531216014721,0,0,1,45
2025-03-16,IPHONE_15_256,Apple,Smartphones,80000,60000,73951.27192800812,75296.96234355656,0.07560910089989849,0,0,1,45
2025-03-17,IPHONE_15_256,Apple,Smartphones,80000,60000,74243.43896561055,73405.58981434332,0.07195701292986822,0,0,0,45
2025-03-18,IPHONE_15_256,Apple,Smartphones,80000,60000,72571.05133667195,72727.93237626897,0.09286185829160065,0,0,0,49
2025-03-19,IPHONE_15_256,Apple,Smartphones,80000,60000,72423.73542673484,74246.73245116742,0.09470330716581445,0,0,0,45
2025-03-20,IPHONE_15_256,Apple,Smartphones,80000,60000,72273.83018492792,71322.74067490702,0.09657712268840091,0,0,0,39
2025-03-21,IPHONE_15_256,Apple,Smartphones,80000,60000,74768.62707809424,74964.72665507116,0.06539216152382205,0,0,0,37
2025-03-22,IPHONE_15_256,Apple,Smartphones,80000,60000,70867.71318583481,73203.60947038233,0.11415358517706482,0,0,1,51
2025-03-23,IPHONE_15_256,Apple,Smartphones,80000,60000,75586.82359329768,73964.53211236777,0.05516470508377896,0,0,1,37
2025-03-24,IPHONE_15_256,Apple,Smartphones,80000,60000,66805.19383823253,68196.34490304958,0.1649350770220933,0,0,0,46
2025-03-25,IPHONE_15_256,Apple,Smartphones,80000,60000,77457.32900211187,77138.25514581027,0.03178338747360169,0,0,0,44
2025-03-26,IPHONE_15_256,Apple,Smartphones,80000,60000,78040.75327426629,75153.39292913613,0.024490584071671456,0,0,0,42
2025-03-27,IPHONE_15_256,Apple,Smartphones,80000,60000,76031.21964925384,77807.74438269275,0.04960975438432717,0,0,0,43
2025-03-28,IPHONE_15_256,Apple,Smartphones,80000,60000,72682.10071603936,75088.36910746766,0.09147374104950799,0,0,0,47
2025-03-29,IPHONE_15_256,Apple,Smartphones,80000,60000,76191.18895296684,77439.55064209901,0.04761013808791444,0,0,1,43
2025-03-30,IPHONE_15_256,Apple,Smartphones,80000,60000,76388.28310541264,78395.64542598226,0.04514646118234198,0,0,1,44
2025-03-31,IPHONE_15_256,Apple,Smartphones,80000,60000,73492.93361411191,71566.33213351214,0.081338329823601,0,0,0,44
2025-04-01,IPHONE_15_256,Apple,Smartphones,80000,60000,66261.77934511607,65082.374296044916,0.17172775818604913,0,0,0,55
2025-04-02,IPHONE_15_256,Apple,Smartphones,80000,60000,72814.21806742762,76743.67463395263,0.08982227415715477,0,0,0,54
2025-04-03,IPHONE_15_256,Apple,Smartphones,80000,60000,70529.88614532952,70131.96131051217,0.11837642318338093,0,0,0,47
2025-04-04,IPHONE_15_256,Apple,Smartphones,80000,60000,75840.1079803134,76478.06629516074,0.05199865024608237,0,0,0,41
2025-04-05,IPHONE_15_256,Apple,Smartphones,80000,60000,73719.9054676724,74564.0402854754,0.07850118165409488,0,0,1,46
2025-04-06,IPHONE_15_256,Apple,Smartphones,80000,60000,75298.76082534283,76449.48343887743,0.058765489683214614,0,0,1,45
2025-04-07,IPHONE_15_256,Apple,Smartphones,80000,60000,78854.34757691725,80864.56459662662,0.014320655288534406,0,0,0,35
2025-04-08,IPHONE_15_256,Apple,Smartphones,80000,60000,75348.16709119703,75754.05757507861,0.058147911360037156,0,0,0,41
2025-04-09,IPHONE_15_256,Apple,Smartphones,80000,60000,71088.21464871604,74064.81155982101,0.11139731689104963,0,0,0,52
2025-04-10,IPHONE_15_256,Apple,Smartphones,80000,60000,71775.73842424939,70452.04008125617,0.10280326969688271,0,0,0,47
2025-04-11,IPHONE_15_256,Apple,Smartphones,80000,60000,71923.37570922665,73844.34206811288,0.10095780363466686,0,0,0,48
2025-04-12,IPHONE_15_256,Apple,Smartphones,80000,60000,72319.61486707733,75674.92375706181,0.09600481416153345,0,0,1,56
2025-04-13,IPHONE_15_256,Apple,Smartphones,80000,60000,73365.2854417978,76685.906741012,0.08293393197752763,0,0,1,40
2025-04-14,IPHONE_15_256,Apple,Smartphones,80000,60000,69670.56408364947,71582.85259132643,0.12911794895438167,0,0,0,41
2025-04-15,IPHONE_15_256,Apple,Smartphones,80000,60000,72769.58847360587,74339.92853181326,0.09038014407992667,0,0,0,57
2025-04-16,IPHONE_15_256,Apple,Smartphones,80000,60000,68840.11935118613,71372.6495069429,0.13949850811017334,0,0,0,60
2025-04-17,IPHONE_15_256,Apple,Smartphones,80000,60000,76491.06692987711,78016.92421444312,0.04386166337653612,0,0,0,42
2025-04-18,IPHONE_15_256,Apple,Smartphones,80000,60000,75973.37500013344,75494.57390847226,0.05033281249833203,0,0,0,40
2025-04-19,IPHONE_15_256,Apple,Smartphones,80000,60000,74637.42267605208,72761.09941006373,0.06703221654934899,0,0,1,59
2025-04-20,IPHONE_15_256,Apple,Smartphones,80000,60000,76141.71730441137,79795.15665293219,0.048228533694857786,0,0,1,54
2025-04-21,IPHONE_15_256,Apple,Smartphones,80000,60000,75441.93675078599,77808.0320716016,0.0569757906151752,0,0,0,48
2025-04-22,IPHONE_15_256,Apple,Smartphones,80000,60000,73118.84984857812,74861.36566912915,0.0860143768927736,0,0,0,42
2025-04-23,IPHONE_15_256,Apple,Smartphones,80000,60000,71927.76098889051,70941.72488422618,0.10090298763886847,0,0,0,40
2025-04-24,IPHONE_15_256,Apple,Smartphones,80000,60000,71225.11220453333,69742.69804185141,0.1096860974433334,0,0,0,54
2025-04-25,IPHONE_15_256,Apple,Smartphones,80000,60000,75550.9610916028,77405.78736562128,0.05561298635496488,0,0,0,33
2025-04-26,IPHONE_15_256,Apple,Smartphones,80000,60000,76423.95311541339,73438.40230048024,0.044700586057332715,0,0,1,41
2025-04-27,IPHONE_15_256,Apple,Smartphones,80000,60000,73333.03624156435,73583.38016453662,0.08333704698044579,0,0,1,45
2025-04-28,IPHONE_15_256,Apple,Smartphones,80000,60000,74522.45380177186,76631.19835851945,0.06846932747785181,0,0,0,39
2025-04-29,IPHONE_15_256,Apple,Smartphones,80000,60000,71480.99169603645,73290.29853247102,0.10648760379954438,0,0,0,41
2025-04-30,IPHONE_15_256,Apple,Smartphones,80000,60000,76446.71276001418,76744.70114108182,0.0444160904998226,0,0,0,49
2025-05-01,IPHONE_15_256,Apple,Smartphones,80000,60000,70571.05316251608,68961.6464326282,0.117861835468549,0,0,0,42
2025-05-02,IPHONE_15_256,Apple,Smartphones,80000,60000,71858.20402714306,74964.15510775559,0.10177244966071171,0,0,0,52
2025-05-03,IPHONE_15_256,Apple,Smartphones,80000,60000,72516.93614207023,75219.96944912743,0.0935382982241221,0,0,1,51
2025-05-04,IPHONE_15_256,Apple,Smartphones,80000,60000,72901.93593220315,75535.67961605545,0.08872580084746051,0,0,1,55
2025-05-05,IPHONE_15_256,Apple,Smartphones,80000,60000,75891.6002646376,79557.86223777657,0.05135499669202995,0,0,0,37
2025-05-06,IPHONE_15_256,Apple,Smartphones,80000,60000,72570.58197962402,69486.28415359737,0.09286772525469976,0,0,0,52
2025-05-07,IPHONE_15_256,Apple,Smartphones,80000,60000,75258.59667582574,76243.63329808772,0.05926754155217813,0,0,0,43
2025-05-08,IPHONE_15_256,Apple,Smartphones,80000,60000,76564.94124375848,80166.67744001048,0.04293823445301898,0,0,0,56
2025-05-09,IPHONE_15_256,Apple,Smartphones,80000,60000,68104.75586651378,68792.09574590292,0.1486905516685778,0,0,0,54
2025-05-10,IPHONE_15_256,Apple,Smartphones,80000,60000,75678.95585110747,75517.5594373913,0.054013051861156555,0,0,1,49
2025-05-11,IPHONE_15_256,Apple,Smartphones,80000,60000,72023.9335915118,71159.98066318965,0.09970083010610242,0,0,1,49
2025-05-12,IPHONE_15_256,Apple,Smartphones,80000,60000,74538.38578728006,75921.7023845721,0.06827017765899919,0,0,0,46
2025-05-13,IPHONE_15_256,Apple,Smartphones,80000,60000,72438.37659898665,74001.75709044367,0.09452029251266687,0,0,0,63
2025-05-14,IPHONE_15_256,Apple,Smartphones,80000,60000,80000.0,80206.7850818604,0.0,0,0,0,32
2025-05-15,IPHONE_15_256,Apple,Smartphones,80000,60000,72518.29471012762,72872.78005064862,0.0935213161234046,0,0,0,47
2025-05-16,IPHONE_15_256,Apple,Smartphones,80000,60000,74904.25559353086,75370.83848695779,0.0636968050808643,0,0,0,32
2025-05-17,IPHONE_15_256,Apple,Smartphones,80000,60000,76765.72293782508,78728.45209930839,0.04042846327718658,0,0,1,39
2025-05-18,IPHONE_15_256,Apple,Smartphones,80000,60000,71093.00479386472,70681.41587862214,0.111337440076691,0,0,1,61
2025-05-19,IPHONE_15_256,Apple,Smartphones,80000,60000,73694.11518117039,75268.84956190507,0.07882356023537004,0,0,0,52
2025-05-20,IPHONE_15_256,Apple,Smartphones,80000,60000,75046.0030028852,75427.86223766627,0.06192496246393499,0,0,0,32
2025-05-21,IPHONE_15_256,Apple,Smartphones,80000,60000,74094.96765672418,71967.29676411841,0.07381290429094763,0,0,0,39
2025-05-22,IPHONE_15_256,Apple,Smartphones,80000,60000,74317.30330698707,74611.79036674091,0.0710337086626617,0,0,0,39
2025-05-23,IPHONE_15_256,Apple,Smartphones,80000,60000,76968.9623950896,75733.52508954168,0.03788797006137994,0,0,0,36
2025-05-24,IPHONE_15_256,Apple,Smartphones,80000,60000,75755.98898535289,74058.83388169023,0.05305013768308899,0,0,1,49
2025-05-25,IPHONE_15_256,Apple,Smartphones,80000,60000,71933.91749566043,71650.8160728052,0.10082603130424476,0,0,1,41
2025-05-26,IPHONE_15_256,Apple,Smartphones,80000,60000,73688.02967704937,72861.93411444209,0.07889962903688283,0,0,0,40
2025-05-27,IPHONE_15_256,Apple,Smartphones,80000,60000,74606.96308286689,75914.65031717203,0.06741296146416381,0,0,0,45
2025-05-28,IPHONE_15_256,Apple,Smartphones,80000,60000,72620.55993120985,71523.89035491765,0.09224300085987677,0,0,0,40
2025-05-29,IPHONE_15_256,Apple,Smartphones,80000,60000,73825.67929803093,73026.41285847573,0.07717900877461337,0,0,0,40
2025-05-30,IPHONE_15_256,Apple,Smartphones,80000,60000,73926.9445642267,73491.5927771474,0.07591319294716636,0,0,0,43
2025-05-31,IPHONE_15_256,Apple,Smartphones,80000,60000,68468.84027825824,70547.12935510927,0.14413949652177208,0,0,1,58
2025-06-01,IPHONE_15_256,Apple,Smartphones,80000,60000,72497.36756499449,69728.56155239994,0.09378290543756881,0,0,1,58
2025-06-02,IPHONE_15_256,Apple,Smartphones,80000,60000,73736.91211372749,71883.92222894334,0.07828859857840631,0,0,0,48
2025-06-03,IPHONE_15_256,Apple,Smartphones,80000,60000,70108.70319650279,70701.11471122691,0.12364121004371519,0,0,0,44
2025-06-04,IPHONE_15_256,Apple,Smartphones,80000,60000,78370.84044311481,77343.26943627626,0.020364494461064836,0,0,0,39
2025-06-05,IPHONE_15_256,Apple,Smartphones,80000,60000,74281.47514225006,74467.47930559031,0.07148156072187437,0,0,0,58
2025-06-06,IPHONE_15_256,Apple,Smartphones,80000,60000,68268.41754919558,71726.1427784819,0.14664478063505526,0,0,0,48
2025-06-07,IPHONE_15_256,Apple,Smartphones,80000,60000,72772.25143150814,70740.73662236889,0.09034685710614833,0,0,1,45
2025-06-08,IPHONE_15_256,Apple,Smartphones,80000,60000,72993.02842146464,71720.57284101806,0.08758714473169202,0,0,1,40
2025-06-09,IPHONE_15_256,Apple,Smartphones,80000,60000,75302.05072989229,75040.14510863718,0.05872436587634637,0,0,0,49
2025-06-10,IPHONE_15_256,Apple,Smartphones,80000,60000,76693.61582057505,77883.40496567887,0.0413298022428118,0,0,0,38
2025-06-11,IPHONE_15_256,Apple,Smartphones,80000,60000,75610.17289409328,75930.52445387859,0.05487283882383394,0,0,0,43
2025-06-12,IPHONE_15_256,Apple,Smartphones,80000,60000,75087.40002490128,76746.60001691194,0.06140749968873405,0,0,0,45
2025-06-13,IPHONE_15_256,Apple,Smartphones,80000,60000,72455.89953843506,72622.89504227146,0.09430125576956187,0,0,0,39
2025-06-14,IPHONE_15_256,Apple,Smartphones,80000,60000,72102.51145823146,75038.8510918803,0.09871860677210686,0,0,1,53
2025-06-15,IPHONE_15_256,Apple,Smartphones,80000,60000,79443.67565208579,79077.00787423692,0.0069540543489275825,0,0,1,31
2025-06-16,IPHONE_15_256,Apple,Smartphones,80000,60000,76222.21784941087,75711.94905719112,0.04722227688236414,0,0,0,40
2025-06-17,IPHONE_15_256,Apple,Smartphones,80000,60000,75299.22249800009,76913.80082491999,0.05875971877499886,0,0,0,41
2025-06-18,IPHONE_15_256,Apple,Smartphones,80000,60000,75073.49399824877,78429.9131347281,0.06158132502189026,0,0,0,48
2025-06-19,IPHONE_15_256,Apple,Smartphones,80000,60000,73204.4800077551,70037.34952592666,0.08494399990306122,0,0,0,45
2025-06-20,IPHONE_15_256,Apple,Smartphones,80000,60000,72176.84780891114,79983.20282197684,0.09778940238861064,0,0,0,29
2025-06-21,IPHONE_15_256,Apple,Smartphones,80000,60000,79435.51623059605,83654.92561077586,0.007056047117549397,0,0,1,49
2025-06-22,IPHONE_15_256,Apple,Smartphones,80000,60000,73727.43428684348,73682.76221989452,0.07840707141445652,0,0,1,40
2025-06-23,IPHONE_15_256,Apple,Smartphones,80000,60000,75195.53219906852,76566.92713945056,0.060055847511643445,0,0,0,43
2025-06-24,IPHONE_15_256,Apple,Smartphones,80000,60000,74765.34433367872,73400.74719565838,0.0654331958290161,0,0,0,48
2025-06-25,IPHONE_15_256,Apple,Smartphones,80000,60000,75098.93824364543,76522.91477951028,0.061263271954432194,0,0,0,46
2025-06-26,IPHONE_15_256,Apple,Smartphones,80000,60000,71680.57833138743,75710.11787168126,0.10399277085765715,0,0,0,56
2025-06-27,IPHONE_15_256,Apple,Smartphones,80000,60000,73325.41088929096,76434.17326980745,0.08343236388386306,0,0,0,48
2025-06-28,IPHONE_15_256,Apple,Smartphones,80000,60000,74145.15242912671,74767.62289902155,0.07318559463591615,0,0,1,57
2025-06-29,IPHONE_15_256,Apple,Smartphones,80000,60000,69181.26943882588,71577.44863868796,0.13523413201467646,0,0,1,45
2025-06-30,IPHONE_15_256,Apple,Smartphones,80000,60000,76089.8743190393,78667.99054756016,0.04887657101200865,0,0,0,36
2025-07-01,IPHONE_15_256,Apple,Smartphones,80000,60000,71147.06898091658,74477.94472457144,0.1106616377385428,0,0,0,40
2025-07-02,IPHONE_15_256,Apple,Smartphones,80000,60000,78190.55565507122,78205.27286508543,0.0226180543116098,0,0,0,35
2025-07-03,IPHONE_15_256,Apple,Smartphones,80000,60000,71806.65657343769,72182.73836145812,0.10241679283202884,0,0,0,30
2025-07-04,IPHONE_15_256,Apple,Smartphones,80000,60000,72692.64032097963,71333.84878920554,0.09134199598775462,0,0,0,41
2025-07-05,IPHONE_15_256,Apple,Smartphones,80000,60000,74123.30924285356,71843.1405238797,0.07345863446433053,0,0,1,47
2025-07-06,IPHONE_15_256,Apple,Smartphones,80000,60000,72293.32125049498,75765.21925810084,0.09633348436881284,0,0,1,56
2025-07-07,IPHONE_15_256,Apple,Smartphones,80000,60000,76256.96625830955,80350.75133150411,0.0467879217711307,0,0,0,37
2025-07-08,IPHONE_15_256,Apple,Smartphones,80000,60000,70420.26358788775,69176.82920502669,0.11974670515140305,0,0,0,39
2025-07-09,IPHONE_15_256,Apple,Smartphones,80000,60000,75081.13758257923,73848.76021490483,0.06148578021775947,0,0,0,39
2025-07-10,IPHONE_15_256,Apple,Smartphones,80000,60000,72612.98608860074,72303.74305361147,0.09233767389249078,0,0,0,42
2025-07-11,IPHONE_15_256,Apple,Smartphones,80000,60000,78954.31393117538,79608.38321996217,0.013071075860307813,0,0,0,39
2025-07-12,IPHONE_15_256,Apple,Smartphones,80000,60000,71048.18437791077,71946.50659321285,0.11189769527611526,0,0,1,43
2025-07-13,IPHONE_15_256,Apple,Smartphones,80000,60000,72078.25773972373,73159.09001563754,0.09902177825345326,0,0,1,52
2025-07-14,IPHONE_15_256,Apple,Smartphones,80000,60000,71549.02211221655,72780.9597267334,0.10563722359729308,0,0,0,40
2025-07-15,IPHONE_15_256,Apple,Smartphones,80000,60000,73943.58501406803,74855.62806659099,0.07570518732414966,0,0,0,42
2025-07-16,IPHONE_15_256,Apple,Smartphones,80000,60000,69354.09664529,71091.6219163529,0.13307379193387506,0,0,0,45
2025-07-17,IPHONE_15_256,Apple,Smartphones,80000,60000,72878.2928876003,71344.64104357068,0.08902133890499628,0,0,0,40
2025-07-18,IPHONE_15_256,Apple,Smartphones,80000,60000,74758.09549358061,79033.67480225369,0.06552380633024245,0,0,0,34
2025-07-19,IPHONE_15_256,Apple,Smartphones,80000,60000,72239.09838963061,70167.09324613726,0.0970112701296173,0,0,1,42
2025-07-20,IPHONE_15_256,Apple,Smartphones,80000,60000,73862.18132846967,77048.95895139032,0.07672273339412902,0,0,1,40
2025-07-21,IPHONE_15_256,Apple,Smartphones,80000,60000,75234.0781137688,77939.45578463831,0.05957402357788983,0,0,0,33
2025-07-22,IPHONE_15_256,Apple,Smartphones,80000,60000,77854.16901133517,73120.33268640604,0.02682288735831051,0,0,0,44
2025-07-23,IPHONE_15_256,Apple,Smartphones,80000,60000,70239.26710073127,70128.35690618222,0.12200916124085903,0,0,0,50
2025-07-24,IPHONE_15_256,Apple,Smartphones,80000,60000,78835.27675914718,78857.90095578288,0.014559040510660273,0,0,0,48
2025-07-25,IPHONE_15_256,Apple,Smartphones,80000,60000,73066.81310820984,74618.055748113,0.08666483614737702,0,0,0,41
2025-07-26,IPHONE_15_256,Apple,Smartphones,80000,60000,80000.0,79483.5031753323,0.0,0,0,1,31
2025-07-27,IPHONE_15_256,Apple,Smartphones,80000,60000,73434.84417954912,74989.59293295891,0.08206444775563591,0,0,1,47
2025-07-28,IPHONE_15_256,Apple,Smartphones,80000,60000,76295.65118279691,76664.51914147186,0.046304360215038566,0,0,0,41
2025-07-29,IPHONE_15_256,Apple,Smartphones,80000,60000,71599.09258621746,68645.7351270502,0.10501134267228163,0,0,0,39
2025-07-30,IPHONE_15_256,Apple,Smartphones,80000,60000,72408.62818692735,75299.98965235088,0.09489214766340806,0,0,0,38
2025-07-31,IPHONE_15_256,Apple,Smartphones,80000,60000,74407.93634845197,73694.07865911895,0.06990079564435034,0,0,0,37
2025-08-01,IPHONE_15_256,Apple,Smartphones,80000,60000,75155.53098256323,76291.1104473172,0.060555862717959666,0,0,0,36
2025-08-02,IPHONE_15_256,Apple,Smartphones,80000,60000,72711.13086849952,72833.17576658455,0.09111086414375613,0,0,1,44
2025-08-03,IPHONE_15_256,Apple,Smartphones,80000,60000,68686.18739938772,69404.64771989275,0.14142265750765345,0,0,1,64
2025-08-04,IPHONE_15_256,Apple,Smartphones,80000,60000,72969.26047170686,74962.63975524394,0.08788424410366423,0,0,0,42
2025-08-05,IPHONE_15_256,Apple,Smartphones,80000,60000,73033.47937001615,76743.31884307739,0.08708150787479807,0,0,0,43
2025-08-06,IPHONE_15_256,Apple,Smartphones,80000,60000,71429.56461670261,73131.44557657008,0.10713044229121742,0,0,0,33
2025-08-07,IPHONE_15_256,Apple,Smartphones,80000,60000,70238.51135627316,71187.36317764307,0.12201860804658554,0,0,0,40
2025-08-08,IPHONE_15_256,Apple,Smartphones,80000,60000,74120.3681061397,75436.0027558201,0.07349539867325385,0,0,0,46
2025-08-09,IPHONE_15_256,Apple,Smartphones,80000,60000,79063.08521930815,80137.52870301052,0.011711434758648123,0,0,1,40
2025-08-10,IPHONE_15_256,Apple,Smartphones,80000,60000,73864.4844004376,75377.98610026306,0.0766939449945299,0,0,1,46
2025-08-11,IPHONE_15_256,Apple,Smartphones,80000,60000,70683.17094063522,72421.17169307214,0.1164603632420598,0,0,0,55
2025-08-12,IPHONE_15_256,Apple,Smartphones,80000,60000,75579.29919036457,77951.64961044662,0.055258760120442785,0,0,0,39
2025-08-13,IPHONE_15_256,Apple,Smartphones,80000,60000,75642.88691546075,77082.78201610984,0.05446391355674067,0,0,0,50
2025-08-14,IPHONE_15_256,Apple,Smartphones,80000,60000,77220.79632252421,79098.01517665652,0.034740045968447326,0,0,0,33
2025-08-15,IPHONE_15_256,Apple,Smartphones,80000,60000,76852.99476295462,77077.52290686824,0.03933756546306726,0,0,0,30
2025-08-16,IPHONE_15_256,Apple,Smartphones,80000,60000,72510.85955781388,73691.83234190157,0.09361425552732644,0,0,1,32
2025-08-17,IPHONE_15_256,Apple,Smartphones,80000,60000,70663.62004603363,74294.68272801329,0.11670474942457973,0,0,1,36
2025-08-18,IPHONE_15_256,Apple,Smartphones,80000,60000,72224.6185368464,72300.40133778463,0.09719226828941988,0,0,0,51
2025-08-19,IPHONE_15_256,Apple,Smartphones,80000,60000,78946.19704502042,82337.5328930388,0.013172536937244753,0,0,0,32
2025-08-20,IPHONE_15_256,Apple,Smartphones,80000,60000,78447.36364964579,82163.68635521179,0.019407954379427605,0,0,0,31
2025-08-21,IPHONE_15_256,Apple,Smartphones,80000,60000,72274.27868270136,72513.43229976433,0.09657151646623299,0,0,0,37
2025-08-22,IPHONE_15_256,Apple,Smartphones,80000,60000,73877.46404067555,73502.86714806591,0.07653169949155558,0,0,0,45
2025-08-23,IPHONE_15_256,Apple,Smartphones,80000,60000,75581.35250550168,74991.48943371933,0.055233093681229084,0,0,1,30
2025-08-24,IPHONE_15_256,Apple,Smartphones,80000,60000,71242.44565273404,71297.28951144949,0.10946942934082445,0,0,1,32
2025-08-25,IPHONE_15_256,Apple,Smartphones,80000,60000,80000.0,80050.3558867564,0.0,0,0,0,31
2025-08-26,IPHONE_15_256,Apple,Smartphones,80000,60000,77064.7945870232,78046.23106809062,0.03669006766220996,0,0,0,37
2025-08-27,IPHONE_15_256,Apple,Smartphones,80000,60000,75298.20948700407,76909.41082172332,0.058772381412449115,0,0,0,30
2025-08-28,IPHONE_15_256,Apple,Smartphones,80000,60000,76832.21547105236,74235.61541704428,0.039597306611845545,0,0,0,39
2025-08-29,IPHONE_15_256,Apple,Smartphones,80000,60000,73870.54627604168,73841.05913379614,0.07661817154947886,0,0,0,42
2025-08-30,IPHONE_15_256,Apple,Smartphones,80000,60000,77287.96937585043,79560.28961060742,0.03390038280186952,0,0,1,35
2025-08-31,IPHONE_15_256,Apple,Smartphones,80000,60000,77706.99853372389,77510.00712173992,0.0286625183284513,0,0,1,41
2025-09-01,IPHONE_15_256,Apple,Smartphones,80000,60000,70860.4180863215,72494.00324482309,0.11424477392098123,1,0,0,52
2025-09-02,IPHONE_15_256,Apple,Smartphones,80000,60000,75784.5575615289,79063.328897271,0.0526930304808888,1,0,0,53
2025-09-03,IPHONE_15_256,Apple,Smartphones,80000,60000,71099.72916369545,75062.8639756934,0.11125338545380692,1,0,0,63
2025-09-04,IPHONE_15_256,Apple,Smartphones,80000,60000,67211.37485769125,66845.67494936507,0.1598578142788595,1,0,0,56
2025-09-05,IPHONE_15_256,Apple,Smartphones,80000,60000,71604.40631918827,68949.40406593289,0.1049449210101466,1,0,0,62
2025-09-06,IPHONE_15_256,Apple,Smartphones,80000,60000,73081.50849687624,74589.62739326569,0.08648114378904699,1,0,1,63
2025-09-07,IPHONE_15_256,Apple,Smartphones,80000,60000,76266.48586606863,75738.3497207632,0.0466689266741421,1,0,1,58
2025-09-08,IPHONE_15_256,Apple,Smartphones,80000,60000,71078.88395249382,72591.48759472543,0.11151395059382724,0,0,0,36
2025-09-09,IPHONE_15_256,Apple,Smartphones,80000,60000,68931.77248765681,72246.07866544041,0.1383528439042898,0,0,0,45
2025-09-10,IPHONE_15_256,Apple,Smartphones,80000,60000,78238.54498149776,77995.12895382653,0.022018187731277915,0,0,0,40
2025-09-11,IPHONE_15_256,Apple,Smartphones,80000,60000,76540.39407088602,78755.27244252176,0.0432450741139249,0,0,0,38
2025-09-12,IPHONE_15_256,Apple,Smartphones,80000,60000,72805.49713374779,71735.48686284889,0.08993128582815255,0,0,0,46
2025-09-13,IPHONE_15_256,Apple,Smartphones,80000,60000,75971.18270515102,79104.27018635513,0.05036021618561223,0,0,1,39
2025-09-14,IPHONE_15_256,Apple,Smartphones,80000,60000,74770.1467281445,71731.09939753673,0.06537316589819384,0,0,1,35
2025-09-15,IPHONE_15_256,Apple,Smartphones,80000,60000,76598.38677231643,81024.66110305751,0.04252016534604464,0,0,0,37
2025-09-16,IPHONE_15_256,Apple,Smartphones,80000,60000,70779.15687505344,69266.38923418909,0.11526053906183195,0,0,0,57
2025-09-17,IPHONE_15_256,Apple,Smartphones,80000,60000,73082.81067061298,75527.27636864205,0.08646486661733792,0,0,0,39
2025-09-18,IPHONE_15_256,Apple,Smartphones,80000,60000,78272.07792485895,81126.5207539161,0.02159902593926316,0,0,0,45
2025-09-19,IPHONE_15_256,Apple,Smartphones,80000,60000,72364.33997524211,71761.62426742894,0.09544575030947361,0,0,0,35
2025-09-20,IPHONE_15_256,Apple,Smartphones,80000,60000,71910.9069984001,73166.03721134985,0.10111366251999879,1,0,1,63
2025-09-21,IPHONE_15_256,Apple,Smartphones,80000,60000,72570.66444741281,73565.04478169676,0.09286669440733988,1,0,1,50
2025-09-22,IPHONE_15_256,Apple,Smartphones,80000,60000,76066.99134265161,75473.2489895144,0.04916260821685477,1,0,0,52
2025-09-23,IPHONE_15_256,Apple,Smartphones,80000,60000,74266.70922167375,75094.78813023193,0.07166613472907811,1,0,0,55
2025-09-24,IPHONE_15_256,Apple,Smartphones,80000,60000,71736.83289366303,75935.62099384627,0.10328958882921226,1,0,0,49
2025-09-25,IPHONE_15_256,Apple,Smartphones,80000,60000,72951.95141692841,74860.53776479077,0.08810060728839503,1,0,0,41
2025-09-26,IPHONE_15_256,Apple,Smartphones,80000,60000,71132.058919014,73125.77558563356,0.11084926351232499,1,0,0,43
2025-09-27,IPHONE_15_256,Apple,Smartphones,80000,60000,76165.56748157843,79508.17490976972,0.047930406480269624,1,0,1,46
2025-09-28,IPHONE_15_256,Apple,Smartphones,80000,60000,70323.44361424951,71262.78285418691,0.12095695482188114,1,0,1,76
2025-09-29,IPHONE_15_256,Apple,Smartphones,80000,60000,76012.76859671752,76829.96567959261,0.04984039254103097,1,0,0,50
2025-09-30,IPHONE_15_256,Apple,Smartphones,80000,60000,77972.1810228372,81682.5259084553,0.02534773721453492,1,0,0,41
2025-10-01,IPHONE_15_256,Apple,Smartphones,80000,60000,75357.65493703661,75568.58313467017,0.058029313287042306,1,0,0,48
2025-10-02,IPHONE_15_256,Apple,Smartphones,80000,60000,70024.49691895308,71316.48999341612,0.12469378851308657,1,0,0,51
2025-10-03,IPHONE_15_256,Apple,Smartphones,80000,60000,68906.09952381703,67966.38073981051,0.13867375595228712,1,0,0,60
2025-10-04,IPHONE_15_256,Apple,Smartphones,80000,60000,72652.05194639944,71675.01702315397,0.091849350670007,1,0,1,45
2025-10-05,IPHONE_15_256,Apple,Smartphones,80000,60000,70517.7000844167,73094.01306974166,0.11852874894479118,1,0,1,63
2025-10-06,IPHONE_15_256,Apple,Smartphones,80000,60000,60668.67325037135,61274.88423034528,0.24164158437035807,1,1,0,149
2025-10-07,IPHONE_15_256,Apple,Smartphones,80000,60000,59759.06826129607,58840.63189835675,0.253011646733799,1,1,0,162
2025-10-08,IPHONE_15_256,Apple,Smartphones,80000,60000,65750.93357721607,64793.758476336974,0.17811333028479912,0,1,0,117
2025-10-09,IPHONE_15_256,Apple,Smartphones,80000,60000,65050.831914733055,64231.08037500396,0.18686460106583674,0,1,0,118
2025-10-10,IPHONE_15_256,Apple,Smartphones,80000,60000,62509.143438714476,63876.79309367989,0.21863570701606902,0,1,0,129
2025-10-11,IPHONE_15_256,Apple,Smartphones,80000,60000,63041.43946012037,61235.72808548735,0.2119820067484955,0,1,1,142
2025-10-12,IPHONE_15_256,Apple,Smartphones,80000,60000,61148.45086109408,62637.52451574516,0.23564436423632393,0,1,1,126
2025-10-13,IPHONE_15_256,Apple,Smartphones,80000,60000,77424.30763516323,77910.20456982433,0.032196154560459635,0,0,0,39
2025-10-14,IPHONE_15_256,Apple,Smartphones,80000,60000,71622.97904131762,71904.66993166009,0.1047127619835296,0,0,0,43
2025-10-15,IPHONE_15_256,Apple,Smartphones,80000,60000,76301.175192102,80170.53855633583,0.04623531009872498,0,0,0,41
2025-10-16,IPHONE_15_256,Apple,Smartphones,80000,60000,71698.99238783402,72170.42134784481,0.10376259515207474,0,0,0,35
2025-10-17,IPHONE_15_256,Apple,Smartphones,80000,60000,72400.71326134933,73264.37502793556,0.09499108423313332,0,0,0,37
2025-10-18,IPHONE_15_256,Apple,Smartphones,80000,60000,73379.98431678639,70208.62229838506,0.08275019604017024,0,0,1,34
2025-10-19,IPHONE_15_256,Apple,Smartphones,80000,60000,76829.33072897609,74356.68561381992,0.03963336588779892,0,0,1,37
2025-10-20,IPHONE_15_256,Apple,Smartphones,80000,60000,75585.25868136538,80032.05119772119,0.055184266482932835,1,0,0,53
2025-10-21,IPHONE_15_256,Apple,Smartphones,80000,60000,72478.65211778227,73440.92433987238,0.0940168485277215,1,0,0,44
2025-10-22,IPHONE_15_256,Apple,Smartphones,80000,60000,69537.40286481821,73374.47092008128,0.1307824641897724,1,0,0,54
2025-10-23,IPHONE_15_256,Apple,Smartphones,80000,60000,74383.46895865562,73333.66197006336,0.0702066380168048,1,0,0,43
2025-10-24,IPHONE_15_256,Apple,Smartphones,80000,60000,67537.84301014151,70223.398541761,0.15577696237323108,1,0,0,68
2025-10-25,IPHONE_15_256,Apple,Smartphones,80000,60000,70503.47881179953,70214.50710553548,0.11870651485250583,1,0,1,59
2025-10-26,IPHONE_15_256,Apple,Smartphones,80000,60000,71187.41885140576,72146.77681103442,0.11015726435742805,1,0,1,55
2025-10-27,IPHONE_15_256,Apple,Smartphones,80000,60000,73807.12401806425,74405.57874218543,0.07741094977419677,1,0,0,50
2025-10-28,IPHONE_15_256,Apple,Smartphones,80000,60000,72184.35012285954,75593.46017369085,0.09769562346425562,1,0,0,61
2025-10-29,IPHONE_15_256,Apple,Smartphones,80000,60000,67239.94071281617,67232.5486509617,0.15950074108979787,1,0,0,67
2025-10-30,IPHONE_15_256,Apple,Smartphones,80000,60000,73052.65115165079,73602.65506306355,0.08684186060436518,1,0,0,43
2025-10-31,IPHONE_15_256,Apple,Smartphones,80000,60000,72379.26890939988,68521.0085898216,0.09525913863250161,0,0,0,41
2025-11-01,IPHONE_15_256,Apple,Smartphones,80000,60000,74222.92971097915,78763.26173011278,0.07221337861276071,1,0,1,43
2025-11-02,IPHONE_15_256,Apple,Smartphones,80000,60000,75489.81525261355,75484.0101064576,0.05637730934233067,1,0,1,52
2025-11-03,IPHONE_15_256,Apple,Smartphones,80000,60000,75140.3227922223,75615.5375757631,0.06074596509722114,1,0,0,53
2025-11-04,IPHONE_15_256,Apple,Smartphones,80000,60000,77219.35097202634,76964.20170543667,0.03475811284967081,1,0,0,48
2025-11-05,IPHONE_15_256,Apple,Smartphones,80000,60000,72407.63775583648,73888.7464053884,0.09490452805204402,1,0,0,56
2025-11-06,IPHONE_15_256,Apple,Smartphones,80000,60000,72892.80723120944,76144.7959947889,0.08883990960988182,1,0,0,61
2025-11-07,IPHONE_15_256,Apple,Smartphones,80000,60000,72293.67312793965,75449.69997860242,0.09632908590075445,1,0,0,52
2025-11-08,IPHONE_15_256,Apple,Smartphones,80000,60000,67237.18278274873,69403.96339786077,0.15953521521564087,0,0,1,42
2025-11-09,IPHONE_15_256,Apple,Smartphones,80000,60000,77207.2613288979,78544.3279603054,0.034909233388776176,0,0,1,27
2025-11-10,IPHONE_15_256,Apple,Smartphones,80000,60000,73205.24844108622,76844.69664918787,0.08493439448642211,0,0,0,34
2025-11-11,IPHONE_15_256,Apple,Smartphones,80000,60000,73912.22471600024,73163.92537761969,0.07609719104999697,0,0,0,32
2025-11-12,IPHONE_15_256,Apple,Smartphones,80000,60000,74937.40763129122,73335.36693255356,0.06328240460885981,0,0,0,25
2025-11-13,IPHONE_15_256,Apple,Smartphones,80000,60000,80000.0,84905.94404900333,0.0,0,0,0,33
2025-11-14,IPHONE_15_256,Apple,Smartphones,80000,60000,73547.30666072633,72128.47918777015,0.08065866674092095,0,0,0,27
2025-11-15,IPHONE_15_256,Apple,Smartphones,80000,60000,68851.97594212957,72806.29759074569,0.13935030072338028,0,0,1,56
2025-11-16,IPHONE_15_256,Apple,Smartphones,80000,60000,73109.19701898501,71397.11590239812,0.08613503726268734,0,0,1,46
2025-11-17,IPHONE_15_256,Apple,Smartphones,80000,60000,74872.73361248164,75212.18173373422,0.06409082984397946,0,0,0,32
2025-11-18,IPHONE_15_256,Apple,Smartphones,80000,60000,73453.67622660704,72240.57946008824,0.08182904716741192,0,0,0,35
2025-11-19,IPHONE_15_256,Apple,Smartphones,80000,60000,70862.11646087863,67840.47265503286,0.11422354423901701,0,0,0,31
2025-11-20,IPHONE_15_256,Apple,Smartphones,80000,60000,70369.9470387126,73512.57985066317,0.1203756620160924,1,0,0,56
2025-11-21,IPHONE_15_256,Apple,Smartphones,80000,60000,74611.66957350842,75238.06408339516,0.06735413033114483,1,0,0,50
2025-11-22,IPHONE_15_256,Apple,Smartphones,80000,60000,69315.45344318262,71160.85117165529,0.1335568319602173,1,0,1,58
2025-11-23,IPHONE_15_256,Apple,Smartphones,80000,60000,74515.64848930736,74863.15821575701,0.06855439388365801,1,0,1,49
2025-11-24,IPHONE_15_256,Apple,Smartphones,80000,60000,72167.80118898678,76380.87450170492,0.09790248513766515,1,0,0,56
2025-11-25,IPHONE_15_256,Apple,Smartphones,80000,60000,74112.82131894922,74193.09822557017,0.07358973351313469,1,0,0,51
2025-11-26,IPHONE_15_256,Apple,Smartphones,80000,60000,73473.37641480005,74302.15224686197,0.08158279481499939,1,0,0,49
2025-11-27,IPHONE_15_256,Apple,Smartphones,80000,60000,72695.67138987053,73311.75998648234,0.09130410762661839,1,0,0,48
2025-11-28,IPHONE_15_256,Apple,Smartphones,80000,60000,70181.70036332347,69345.180496971,0.12272874545845668,1,0,0,57
2025-11-29,IPHONE_15_256,Apple,Smartphones,80000,60000,72382.64381924071,73966.79350128469,0.0952169522594912,1,0,1,70
2025-11-30,IPHONE_15_256,Apple,Smartphones,80000,60000,75827.55979023447,77390.35430558104,0.05215550262206912,1,0,1,54
2025-12-01,IPHONE_15_256,Apple,Smartphones,80000,60000,72192.31453902573,68414.36290210989,0.09759606826217851,0,0,0,46
2025-12-02,IPHONE_15_256,Apple,Smartphones,80000,60000,75228.98969349776,73773.53449683459,0.05963762883127811,0,0,0,43
2025-12-03,IPHONE_15_256,Apple,Smartphones,80000,60000,78728.71029217688,77446.79055857995,0.015891121347789083,0,0,0,39
2025-12-04,IPHONE_15_256,Apple,Smartphones,80000,60000,73889.6074280128,72339.67555798512,0.07637990714984007,0,0,0,42
2025-12-05,IPHONE_15_256,Apple,Smartphones,80000,60000,71698.94843426575,70959.7280654999,0.10376314457167815,0,0,0,49
2025-12-06,IPHONE_15_256,Apple,Smartphones,80000,60000,71137.63228481528,69932.95902773847,0.11077959643980911,0,0,1,48
2025-12-07,IPHONE_15_256,Apple,Smartphones,80000,60000,71676.21577159503,75020.88040599882,0.10404730285506207,0,0,1,46
2025-12-08,IPHONE_15_256,Apple,Smartphones,80000,60000,75088.07274380581,72895.76490664629,0.061399090702427474,0,0,0,42
2025-12-09,IPHONE_15_256,Apple,Smartphones,80000,60000,78752.2176846161,79476.18561875325,0.015597278942298648,0,0,0,43
2025-12-10,IPHONE_15_256,Apple,Smartphones,80000,60000,71806.47978179064,72745.48988957863,0.10241900272761707,0,0,0,36
2025-12-11,IPHONE_15_256,Apple,Smartphones,80000,60000,72948.19711976754,72297.5648967528,0.08814753600290573,0,0,0,43
2025-12-12,IPHONE_15_256,Apple,Smartphones,80000,60000,70916.51970444228,71717.27531855696,0.1135435036944715,0,0,0,38
2025-12-13,IPHONE_15_256,Apple,Smartphones,80000,60000,72958.59087302403,75647.69499068514,0.08801761408719959,0,0,1,56
2025-12-14,IPHONE_15_256,Apple,Smartphones,80000,60000,74432.95016244678,77618.65016975162,0.06958812296941524,0,0,1,46
2025-12-15,IPHONE_15_256,Apple,Smartphones,80000,60000,75929.47376898446,75477.15671814578,0.05088157788769421,0,0,0,36
2025-12-16,IPHONE_15_256,Apple,Smartphones,80000,60000,67650.64007155251,70578.79496466243,0.15436699910559365,0,0,0,46
2025-12-17,IPHONE_15_256,Apple,Smartphones,80000,60000,73400.4895002495,71760.89207369485,0.08249388124688124,0,0,0,37
2025-12-18,IPHONE_15_256,Apple,Smartphones,80000,60000,70129.16478196363,70135.7750201057,0.12338544022545467,0,0,0,49
2025-12-19,IPHONE_15_256,Apple,Smartphones,80000,60000,67149.81149410659,65337.699591550714,0.16062735632366762,0,0,0,52
2025-12-20,IPHONE_15_256,Apple,Smartphones,80000,60000,76325.4607464757,79010.46325242669,0.04593174066905378,0,0,1,53
2025-12-21,IPHONE_15_256,Apple,Smartphones,80000,60000,72658.79410352655,72972.17827617694,0.09176507370591801,0,0,1,42
2025-12-22,IPHONE_15_256,Apple,Smartphones,80000,60000,67860.5261317994,68540.28980446009,0.1517434233525074,0,0,0,42
2025-12-23,IPHONE_15_256,Apple,Smartphones,80000,60000,75783.58824942059,78591.34141382293,0.05270514688224264,0,0,0,40
2025-12-24,IPHONE_15_256,Apple,Smartphones,80000,60000,73504.72324899775,74444.43078838207,0.08119095938752813,0,0,0,56
2025-12-25,IPHONE_15_256,Apple,Smartphones,80000,60000,71660.00388371013,73692.7071565656,0.10424995145362341,0,0,0,43
2025-12-26,IPHONE_15_256,Apple,Smartphones,80000,60000,70254.66398674458,72528.53906535424,0.12181670016569282,0,0,0,48
2025-12-27,IPHONE_15_256,Apple,Smartphones,80000,60000,79139.03069824947,80023.28057160634,0.01076211627188163,0,0,1,41
2025-12-28,IPHONE_15_256,Apple,Smartphones,80000,60000,75936.10452737643,78145.90170653882,0.05079869340779462,0,0,1,43
2025-12-29,IPHONE_15_256,Apple,Smartphones,80000,60000,71929.9648147711,71508.66049524865,0.10087543981536135,0,0,0,56
2025-12-30,IPHONE_15_256,Apple,Smartphones,80000,60000,72419.67096609763,73626.94018744398,0.09475411292377965,0,0,0,53
2025-12-31,IPHONE_15_256,Apple,Smartphones,80000,60000,73946.45150427932,75532.24352764121,0.07566935619650852,0,0,0,41
2026-01-01,IPHONE_15_256,Apple,Smartphones,80000,60000,76371.88181914564,77068.76071098293,0.045351477260679514,0,0,0,37
2026-01-02,IPHONE_15_256,Apple,Smartphones,80000,60000,72875.74878600492,73992.09553541981,0.0890531401749386,0,0,0,41
2026-01-03,IPHONE_15_256,Apple,Smartphones,80000,60000,72457.45202885708,74179.7612659114,0.09428184963928646,0,0,1,40
2026-01-04,IPHONE_15_256,Apple,Smartphones,80000,60000,73181.78224964067,74579.81096849187,0.08522772187949161,0,0,1,45
2026-01-05,IPHONE_15_256,Apple,Smartphones,80000,60000,73150.62905287425,77928.33627667595,0.08561713683907181,0,0,0,36
2026-01-06,IPHONE_15_256,Apple,Smartphones,80000,60000,72554.62403280809,73846.78236354726,0.09306719958989894,0,0,0,42
2026-01-07,IPHONE_15_256,Apple,Smartphones,80000,60000,71552.13529279002,73323.80562588073,0.10559830884012474,0,0,0,61
2026-01-08,IPHONE_15_256,Apple,Smartphones,80000,60000,70717.5190515246,72966.89372969235,0.1160310118559425,0,0,0,51
2026-01-09,IPHONE_15_256,Apple,Smartphones,80000,60000,73781.12809409105,74653.35770404256,0.07773589882386185,0,0,0,44
2026-01-10,IPHONE_15_256,Apple,Smartphones,80000,60000,76734.72915947287,76747.14127821752,0.04081588550658909,0,0,1,54
2026-01-11,IPHONE_15_256,Apple,Smartphones,80000,60000,71911.33488214326,71101.37004948831,0.10110831397320919,0,0,1,51
2026-01-12,IPHONE_15_256,Apple,Smartphones,80000,60000,70028.90593360276,70463.58509799505,0.12463867582996552,0,0,0,56
2026-01-13,IPHONE_15_256,Apple,Smartphones,80000,60000,70189.05480708808,72746.33740359571,0.12263681491139897,0,0,0,46
2026-01-14,IPHONE_15_256,Apple,Smartphones,80000,60000,75200.88891747697,76578.20731757695,0.05998888853153785,0,0,0,42
2026-01-15,IPHONE_15_256,Apple,Smartphones,80000,60000,70617.51849599971,73888.19842825895,0.11728101880000354,0,0,0,43
2026-01-16,IPHONE_15_256,Apple,Smartphones,80000,60000,73993.05016493495,75302.01065630162,0.07508687293831323,0,0,0,51
2026-01-17,IPHONE_15_256,Apple,Smartphones,80000,60000,72412.61278774834,73208.15051137273,0.0948423401531458,0,0,1,48
2026-01-18,IPHONE_15_256,Apple,Smartphones,80000,60000,72813.17409921094,69659.27942494235,0.08983532375986322,0,0,1,49
2026-01-19,IPHONE_15_256,Apple,Smartphones,80000,60000,64519.33968513474,68887.16389544468,0.19350825393581567,0,0,0,49
2026-01-20,IPHONE_15_256,Apple,Smartphones,80000,60000,70812.37176079431,74535.63777906021,0.11484535299007104,0,0,0,47
2026-01-21,IPHONE_15_256,Apple,Smartphones,80000,60000,75341.69745555226,77192.72539729442,0.05822878180559665,0,0,0,52
2026-01-22,IPHONE_15_256,Apple,Smartphones,80000,60000,76959.15307942286,73272.5328576124,0.038010586507214214,0,0,0,39
2026-01-23,IPHONE_15_256,Apple,Smartphones,80000,60000,79251.76602028818,80331.69763181105,0.009352924746397664,0,0,0,41
2026-01-24,IPHONE_15_256,Apple,Smartphones,80000,60000,74881.97548131098,75332.46126711917,0.06397530648361288,0,0,1,42
2026-01-25,IPHONE_15_256,Apple,Smartphones,80000,60000,75601.10589557322,77342.35038703356,0.05498617630533489,0,0,1,39
2026-01-26,IPHONE_15_256,Apple,Smartphones,80000,60000,72699.3000841458,73731.73884163889,0.09125874894817751,0,0,0,46
2026-01-27,IPHONE_15_256,Apple,Smartphones,80000,60000,79695.78213004,80848.33588434805,0.0038027233745000777,0,0,0,40
2026-01-28,IPHONE_15_256,Apple,Smartphones,80000,60000,75240.59748528972,76612.05822680784,0.05949253143387856,0,0,0,40
2026-01-29,IPHONE_15_256,Apple,Smartphones,80000,60000,70092.04062360304,70007.53657948384,0.12384949220496194,0,0,0,47
2026-01-30,IPHONE_15_256,Apple,Smartphones,80000,60000,73310.3732379373,77786.11088739635,0.08362033452578373,0,0,0,53
2026-01-31,IPHONE_15_256,Apple,Smartphones,80000,60000,72967.86773528709,73729.67644857704,0.0879016533089114,0,0,1,61
2026-02-01,IPHONE_15_256,Apple,Smartphones,80000,60000,76331.0248763791,79581.78753461964,0.04586218904526125,0,0,1,43
2026-02-02,IPHONE_15_256,Apple,Smartphones,80000,60000,70794.89040969058,70622.20248942402,0.1150638698788678,0,0,0,44
2026-02-03,IPHONE_15_256,Apple,Smartphones,80000,60000,78558.99194864665,80270.67921980111,0.0180126006419168,0,0,0,42
2026-02-04,IPHONE_15_256,Apple,Smartphones,80000,60000,79411.6464254199,80034.88948937772,0.007354419682251326,0,0,0,30
2026-02-05,IPHONE_15_256,Apple,Smartphones,80000,60000,76519.21754507761,75041.94948070587,0.04350978068652983,0,0,0,38
2026-02-06,IPHONE_15_256,Apple,Smartphones,80000,60000,72714.19669969879,71832.08498942111,0.09107254125376507,0,0,0,39
2026-02-07,IPHONE_15_256,Apple,Smartphones,80000,60000,73093.02432024098,76205.46789538286,0.08633719599698789,0,0,1,40
2026-02-08,IPHONE_15_256,Apple,Smartphones,80000,60000,71958.7357589002,71936.40369228023,0.10051580301374742,0,0,1,65
2026-02-09,IPHONE_15_256,Apple,Smartphones,80000,60000,74060.1385764791,75193.43154023949,0.07424826779401131,0,0,0,43
2026-02-10,IPHONE_15_256,Apple,Smartphones,80000,60000,77487.9191507274,75162.75639310895,0.03140101061590761,0,0,0,46
2026-02-11,IPHONE_15_256,Apple,Smartphones,80000,60000,76099.80504337727,77837.95210869718,0.04875243695778406,0,0,0,42
2026-02-12,IPHONE_15_256,Apple,Smartphones,80000,60000,71766.06836417927,73938.42482354902,0.10292414544775914,0,0,0,53
2026-02-13,IPHONE_15_256,Apple,Smartphones,80000,60000,75998.19506474576,76943.74632399739,0.050022561690678036,0,0,0,44
2026-02-14,IPHONE_15_256,Apple,Smartphones,80000,60000,74671.88813091631,75187.63016135572,0.0666013983635461,0,0,1,44
2026-02-15,IPHONE_15_256,Apple,Smartphones,80000,60000,74719.71737396719,75969.95524278498,0.0660035328254102,0,0,1,58
2026-02-16,IPHONE_15_256,Apple,Smartphones,80000,60000,76893.28534235338,78599.47102191421,0.03883393322058268,0,0,0,38
2026-02-17,IPHONE_15_256,Apple,Smartphones,80000,60000,70290.7049397121,71838.69621037254,0.12136618825359866,0,0,0,38
2026-02-18,IPHONE_15_256,Apple,Smartphones,80000,60000,70698.95457707049,68890.87313270656,0.11626306778661896,0,0,0,48
2026-02-19,IPHONE_15_256,Apple,Smartphones,80000,60000,70134.56947896641,71501.7861651504,0.12331788151291995,0,0,0,50
2026-02-20,IPHONE_15_256,Apple,Smartphones,80000,60000,75320.10480346963,74736.77131941986,0.0584986899566297,0,0,0,43
2026-02-21,IPHONE_15_256,Apple,Smartphones,80000,60000,69095.41360394376,71217.0395650425,0.13630732995070308,0,0,1,55
2026-02-22,IPHONE_15_256,Apple,Smartphones,80000,60000,74019.8340134215,72107.99086787688,0.07475207483223117,0,0,1,60
2026-02-23,IPHONE_15_256,Apple,Smartphones,80000,60000,69971.0234270121,68734.01127213571,0.12536220716234886,0,0,0,49
2026-02-24,IPHONE_15_256,Apple,Smartphones,80000,60000,77508.20976613896,79429.15239068177,0.03114737792326302,0,0,0,44
2026-02-25,IPHONE_15_256,Apple,Smartphones,80000,60000,74865.45824135326,74136.75810031057,0.06418177198308428,0,0,0,39
2026-02-26,IPHONE_15_256,Apple,Smartphones,80000,60000,72705.33092180773,76438.0539991195,0.09118336347740344,0,0,0,60
2026-02-27,IPHONE_15_256,Apple,Smartphones,80000,60000,77492.6213904297,78573.18129146403,0.031342232619628804,0,0,0,43
2026-02-28,IPHONE_15_256,Apple,Smartphones,80000,60000,75670.23994088531,78681.72505580558,0.05412200073893373,0,0,1,68
2026-03-01,IPHONE_15_256,Apple,Smartphones,80000,60000,70939.95567972498,72080.32384183482,0.1132505540034376,0,0,1,39
2026-03-02,IPHONE_15_256,Apple,Smartphones,80000,60000,77891.56156769181,78288.26202231547,0.026355480403852417,0,0,0,44
2026-03-03,IPHONE_15_256,Apple,Smartphones,80000,60000,73779.4177396164,75506.39269309325,0.07775727825479492,0,0,0,49
2026-03-04,IPHONE_15_256,Apple,Smartphones,80000,60000,73199.46344433894,75486.23662116395,0.08500670694576333,0,0,0,56
2026-03-05,IPHONE_15_256,Apple,Smartphones,80000,60000,75839.83341876541,72980.66764690107,0.052002082265432306,0,0,0,56
2026-03-06,IPHONE_15_256,Apple,Smartphones,80000,60000,69698.3273229316,71633.41269393507,0.1287709084633551,0,0,0,51
2026-03-07,IPHONE_15_256,Apple,Smartphones,80000,60000,68926.60532768627,67991.68828937144,0.1384174334039216,0,0,1,58
2026-03-08,IPHONE_15_256,Apple,Smartphones,80000,60000,69888.79009453378,68129.66302296378,0.12639012381832776,0,0,1,50
2026-03-09,IPHONE_15_256,Apple,Smartphones,80000,60000,77562.74813738772,78762.12814103575,0.030465648282653433,0,0,0,42
2026-03-10,IPHONE_15_256,Apple,Smartphones,80000,60000,77797.24468928351,78396.58539606644,0.02753444138395595,0,0,0,63
2026-03-11,IPHONE_15_256,Apple,Smartphones,80000,60000,70941.13520017943,71545.17204199135,0.11323580999775709,0,0,0,53
2026-03-12,IPHONE_15_256,Apple,Smartphones,80000,60000,74569.99421681932,72311.3299427797,0.06787507228975852,0,0,0,40
2026-03-13,IPHONE_15_256,Apple,Smartphones,80000,60000,70911.14657041189,72440.13913743151,0.11361066786985147,0,0,0,54
2026-03-14,IPHONE_15_256,Apple,Smartphones,80000,60000,71719.71271915865,75176.65909937926,0.10350359101051687,0,0,1,62
2026-03-15,IPHONE_15_256,Apple,Smartphones,80000,60000,73431.75921507755,74878.93764929278,0.08210300981153072,0,0,1,51
2026-03-16,IPHONE_15_256,Apple,Smartphones,80000,60000,74578.43011620747,73883.79030639246,0.06776962354740654,0,0,0,57
2026-03-17,IPHONE_15_256,Apple,Smartphones,80000,60000,75271.528002819,71526.19672956628,0.05910589996476241,0,0,0,57
2026-03-18,IPHONE_15_256,Apple,Smartphones,80000,60000,72094.63627174034,73587.33092926936,0.09881704660324579,0,0,0,44
2026-03-19,IPHONE_15_256,Apple,Smartphones,80000,60000,72157.1758994515,71373.76217553648,0.09803530125685636,0,0,0,53
2026-03-20,IPHONE_15_256,Apple,Smartphones,80000,60000,75225.81524715107,74828.27455800031,0.05967730941061171,0,0,0,32
2026-03-21,IPHONE_15_256,Apple,Smartphones,80000,60000,70472.86542851612,71506.02612390307,0.11908918214354841,0,0,1,62
2026-03-22,IPHONE_15_256,Apple,Smartphones,80000,60000,73461.93667174337,75608.56732812957,0.0817257916032078,0,0,1,49
2026-03-23,IPHONE_15_256,Apple,Smartphones,80000,60000,75303.03422084532,76739.65727660802,0.05871207223943342,0,0,0,45
2026-03-24,IPHONE_15_256,Apple,Smartphones,80000,60000,67957.2296907102,70829.51753961621,0.1505346288661224,0,0,0,48
2026-03-25,IPHONE_15_256,Apple,Smartphones,80000,60000,72626.82748135005,73510.51022762353,0.09216465648312433,0,0,0,57
2026-03-26,IPHONE_15_256,Apple,Smartphones,80000,60000,72009.31102563979,70839.77990362671,0.09988361217950262,0,0,0,55
2026-03-27,IPHONE_15_256,Apple,Smartphones,80000,60000,64774.241143366155,63602.646718994954,0.19032198570792297,0,0,0,56
2026-03-28,IPHONE_15_256,Apple,Smartphones,80000,60000,72051.18236213822,71784.23219440479,0.09936022047327232,0,0,1,49
2026-03-29,IPHONE_15_256,Apple,Smartphones,80000,60000,68214.35177449013,67575.49884086919,0.14732060281887338,0,0,1,59
2026-03-30,IPHONE_15_256,Apple,Smartphones,80000,60000,79131.36575940799,81408.56755840982,0.01085792800740018,0,0,0,46
2026-03-31,IPHONE_15_256,Apple,Smartphones,80000,60000,79417.87309559734,79576.11756671609,0.0072765863050331114,0,0,0,58
2026-04-01,IPHONE_15_256,Apple,Smartphones,80000,60000,68998.5411637473,70310.63103495605,0.1375182354531587,0,0,0,55
2026-04-02,IPHONE_15_256,Apple,Smartphones,80000,60000,73549.55275827555,75154.0920497776,0.08063059052155563,0,0,0,53
2026-04-03,IPHONE_15_256,Apple,Smartphones,80000,60000,80000.0,79540.23089527238,0.0,0,0,0,33
2026-04-04,IPHONE_15_256,Apple,Smartphones,80000,60000,74967.16675886432,76903.80637102657,0.06291041551419593,0,0,1,46
2026-04-05,IPHONE_15_256,Apple,Smartphones,80000,60000,76357.98075228764,77500.83066843265,0.04552524059640447,0,0,1,33
2026-04-06,IPHONE_15_256,Apple,Smartphones,80000,60000,73821.38855722075,73490.80879478609,0.07723264303474053,0,0,0,59
2026-04-07,IPHONE_15_256,Apple,Smartphones,80000,60000,75049.53920403379,75634.75441426683,0.06188075994957749,0,0,0,48
2026-04-08,IPHONE_15_256,Apple,Smartphones,80000,60000,78785.15964840904,81116.39216589316,0.015185504394886945,0,0,0,43
2026-04-09,IPHONE_15_256,Apple,Smartphones,80000,60000,75787.23785876713,76052.87186075258,0.052659526765411004,0,0,0,51
2026-04-10,IPHONE_15_256,Apple,Smartphones,80000,60000,71185.77416671647,69377.2514243224,0.11017782291604421,0,0,0,52
2026-04-11,IPHONE_15_256,Apple,Smartphones,80000,60000,75866.26629903172,78439.46642970869,0.051671671262103605,0,0,1,49
2026-04-12,IPHONE_15_256,Apple,Smartphones,80000,60000,73662.44079441055,73130.4404400025,0.07921949006986814,0,0,1,67
2026-04-13,IPHONE_15_256,Apple,Smartphones,80000,60000,78124.48300474933,79490.97335219337,0.023443962440633452,0,0,0,44
2026-04-14,IPHONE_15_256,Apple,Smartphones,80000,60000,71638.03828606236,77395.326740302,0.10452452142422043,0,0,0,42
2026-04-15,IPHONE_15_256,Apple,Smartphones,80000,60000,73892.1598203633,75357.63910350366,0.07634800224545879,0,0,0,53
2026-04-16,IPHONE_15_256,Apple,Smartphones,80000,60000,72311.23945004954,73386.58412260709,0.09610950687438063,0,0,0,54
2026-04-17,IPHONE_15_256,Apple,Smartphones,80000,60000,69505.85137159062,70980.48015451469,0.1311768578551173,0,0,0,53
2026-04-18,IPHONE_15_256,Apple,Smartphones,80000,60000,71500.27932961361,72714.47533391623,0.10624650837982988,0,0,1,60
2026-04-19,IPHONE_15_256,Apple,Smartphones,80000,60000,76376.75065763287,75932.08469043396,0.04529061677958913,0,0,1,64
2026-04-20,IPHONE_15_256,Apple,Smartphones,80000,60000,76929.85090221596,79726.223616992,0.03837686372230048,0,0,0,41
2026-04-21,IPHONE_15_256,Apple,Smartphones,80000,60000,77905.23743005769,78402.06916340724,0.02618453212427886,0,0,0,49
2026-04-22,IPHONE_15_256,Apple,Smartphones,80000,60000,74616.72665123559,71618.14742168899,0.06729091685955517,0,0,0,43
2026-04-23,IPHONE_15_256,Apple,Smartphones,80000,60000,71825.74913063264,71290.28875514641,0.10217813586709205,0,0,0,51
2026-04-24,IPHONE_15_256,Apple,Smartphones,80000,60000,69928.73100615265,70235.85979186138,0.12589086242309186,0,0,0,65
2026-04-25,IPHONE_15_256,Apple,Smartphones,80000,60000,71193.16235743805,72047.12698128638,0.11008547053202447,0,0,1,55
2026-04-26,IPHONE_15_256,Apple,Smartphones,80000,60000,76676.13719049787,80165.86810266502,0.04154828511877657,0,0,1,66
2026-04-27,IPHONE_15_256,Apple,Smartphones,80000,60000,70142.69464067457,69034.51855135449,0.12321631699156783,0,0,0,47
2026-04-28,IPHONE_15_256,Apple,Smartphones,80000,60000,73970.07419580423,74843.43694856907,0.07537407255244699,0,0,0,48
2026-04-29,IPHONE_15_256,Apple,Smartphones,80000,60000,69816.99590124321,72061.9460247842,0.1272875512344599,0,0,0,62
2026-04-30,IPHONE_15_256,Apple,Smartphones,80000,60000,74160.98721782365,75332.43805078603,0.07298765977720427,0,0,0,65
2026-05-01,IPHONE_15_256,Apple,Smartphones,80000,60000,70391.11559640222,69727.02560108787,0.12011105504497228,0,0,0,51
2026-05-02,IPHONE_15_256,Apple,Smartphones,80000,60000,69037.00203288416,69084.16192704054,0.13703747458894797,0,0,1,53
2026-05-03,IPHONE_15_256,Apple,Smartphones,80000,60000,74279.55649391079,71512.62412673865,0.07150554382611514,0,0,1,46
2026-05-04,IPHONE_15_256,Apple,Smartphones,80000,60000,75301.40976704573,75795.93113220675,0.05873237791192846,0,0,0,51
2026-05-05,IPHONE_15_256,Apple,Smartphones,80000,60000,72738.50537047688,71473.72935045655,0.09076868286903898,0,0,0,55
2026-05-06,IPHONE_15_256,Apple,Smartphones,80000,60000,75658.56289733709,79547.80693154459,0.05426796378328637,0,0,0,49
2026-05-07,IPHONE_15_256,Apple,Smartphones,80000,60000,70602.9775513562,73553.99212971664,0.11746278060804755,0,0,0,53
2026-05-08,IPHONE_15_256,Apple,Smartphones,80000,60000,71867.11836553516,75529.39436930158,0.10166102043081038,0,0,0,51
2026-05-09,IPHONE_15_256,Apple,Smartphones,80000,60000,72512.54795815553,73065.77477227834,0.09359315052305589,0,0,1,60
2026-05-10,IPHONE_15_256,Apple,Smartphones,80000,60000,73769.13044175135,76586.70595663493,0.07788586947810822,0,0,1,40
2026-05-11,IPHONE_15_256,Apple,Smartphones,80000,60000,70827.534530914,71151.33840851097,0.11465581836357512,0,0,0,46
2026-05-12,IPHONE_15_256,Apple,Smartphones,80000,60000,75419.51527939283,76332.40861024999,0.057256059007589725,0,0,0,44
2026-05-13,IPHONE_15_256,Apple,Smartphones,80000,60000,74811.76687404749,77044.55859539489,0.0648529140744064,0,0,0,42
2026-05-14,IPHONE_15_256,Apple,Smartphones,80000,60000,70838.14578346338,70285.65565963574,0.11452317770670781,0,0,0,52
2026-05-15,IPHONE_15_256,Apple,Smartphones,80000,60000,74955.68706349646,73894.60251488943,0.06305391170629421,0,0,0,63
2026-05-16,IPHONE_15_256,Apple,Smartphones,80000,60000,73626.00797238988,74927.31282473802,0.07967490034512645,0,0,1,53
2026-05-17,IPHONE_15_256,Apple,Smartphones,80000,60000,72820.62382299492,72621.79919313802,0.08974220221256343,0,0,1,50
2026-05-18,IPHONE_15_256,Apple,Smartphones,80000,60000,74940.52400026073,76363.41185610318,0.0632434499967409,0,0,0,48
2026-05-19,IPHONE_15_256,Apple,Smartphones,80000,60000,74766.5508557233,75396.22911503182,0.06541811430345881,0,0,0,55
2026-05-20,IPHONE_15_256,Apple,Smartphones,80000,60000,72491.76322361271,73694.31243228927,0.09385295970484114,0,0,0,49
2026-05-21,IPHONE_15_256,Apple,Smartphones,80000,60000,80000.0,79808.24365597969,0.0,0,0,0,41
2026-05-22,IPHONE_15_256,Apple,Smartphones,80000,60000,80000.0,81942.35881243841,0.0,0,0,0,36
2026-05-23,IPHONE_15_256,Apple,Smartphones,80000,60000,76359.5108820186,75271.87708803346,0.04550611397476745,0,0,1,36
2026-05-24,IPHONE_15_256,Apple,Smartphones,80000,60000,72216.62102686855,67784.99993993322,0.09729223716414319,0,0,1,49
2026-05-25,IPHONE_15_256,Apple,Smartphones,80000,60000,74317.75389944298,74061.26891589699,0.07102807625696278,0,0,0,45
2026-05-26,IPHONE_15_256,Apple,Smartphones,80000,60000,73472.62386627389,75232.91115527348,0.08159220167157633,0,0,0,48
2026-05-27,IPHONE_15_256,Apple,Smartphones,80000,60000,72691.51590781295,70140.29304486461,0.0913560511523381,0,0,0,51
2026-05-28,IPHONE_15_256,Apple,Smartphones,80000,60000,73615.5688222146,76520.64656102947,0.07980538972231753,0,0,0,51
2026-05-29,IPHONE_15_256,Apple,Smartphones,80000,60000,68367.31004647721,69768.33673331214,0.14540862441903485,0,0,0,57
2026-05-30,IPHONE_15_256,Apple,Smartphones,80000,60000,75310.40139145419,77013.32631870554,0.0586199826068227,0,0,1,49
2026-05-31,IPHONE_15_256,Apple,Smartphones,80000,60000,69581.75528217774,69673.42526301938,0.13022805897277825,0,0,1,57
2026-06-01,IPHONE_15_256,Apple,Smartphones,80000,60000,78757.313764282,81301.30809820034,0.015533577946474988,0,0,0,51
2026-06-02,IPHONE_15_256,Apple,Smartphones,80000,60000,73529.40957088777,71428.0893616288,0.08088238036390287,0,0,0,44
2026-06-03,IPHONE_15_256,Apple,Smartphones,80000,60000,73139.9746569624,77887.16702748428,0.08575031678796992,0,0,0,48
2026-06-04,IPHONE_15_256,Apple,Smartphones,80000,60000,70589.03847452068,71666.70096915566,0.11763701906849142,0,0,0,43
2026-06-05,IPHONE_15_256,Apple,Smartphones,80000,60000,72945.22552778912,75562.94412136199,0.08818468090263594,0,0,0,54
2026-06-06,IPHONE_15_256,Apple,Smartphones,80000,60000,73856.77686760636,72956.14976819327,0.07679028915492059,0,0,1,50
2026-06-07,IPHONE_15_256,Apple,Smartphones,80000,60000,71473.3583150389,71666.76766656629,0.10658302106201378,0,0,1,51
2026-06-08,IPHONE_15_256,Apple,Smartphones,80000,60000,76739.4824722643,79289.93832792199,0.040756469096696286,0,0,0,51
2026-06-09,IPHONE_15_256,Apple,Smartphones,80000,60000,73969.98244892433,73741.17239156472,0.07537521938844585,0,0,0,45
2026-06-10,IPHONE_15_256,Apple,Smartphones,80000,60000,79261.03619189345,79852.9561860488,0.00923704760133183,0,0,0,37
2026-06-11,IPHONE_15_256,Apple,Smartphones,80000,60000,73790.74559047027,75200.0946519664,0.07761568011912165,0,0,0,47
2026-06-12,IPHONE_15_256,Apple,Smartphones,80000,60000,70353.73307875854,72768.80359660056,0.12057833651551828,0,0,0,53
2026-06-13,IPHONE_15_256,Apple,Smartphones,80000,60000,74881.37309814533,75977.8022258868,0.06398283627318346,0,0,1,53
2026-06-14,IPHONE_15_256,Apple,Smartphones,80000,60000,72175.89655494636,72121.20649640393,0.09780129306317048,0,0,1,52
2026-06-15,IPHONE_15_256,Apple,Smartphones,80000,60000,70221.49716638104,68242.7118051924,0.12223128542023703,0,0,0,52
2026-06-16,IPHONE_15_256,Apple,Smartphones,80000,60000,76357.03339757233,75607.73524855467,0.045537082530345815,0,0,0,39
2026-06-17,IPHONE_15_256,Apple,Smartphones,80000,60000,76327.54116940583,78433.0896630572,0.04590573538242711,0,0,0,43
2026-06-18,IPHONE_15_256,Apple,Smartphones,80000,60000,75364.0699426949,77496.78928427416,0.05794912571631369,0,0,0,33
2026-06-19,IPHONE_15_256,Apple,Smartphones,80000,60000,73475.7953669563,71003.8722679416,0.08155255791304625,0,0,0,56
2026-06-20,IPHONE_15_256,Apple,Smartphones,80000,60000,76756.9890770685,79688.93142471647,0.04053763653664364,0,0,1,35
2026-06-21,IPHONE_15_256,Apple,Smartphones,80000,60000,73655.64617903128,74194.6862498704,0.0793044227621091,0,0,1,48
2026-06-22,IPHONE_15_256,Apple,Smartphones,80000,60000,75735.05386961048,78454.51579221514,0.05331182662986906,0,0,0,52
2026-06-23,IPHONE_15_256,Apple,Smartphones,80000,60000,68841.57924757562,68838.48993533927,0.13948025940530484,0,0,0,45
2026-06-24,IPHONE_15_256,Apple,Smartphones,80000,60000,71486.74676541013,72558.01853269387,0.10641566543237332,0,0,0,41
2026-06-25,IPHONE_15_256,Apple,Smartphones,80000,60000,78251.03356358809,80018.04375446544,0.02186208045514896,0,0,0,43
2026-06-26,IPHONE_15_256,Apple,Smartphones,80000,60000,70964.69077402409,72014.78676892596,0.11294136532469895,0,0,0,51
2026-06-27,IPHONE_15_256,Apple,Smartphones,80000,60000,75430.91548731162,76236.7314733659,0.057113556408604826,0,0,1,43
2026-06-28,IPHONE_15_256,Apple,Smartphones,80000,60000,76233.11696615619,75926.73434052167,0.047086037923047636,0,0,1,48
2026-06-29,IPHONE_15_256,Apple,Smartphones,80000,60000,74297.40116502851,71933.0834443719,0.07128248543714358,0,0,0,55
2026-06-30,IPHONE_15_256,Apple,Smartphones,80000,60000,72964.3034591783,73102.81127683485,0.08794620676027111,0,0,0,54
2026-07-01,IPHONE_15_256,Apple,Smartphones,80000,60000,72739.27000478488,71967.12037649204,0.09075912494018909,0,0,0,55
2026-07-02,IPHONE_15_256,Apple,Smartphones,80000,60000,75270.56136411284,79971.09377186283,0.05911798294858944,0,0,0,46
2026-07-03,IPHONE_15_256,Apple,Smartphones,80000,60000,75482.95966881774,76659.11785308074,0.056463004139778235,0,0,0,44
2026-07-04,IPHONE_15_256,Apple,Smartphones,80000,60000,76657.93936097599,77683.88772623429,0.041775757987800144,0,0,1,51
2026-07-05,IPHONE_15_256,Apple,Smartphones,80000,60000,80000.0,84884.13930585576,0.0,0,0,1,35
2026-07-06,IPHONE_15_256,Apple,Smartphones,80000,60000,73160.04182682537,74213.89361468758,0.08549947716468292,0,0,0,49
2026-07-07,IPHONE_15_256,Apple,Smartphones,80000,60000,75300.92240533687,75292.71085350977,0.058738469933289246,0,0,0,40
2026-07-08,IPHONE_15_256,Apple,Smartphones,80000,60000,73191.65788339693,74994.55036515213,0.08510427645753844,0,0,0,54
2026-07-09,IPHONE_15_256,Apple,Smartphones,80000,60000,72691.84741195837,72450.6458703569,0.09135190735052039,0,0,0,42
2026-07-10,IPHONE_15_256,Apple,Smartphones,80000,60000,76121.87987103495,75048.18061953221,0.0484765016120632,0,0,0,56
2026-07-11,IPHONE_15_256,Apple,Smartphones,80000,60000,70575.84303440993,72945.0538194689,0.11780196206987587,0,0,1,78
2026-07-12,IPHONE_15_256,Apple,Smartphones,80000,60000,72235.54533627402,74893.68674903209,0.09705568329657482,0,0,1,54
2026-07-13,IPHONE_15_256,Apple,Smartphones,80000,60000,73950.48839947286,76255.67691344416,0.07561889500658925,0,0,0,53
2026-07-14,IPHONE_15_256,Apple,Smartphones,80000,60000,75471.36654557104,76110.84360153545,0.05660791818036194,0,0,0,43
2026-07-15,IPHONE_15_256,Apple,Smartphones,80000,60000,73038.71303204156,74880.94175184084,0.08701608709948051,0,0,0,42
2026-07-16,IPHONE_15_256,Apple,Smartphones,80000,60000,74582.37840421413,71191.96088644951,0.06772026994732339,0,0,0,42
2026-07-17,IPHONE_15_256,Apple,Smartphones,80000,60000,70084.8698935123,72442.99736529308,0.12393912633109638,0,0,0,43
2026-07-18,IPHONE_15_256,Apple,Smartphones,80000,60000,72618.96339411825,71812.30461933515,0.09226295757352185,0,0,1,49
2026-07-19,IPHONE_15_256,Apple,Smartphones,80000,60000,72965.28410421513,72670.58143270886,0.0879339486973109,0,0,1,57
2026-07-20,IPHONE_15_256,Apple,Smartphones,80000,60000,70314.36162542916,70538.41003926005,0.12107047968213558,0,0,0,57
2026-07-21,IPHONE_15_256,Apple,Smartphones,80000,60000,77399.4195951588,78605.21171406936,0.03250725506051486,0,0,0,49
2026-07-22,IPHONE_15_256,Apple,Smartphones,80000,60000,79022.9075670069,78309.02396488283,0.012213655412413718,0,0,0,42
2026-07-23,IPHONE_15_256,Apple,Smartphones,80000,60000,72253.91517664965,75680.03399900642,0.09682606029187944,0,0,0,39
2026-07-24,IPHONE_15_256,Apple,Smartphones,80000,60000,70380.91834713951,71606.56146296955,0.12023852066075616,0,0,0,49
2026-07-25,IPHONE_15_256,Apple,Smartphones,80000,60000,76839.92653239716,75047.38867673658,0.03950091834503552,0,0,1,47
2026-07-26,IPHONE_15_256,Apple,Smartphones,80000,60000,70271.92889535638,74223.60430684163,0.12160088880804529,0,0,1,57
2026-07-27,IPHONE_15_256,Apple,Smartphones,80000,60000,75224.04573143032,73801.5292816624,0.05969942835712104,0,0,0,34
2026-07-28,IPHONE_15_256,Apple,Smartphones,80000,60000,71219.77786923085,72675.65390779174,0.10975277663461437,0,0,0,39
2026-07-29,IPHONE_15_256,Apple,Smartphones,80000,60000,72695.08064911702,75755.21070975196,0.09131149188603721,0,0,0,48
2026-07-30,IPHONE_15_256,Apple,Smartphones,80000,60000,71231.7519568238,72859.50888200739,0.10960310053970249,0,0,0,55
2026-07-31,IPHONE_15_256,Apple,Smartphones,80000,60000,77504.58619280593,80321.66777105365,0.031192672589925842,0,0,0,57
2025-01-01,IPHONE_16_128,Apple,Smartphones,80000,61000,76944.6642313449,78263.88682212424,0.03819169710818877,0,0,0,79
2025-01-02,IPHONE_16_128,Apple,Smartphones,80000,61000,73694.99063259814,71493.80240397096,0.07881261709252319,0,0,0,93
2025-01-03,IPHONE_16_128,Apple,Smartphones,80000,61000,72422.04103314826,72099.90638813755,0.09472448708564676,0,0,0,81
2025-01-04,IPHONE_16_128,Apple,Smartphones,80000,61000,72492.8212409135,71482.32757627849,0.09383973448858134,0,0,1,79
2025-01-05,IPHONE_16_128,Apple,Smartphones,80000,61000,71201.23305532084,74899.0283096364,0.10998458680848945,0,0,1,97
2025-01-06,IPHONE_16_128,Apple,Smartphones,80000,61000,79675.09676963196,78093.16883499584,0.004061290379600416,0,0,0,66
2025-01-07,IPHONE_16_128,Apple,Smartphones,80000,61000,78034.04749140523,79620.08738441077,0.0245744063574347,0,0,0,88
2025-01-08,IPHONE_16_128,Apple,Smartphones,80000,61000,71666.67647885976,72859.24042157295,0.10416654401425296,0,0,0,81
2025-01-09,IPHONE_16_128,Apple,Smartphones,80000,61000,76923.58148725609,79727.08868554723,0.038455231409298934,0,0,0,66
2025-01-10,IPHONE_16_128,Apple,Smartphones,80000,61000,74098.17005225232,73148.2112846852,0.07377287434684607,0,0,0,88
2025-01-11,IPHONE_16_128,Apple,Smartphones,80000,61000,72624.64313011084,71720.77485727082,0.09219196087361445,0,0,1,79
2025-01-12,IPHONE_16_128,Apple,Smartphones,80000,61000,74965.57504425649,77728.68058198968,0.06293031194679394,0,0,1,89
2025-01-13,IPHONE_16_128,Apple,Smartphones,80000,61000,70295.64111352373,73009.56789656353,0.12130448608095348,0,0,0,89
2025-01-14,IPHONE_16_128,Apple,Smartphones,80000,61000,73748.69904475135,73470.33125499195,0.07814126194060812,0,0,0,94
2025-01-15,IPHONE_16_128,Apple,Smartphones,80000,61000,72197.6715451882,71334.05418638141,0.09752910568514742,0,0,0,76
2025-01-16,IPHONE_16_128,Apple,Smartphones,80000,61000,72993.28726689999,73169.6571741242,0.08758390916375002,0,0,0,97
2025-01-17,IPHONE_16_128,Apple,Smartphones,80000,61000,76512.54241548451,80998.4633553145,0.043593219806443574,0,0,0,76
2025-01-18,IPHONE_16_128,Apple,Smartphones,80000,61000,72563.40670816312,74349.03643785442,0.09295741614796094,0,0,1,83
2025-01-19,IPHONE_16_128,Apple,Smartphones,80000,61000,72450.45976108267,72756.43711172945,0.09436925298646659,0,0,1,94
2025-01-20,IPHONE_16_128,Apple,Smartphones,80000,61000,71156.09181718422,70148.95432240768,0.11054885228519722,0,0,0,89
2025-01-21,IPHONE_16_128,Apple,Smartphones,80000,61000,75105.40812178349,77087.07150613837,0.06118239847770642,0,0,0,84
2025-01-22,IPHONE_16_128,Apple,Smartphones,80000,61000,76109.73144405778,77288.10480823283,0.048628356949277834,0,0,0,72
2025-01-23,IPHONE_16_128,Apple,Smartphones,80000,61000,71213.08779838774,69736.86968960914,0.10983640252015328,0,0,0,86
2025-01-24,IPHONE_16_128,Apple,Smartphones,80000,61000,75269.95194231287,75459.66652092028,0.059125600721089216,0,0,0,74
2025-01-25,IPHONE_16_128,Apple,Smartphones,80000,61000,75698.20153038377,76035.93549543137,0.05377248087020278,0,0,1,90
2025-01-26,IPHONE_16_128,Apple,Smartphones,80000,61000,75185.90485540123,77500.9104180031,0.06017618930748468,0,0,1,70
2025-01-27,IPHONE_16_128,Apple,Smartphones,80000,61000,73013.48376578624,71946.51208065088,0.08733145292767204,0,0,0,101
2025-01-28,IPHONE_16_128,Apple,Smartphones,80000,61000,74127.13173824166,77079.4540685166,0.07341085327197927,0,0,0,88
2025-01-29,IPHONE_16_128,Apple,Smartphones,80000,61000,74887.03896236439,73614.25426548236,0.0639120129704451,0,0,0,85
2025-01-30,IPHONE_16_128,Apple,Smartphones,80000,61000,72071.7972021094,68879.78882678563,0.09910253497363244,0,0,0,96
2025-01-31,IPHONE_16_128,Apple,Smartphones,80000,61000,72419.01579209756,75515.27616206826,0.09476230259878049,0,0,0,99
2025-02-01,IPHONE_16_128,Apple,Smartphones,80000,61000,69021.81409532294,71975.41877141994,0.1372273238084632,0,0,1,97
2025-02-02,IPHONE_16_128,Apple,Smartphones,80000,61000,74566.46117525944,76224.17526937675,0.06791923530925713,0,0,1,81
2025-02-03,IPHONE_16_128,Apple,Smartphones,80000,61000,73410.05216103257,70437.07841226595,0.08237434798709282,0,0,0,82
2025-02-04,IPHONE_16_128,Apple,Smartphones,80000,61000,73443.5809684354,73609.47218209138,0.0819552378945574,0,0,0,84
2025-02-05,IPHONE_16_128,Apple,Smartphones,80000,61000,73646.50895851255,74188.14449629685,0.07941863801859318,0,0,0,91
2025-02-06,IPHONE_16_128,Apple,Smartphones,80000,61000,76084.52248479617,78313.41129965828,0.04894346894004801,0,0,0,90
2025-02-07,IPHONE_16_128,Apple,Smartphones,80000,61000,75468.129437377,74839.9159379347,0.05664838203278731,0,0,0,86
2025-02-08,IPHONE_16_128,Apple,Smartphones,80000,61000,77925.82457069492,77654.43811772285,0.025927192866313446,0,0,1,97
2025-02-09,IPHONE_16_128,Apple,Smartphones,80000,61000,75501.84582894028,70756.07162599907,0.05622692713824658,0,0,1,80
2025-02-10,IPHONE_16_128,Apple,Smartphones,80000,61000,79248.54863474275,74429.59115070147,0.009393142065715593,0,0,0,79
2025-02-11,IPHONE_16_128,Apple,Smartphones,80000,61000,74231.83786599431,77551.90202723845,0.07210202667507119,0,0,0,91
2025-02-12,IPHONE_16_128,Apple,Smartphones,80000,61000,77499.6593220676,78207.71437564335,0.03125425847415512,0,0,0,79
2025-02-13,IPHONE_16_128,Apple,Smartphones,80000,61000,74296.1243905467,76202.95975292491,0.0712984451181663,0,0,0,106
2025-02-14,IPHONE_16_128,Apple,Smartphones,80000,61000,71630.36762721109,76205.62963776756,0.1046204046598613,0,0,0,77
2025-02-15,IPHONE_16_128,Apple,Smartphones,80000,61000,72910.96587711405,72177.70024381866,0.0886129265360743,0,0,1,93
2025-02-16,IPHONE_16_128,Apple,Smartphones,80000,61000,75183.61383004718,75049.56948907125,0.06020482712441034,0,0,1,88
2025-02-17,IPHONE_16_128,Apple,Smartphones,80000,61000,75396.66709636507,79289.68337061259,0.057541661295436614,0,0,0,84
2025-02-18,IPHONE_16_128,Apple,Smartphones,80000,61000,71773.54277549135,69564.11069502925,0.10283071530635807,0,0,0,80
2025-02-19,IPHONE_16_128,Apple,Smartphones,80000,61000,71296.2082136648,70293.33612122967,0.1087973973291901,0,0,0,99
2025-02-20,IPHONE_16_128,Apple,Smartphones,80000,61000,71187.97772822814,72347.1256044481,0.11015027839714818,0,0,0,74
2025-02-21,IPHONE_16_128,Apple,Smartphones,80000,61000,69481.1028657121,68960.87141070567,0.13148621417859865,0,0,0,100
2025-02-22,IPHONE_16_128,Apple,Smartphones,80000,61000,75829.18304892219,74786.41140797496,0.05213521188847266,0,0,1,88
2025-02-23,IPHONE_16_128,Apple,Smartphones,80000,61000,73831.60206691019,75018.61438013935,0.07710497416362273,0,0,1,89
2025-02-24,IPHONE_16_128,Apple,Smartphones,80000,61000,70936.34251596144,72580.1112307237,0.11329571855048193,0,0,0,80
2025-02-25,IPHONE_16_128,Apple,Smartphones,80000,61000,72171.55908703749,75189.35899556287,0.09785551141203142,0,0,0,85
2025-02-26,IPHONE_16_128,Apple,Smartphones,80000,61000,71734.44491827814,73488.31358166016,0.10331943852152331,0,0,0,88
2025-02-27,IPHONE_16_128,Apple,Smartphones,80000,61000,69660.5827115031,69514.08912776328,0.1292427161062113,0,0,0,94
2025-02-28,IPHONE_16_128,Apple,Smartphones,80000,61000,75303.38214110215,77171.90436656652,0.05870772323622318,0,0,0,94
2025-03-01,IPHONE_16_128,Apple,Smartphones,80000,61000,73372.42041824265,74036.63694435832,0.08284474477196696,0,0,1,74
2025-03-02,IPHONE_16_128,Apple,Smartphones,80000,61000,66912.55841996278,69562.72505306036,0.16359301975046536,0,0,1,113
2025-03-03,IPHONE_16_128,Apple,Smartphones,80000,61000,71576.08469404056,72491.89919138818,0.10529894132449293,0,0,0,96
2025-03-04,IPHONE_16_128,Apple,Smartphones,80000,61000,73526.6266922327,73703.89143863237,0.08091716634709124,0,0,0,87
2025-03-05,IPHONE_16_128,Apple,Smartphones,80000,61000,73010.3176499666,72848.82598213457,0.08737102937541746,0,0,0,90
2025-03-06,IPHONE_16_128,Apple,Smartphones,80000,61000,76929.0975746979,77602.45766934581,0.03838628031627633,0,0,0,88
2025-03-07,IPHONE_16_128,Apple,Smartphones,80000,61000,72785.34737984944,75256.11811075798,0.09018315775188199,0,0,0,91
2025-03-08,IPHONE_16_128,Apple,Smartphones,80000,61000,77422.06102719458,79554.06093287736,0.03222423716006776,0,0,1,99
2025-03-09,IPHONE_16_128,Apple,Smartphones,80000,61000,73595.46671220056,75094.55649125182,0.08005666609749294,0,0,1,95
2025-03-10,IPHONE_16_128,Apple,Smartphones,80000,61000,73211.79348561176,71955.98006259385,0.08485258142985296,0,0,0,91
2025-03-11,IPHONE_16_128,Apple,Smartphones,80000,61000,70508.98606923466,70762.32340325284,0.11863767413456675,0,0,0,106
2025-03-12,IPHONE_16_128,Apple,Smartphones,80000,61000,74260.56628207395,74247.78372817682,0.07174292147407567,0,0,0,101
2025-03-13,IPHONE_16_128,Apple,Smartphones,80000,61000,75097.3186783641,76402.0810004074,0.061283516520448694,0,0,0,90
2025-03-14,IPHONE_16_128,Apple,Smartphones,80000,61000,75463.1824347625,77579.74261965786,0.056710219565468886,0,0,0,90
2025-03-15,IPHONE_16_128,Apple,Smartphones,80000,61000,71718.55509811941,73124.60108584976,0.10351806127350742,0,0,1,87
2025-03-16,IPHONE_16_128,Apple,Smartphones,80000,61000,76384.39986103942,77624.78357712127,0.04519500173700727,0,0,1,90
2025-03-17,IPHONE_16_128,Apple,Smartphones,80000,61000,70717.64331732508,72833.3418182187,0.11602945853343641,0,0,0,80
2025-03-18,IPHONE_16_128,Apple,Smartphones,80000,61000,71792.35440591227,72545.06356711243,0.10259556992609678,0,0,0,94
2025-03-19,IPHONE_16_128,Apple,Smartphones,80000,61000,73667.85193483514,76619.08046656536,0.07915185081456078,0,0,0,89
2025-03-20,IPHONE_16_128,Apple,Smartphones,80000,61000,72818.56519663348,74077.53206358574,0.08976793504208148,0,0,0,88
2025-03-21,IPHONE_16_128,Apple,Smartphones,80000,61000,65885.39031758427,66040.86235579212,0.17643262103019658,0,0,0,96
2025-03-22,IPHONE_16_128,Apple,Smartphones,80000,61000,79452.84811678884,79909.18903237408,0.006839398540139513,0,0,1,74
2025-03-23,IPHONE_16_128,Apple,Smartphones,80000,61000,73920.9943394179,75148.57861812219,0.07598757075727626,0,0,1,86
2025-03-24,IPHONE_16_128,Apple,Smartphones,80000,61000,72238.68258362656,69440.56822270724,0.09701646770466786,0,0,0,94
2025-03-25,IPHONE_16_128,Apple,Smartphones,80000,61000,72180.343238021,72798.57624161831,0.09774570952473749,0,0,0,89
2025-03-26,IPHONE_16_128,Apple,Smartphones,80000,61000,74335.69089352222,72113.25078378839,0.07080386383097236,0,0,0,97
2025-03-27,IPHONE_16_128,Apple,Smartphones,80000,61000,69603.5449799902,69569.72678796909,0.1299556877501226,0,0,0,93
2025-03-28,IPHONE_16_128,Apple,Smartphones,80000,61000,71753.53652488189,71028.91834162398,0.10308079343897641,0,0,0,84
2025-03-29,IPHONE_16_128,Apple,Smartphones,80000,61000,69902.84077260525,69073.73078303643,0.1262144903424342,0,0,1,99
2025-03-30,IPHONE_16_128,Apple,Smartphones,80000,61000,74043.25533842706,74443.35937290755,0.07445930826966177,0,0,1,97
2025-03-31,IPHONE_16_128,Apple,Smartphones,80000,61000,73775.4150219411,74958.10915831558,0.07780731222573625,0,0,0,107
2025-04-01,IPHONE_16_128,Apple,Smartphones,80000,61000,71014.17587506736,69859.08889994986,0.11232280156165791,0,0,0,88
2025-04-02,IPHONE_16_128,Apple,Smartphones,80000,61000,71954.00351321434,73788.36071564112,0.10057495608482073,0,0,0,94
2025-04-03,IPHONE_16_128,Apple,Smartphones,80000,61000,74911.78911740889,74239.89543378119,0.06360263603238894,0,0,0,85
2025-04-04,IPHONE_16_128,Apple,Smartphones,80000,61000,75857.85540153054,76759.98535088419,0.051776807480868256,0,0,0,84
2025-04-05,IPHONE_16_128,Apple,Smartphones,80000,61000,70334.16247212609,71971.14730878052,0.12082296909842383,0,0,1,103
2025-04-06,IPHONE_16_128,Apple,Smartphones,80000,61000,75173.15787818475,76825.76637278628,0.06033552652269053,0,0,1,95
2025-04-07,IPHONE_16_128,Apple,Smartphones,80000,61000,72113.1269342962,73102.6575001014,0.09858591332129735,0,0,0,95
2025-04-08,IPHONE_16_128,Apple,Smartphones,80000,61000,71161.90939515247,73561.51227920518,0.11047613256059412,0,0,0,82
2025-04-09,IPHONE_16_128,Apple,Smartphones,80000,61000,74932.22724321373,74133.9892283584,0.06334715945982847,0,0,0,81
2025-04-10,IPHONE_16_128,Apple,Smartphones,80000,61000,73812.44006191807,71441.82884833026,0.07734449922602418,0,0,0,88
2025-04-11,IPHONE_16_128,Apple,Smartphones,80000,61000,73188.58116451727,72965.11525638832,0.08514273544353407,0,0,0,92
2025-04-12,IPHONE_16_128,Apple,Smartphones,80000,61000,77084.71900023722,78304.33046732521,0.0364410124970347,0,0,1,83
2025-04-13,IPHONE_16_128,Apple,Smartphones,80000,61000,77352.20179914702,78961.54663425272,0.033097477510662277,0,0,1,100
2025-04-14,IPHONE_16_128,Apple,Smartphones,80000,61000,70817.40979931477,73958.01034847523,0.11478237750856538,0,0,0,101
2025-04-15,IPHONE_16_128,Apple,Smartphones,80000,61000,71829.12819340156,71695.92435218417,0.10213589758248054,0,0,0,85
2025-04-16,IPHONE_16_128,Apple,Smartphones,80000,61000,75760.96148070005,79567.04192456316,0.05298798149124937,0,0,0,103
2025-04-17,IPHONE_16_128,Apple,Smartphones,80000,61000,75901.8128331182,74347.18342724198,0.05122733958602254,0,0,0,84
2025-04-18,IPHONE_16_128,Apple,Smartphones,80000,61000,76579.81601908857,77326.76633839971,0.04275229976139279,0,0,0,83
2025-04-19,IPHONE_16_128,Apple,Smartphones,80000,61000,71721.44850482474,73521.2812575683,0.10348189368969063,0,0,1,89
2025-04-20,IPHONE_16_128,Apple,Smartphones,80000,61000,76476.72994427283,76527.83887267488,0.04404087569658961,0,0,1,102
2025-04-21,IPHONE_16_128,Apple,Smartphones,80000,61000,74990.28885934952,73577.67349240124,0.06262138925813109,0,0,0,74
2025-04-22,IPHONE_16_128,Apple,Smartphones,80000,61000,75051.10738881138,78288.20441727985,0.06186115763985792,0,0,0,90
2025-04-23,IPHONE_16_128,Apple,Smartphones,80000,61000,77161.37320311563,78340.77817105832,0.0354828349610547,0,0,0,82
2025-04-24,IPHONE_16_128,Apple,Smartphones,80000,61000,69816.8805480372,72771.43543995083,0.12728899314953504,0,0,0,114
2025-04-25,IPHONE_16_128,Apple,Smartphones,80000,61000,68941.54806999827,70157.0618927182,0.1382306491250216,0,0,0,107
2025-04-26,IPHONE_16_128,Apple,Smartphones,80000,61000,72347.29697620687,72164.19662469637,0.09565878779741416,0,0,1,107
2025-04-27,IPHONE_16_128,Apple,Smartphones,80000,61000,77213.57198144942,77709.16938692747,0.03483035023188234,0,0,1,87
2025-04-28,IPHONE_16_128,Apple,Smartphones,80000,61000,70529.66806895529,67371.25458020717,0.11837914913805889,0,0,0,99
2025-04-29,IPHONE_16_128,Apple,Smartphones,80000,61000,74887.34092432534,76653.54168811829,0.06390823844593332,0,0,0,75
2025-04-30,IPHONE_16_128,Apple,Smartphones,80000,61000,73591.18636466228,76590.00948907167,0.08011017044172143,0,0,0,85
2025-05-01,IPHONE_16_128,Apple,Smartphones,80000,61000,71955.66524230031,72305.31966969217,0.10055418447124619,0,0,0,74
2025-05-02,IPHONE_16_128,Apple,Smartphones,80000,61000,68705.21620646166,71178.71017363858,0.14118479741922924,0,0,0,91
2025-05-03,IPHONE_16_128,Apple,Smartphones,80000,61000,74679.88336673798,76237.8973737213,0.06650145791577532,0,0,1,106
2025-05-04,IPHONE_16_128,Apple,Smartphones,80000,61000,71388.22477789361,73832.50231437584,0.10764719027632984,0,0,1,92
2025-05-05,IPHONE_16_128,Apple,Smartphones,80000,61000,74147.95588721133,76854.52262786427,0.07315055140985845,0,0,0,77
2025-05-06,IPHONE_16_128,Apple,Smartphones,80000,61000,73945.36337932911,75256.13265003495,0.07568295775838614,0,0,0,85
2025-05-07,IPHONE_16_128,Apple,Smartphones,80000,61000,76230.49707756075,79125.81695877248,0.047118786530490606,0,0,0,94
2025-05-08,IPHONE_16_128,Apple,Smartphones,80000,61000,69319.50601848545,69872.24942268773,0.1335061747689318,0,0,0,94
2025-05-09,IPHONE_16_128,Apple,Smartphones,80000,61000,77721.70380447502,75829.50125909361,0.028478702444062295,0,0,0,84
2025-05-10,IPHONE_16_128,Apple,Smartphones,80000,61000,72509.10733254244,69209.17977436013,0.09363615834321957,0,0,1,104
2025-05-11,IPHONE_16_128,Apple,Smartphones,80000,61000,72797.03248532876,73257.10012381987,0.09003709393339052,0,0,1,105
2025-05-12,IPHONE_16_128,Apple,Smartphones,80000,61000,74218.91889790374,75089.82188081885,0.07226351377620323,0,0,0,92
2025-05-13,IPHONE_16_128,Apple,Smartphones,80000,61000,79478.19754037328,81630.51285911488,0.006522530745334099,0,0,0,65
2025-05-14,IPHONE_16_128,Apple,Smartphones,80000,61000,73921.44629652538,75708.07540247845,0.07598192129343277,0,0,0,88
2025-05-15,IPHONE_16_128,Apple,Smartphones,80000,61000,71608.0503774966,77896.86664369583,0.10489937028129233,0,0,0,85
2025-05-16,IPHONE_16_128,Apple,Smartphones,80000,61000,74786.52710966357,74686.66071804638,0.06516841112920539,0,0,0,86
2025-05-17,IPHONE_16_128,Apple,Smartphones,80000,61000,71548.07857089912,69984.33786227636,0.10564901786376107,0,0,1,104
2025-05-18,IPHONE_16_128,Apple,Smartphones,80000,61000,75655.8533015189,76144.72319752786,0.054301833731013674,0,0,1,95
2025-05-19,IPHONE_16_128,Apple,Smartphones,80000,61000,73575.40576628518,73873.968661716,0.08030742792143518,0,0,0,90
2025-05-20,IPHONE_16_128,Apple,Smartphones,80000,61000,73165.09000224168,74625.00291443501,0.08543637497197905,0,0,0,71
2025-05-21,IPHONE_16_128,Apple,Smartphones,80000,61000,74120.58854665655,71898.09240481607,0.07349264316679302,0,0,0,87
2025-05-22,IPHONE_16_128,Apple,Smartphones,80000,61000,76489.5055947721,76412.52042879323,0.04388118006534872,0,0,0,84
2025-05-23,IPHONE_16_128,Apple,Smartphones,80000,61000,77061.18022888529,80248.3118933323,0.036735247138933814,0,0,0,75
2025-05-24,IPHONE_16_128,Apple,Smartphones,80000,61000,71553.19824500065,73231.89880834434,0.10558502193749185,0,0,1,102
2025-05-25,IPHONE_16_128,Apple,Smartphones,80000,61000,67481.73429389889,66998.03307903558,0.15647832132626394,0,0,1,109
2025-05-26,IPHONE_16_128,Apple,Smartphones,80000,61000,72202.53171481431,69869.90107216788,0.09746835356482123,0,0,0,75
2025-05-27,IPHONE_16_128,Apple,Smartphones,80000,61000,71281.43531829873,73902.95355673555,0.10898205852126583,0,0,0,92
2025-05-28,IPHONE_16_128,Apple,Smartphones,80000,61000,70458.7877865761,70834.54632969532,0.11926515266779883,0,0,0,99
2025-05-29,IPHONE_16_128,Apple,Smartphones,80000,61000,72643.35135053264,72877.05413207604,0.09195810811834193,0,0,0,84
2025-05-30,IPHONE_16_128,Apple,Smartphones,80000,61000,71613.81295952511,72364.78808590156,0.1048273380059361,0,0,0,69
2025-05-31,IPHONE_16_128,Apple,Smartphones,80000,61000,74454.52876734611,77147.75716300936,0.0693183904081737,0,0,1,84
2025-06-01,IPHONE_16_128,Apple,Smartphones,80000,61000,71517.77502848751,71866.64469990079,0.10602781214390607,0,0,1,106
2025-06-02,IPHONE_16_128,Apple,Smartphones,80000,61000,73657.56956058143,74926.65941915041,0.07928038049273226,0,0,0,68
2025-06-03,IPHONE_16_128,Apple,Smartphones,80000,61000,76900.98577563532,77247.6756976271,0.03873767780455861,0,0,0,102
2025-06-04,IPHONE_16_128,Apple,Smartphones,80000,61000,71893.32707341592,69816.73552993886,0.10133341158230105,0,0,0,103
2025-06-05,IPHONE_16_128,Apple,Smartphones,80000,61000,72663.57215842414,76075.25748104745,0.09170534801969826,0,0,0,90
2025-06-06,IPHONE_16_128,Apple,Smartphones,80000,61000,73363.49299810815,72136.02181394432,0.08295633752364816,0,0,0,81
2025-06-07,IPHONE_16_128,Apple,Smartphones,80000,61000,70922.37399414423,75753.3814743831,0.11347032507319713,0,0,1,79
2025-06-08,IPHONE_16_128,Apple,Smartphones,80000,61000,78698.12877784565,78096.53375410842,0.016273390276929423,0,0,1,100
2025-06-09,IPHONE_16_128,Apple,Smartphones,80000,61000,77497.48346666485,81574.04886682889,0.031281456666689404,0,0,0,58
2025-06-10,IPHONE_16_128,Apple,Smartphones,80000,61000,71110.36929059414,69827.26960409475,0.11112038386757321,0,0,0,111
2025-06-11,IPHONE_16_128,Apple,Smartphones,80000,61000,75747.21930641275,76633.59862716339,0.05315975866984067,0,0,0,100
2025-06-12,IPHONE_16_128,Apple,Smartphones,80000,61000,70719.44682401426,72313.61351410983,0.11600691469982183,0,0,0,91
2025-06-13,IPHONE_16_128,Apple,Smartphones,80000,61000,76606.32824496971,77527.67742482935,0.042420896937878656,0,0,0,84
2025-06-14,IPHONE_16_128,Apple,Smartphones,80000,61000,73711.7042745048,71861.09902627901,0.07860369656869008,0,0,1,114
2025-06-15,IPHONE_16_128,Apple,Smartphones,80000,61000,68914.58095077294,68588.18013197556,0.13856773811533835,0,0,1,104
2025-06-16,IPHONE_16_128,Apple,Smartphones,80000,61000,77465.67637651903,77395.6562332423,0.031679045293512204,0,0,0,105
2025-06-17,IPHONE_16_128,Apple,Smartphones,80000,61000,74321.33735943078,74935.1694486696,0.0709832830071152,0,0,0,76
2025-06-18,IPHONE_16_128,Apple,Smartphones,80000,61000,74366.44190606693,75083.57544078786,0.07041947617416337,0,0,0,69
2025-06-19,IPHONE_16_128,Apple,Smartphones,80000,61000,73181.12571894738,74091.91454541261,0.08523592851315759,0,0,0,97
2025-06-20,IPHONE_16_128,Apple,Smartphones,80000,61000,72500.6244761773,74047.76156363336,0.09374219404778389,0,0,0,87
2025-06-21,IPHONE_16_128,Apple,Smartphones,80000,61000,72257.3788655955,74296.73715592187,0.0967827641800563,0,0,1,85
2025-06-22,IPHONE_16_128,Apple,Smartphones,80000,61000,75207.48189079408,76968.11517625322,0.059906476365074054,0,0,1,85
2025-06-23,IPHONE_16_128,Apple,Smartphones,80000,61000,71057.70552184425,71987.63737500047,0.11177868097694671,0,0,0,106
2025-06-24,IPHONE_16_128,Apple,Smartphones,80000,61000,73948.00017605482,74296.69415122051,0.07564999779931474,0,0,0,88
2025-06-25,IPHONE_16_128,Apple,Smartphones,80000,61000,67227.6888025866,66467.63836337949,0.15965388996766733,0,0,0,85
2025-06-26,IPHONE_16_128,Apple,Smartphones,80000,61000,76034.0035635682,76773.68680080281,0.04957495545539747,0,0,0,82
2025-06-27,IPHONE_16_128,Apple,Smartphones,80000,61000,74115.60828391297,72762.66726661967,0.07355489645108793,0,0,0,79
2025-06-28,IPHONE_16_128,Apple,Smartphones,80000,61000,73857.47899129195,74625.64345496599,0.0767815126088507,0,0,1,98
2025-06-29,IPHONE_16_128,Apple,Smartphones,80000,61000,75009.99493294161,75477.6559704155,0.06237506333822989,0,0,1,80
2025-06-30,IPHONE_16_128,Apple,Smartphones,80000,61000,72732.29461773422,71143.84758037615,0.09084631727832221,0,0,0,74
2025-07-01,IPHONE_16_128,Apple,Smartphones,80000,61000,72060.88707838727,76026.8122232424,0.0992389115201591,0,0,0,83
2025-07-02,IPHONE_16_128,Apple,Smartphones,80000,61000,73949.68327898018,74718.20128775133,0.07562895901274765,0,0,0,67
2025-07-03,IPHONE_16_128,Apple,Smartphones,80000,61000,72987.75394107957,72903.23318187086,0.08765307573650542,0,0,0,100
2025-07-04,IPHONE_16_128,Apple,Smartphones,80000,61000,70686.79350059445,67938.7582178234,0.11641508124256936,0,0,0,94
2025-07-05,IPHONE_16_128,Apple,Smartphones,80000,61000,76170.33309291006,80228.6306111403,0.04787083633862424,0,0,1,85
2025-07-06,IPHONE_16_128,Apple,Smartphones,80000,61000,72043.13812884159,71698.61921730156,0.09946077338948017,0,0,1,91
2025-07-07,IPHONE_16_128,Apple,Smartphones,80000,61000,70717.56644340428,70829.13202001616,0.11603041945744642,0,0,0,94
2025-07-08,IPHONE_16_128,Apple,Smartphones,80000,61000,74526.16970886455,74320.92312153048,0.06842287863919316,0,0,0,97
2025-07-09,IPHONE_16_128,Apple,Smartphones,80000,61000,66931.20211114887,68984.71181014185,0.16335997361063911,0,0,0,90
2025-07-10,IPHONE_16_128,Apple,Smartphones,80000,61000,76472.43069671452,77356.3207490312,0.044094616291068325,0,0,0,66
2025-07-11,IPHONE_16_128,Apple,Smartphones,80000,61000,74090.82468373123,75571.37719112105,0.07386469145335955,0,0,0,93
2025-07-12,IPHONE_16_128,Apple,Smartphones,80000,61000,72785.29875561515,72590.58232475493,0.0901837655548105,0,0,1,80
2025-07-13,IPHONE_16_128,Apple,Smartphones,80000,61000,68602.62989028174,69311.72444883121,0.14246712637147835,0,0,1,83
2025-07-14,IPHONE_16_128,Apple,Smartphones,80000,61000,65380.15787348222,64279.600547297865,0.18274802658147227,0,0,0,106
2025-07-15,IPHONE_16_128,Apple,Smartphones,80000,61000,71919.40369591603,74360.94528768308,0.10100745380104972,0,0,0,85
2025-07-16,IPHONE_16_128,Apple,Smartphones,80000,61000,76556.88623990667,76830.68213445957,0.04303892200116663,0,0,0,81
2025-07-17,IPHONE_16_128,Apple,Smartphones,80000,61000,77513.85533958803,80619.4024245043,0.0310768082551496,0,0,0,89
2025-07-18,IPHONE_16_128,Apple,Smartphones,80000,61000,73885.58520658061,73068.35036179636,0.07643018491774238,0,0,0,88
2025-07-19,IPHONE_16_128,Apple,Smartphones,80000,61000,70878.24049592878,71563.44767223613,0.11402199380089027,0,0,1,85
2025-07-20,IPHONE_16_128,Apple,Smartphones,80000,61000,71305.75484920965,72774.45638565948,0.10867806438487923,0,0,1,86
2025-07-21,IPHONE_16_128,Apple,Smartphones,80000,61000,74906.92467346403,72878.848841738,0.06366344158169958,0,0,0,72
2025-07-22,IPHONE_16_128,Apple,Smartphones,80000,61000,74754.94123328623,74121.95844369904,0.06556323458392221,0,0,0,81
2025-07-23,IPHONE_16_128,Apple,Smartphones,80000,61000,70092.88595311815,69428.72182595273,0.12383892558602308,0,0,0,99
2025-07-24,IPHONE_16_128,Apple,Smartphones,80000,61000,70264.95960663426,69529.62797439915,0.12168800491707168,0,0,0,74
2025-07-25,IPHONE_16_128,Apple,Smartphones,80000,61000,70542.10100484922,70281.26223213624,0.11822373743938491,0,0,0,77
2025-07-26,IPHONE_16_128,Apple,Smartphones,80000,61000,77340.41473167212,79513.94442448257,0.03324481585409853,0,0,1,82
2025-07-27,IPHONE_16_128,Apple,Smartphones,80000,61000,76959.23074225259,79073.53108253599,0.03800961572184253,0,0,1,93
2025-07-28,IPHONE_16_128,Apple,Smartphones,80000,61000,77717.37074344749,76041.06578034234,0.028532865706906226,0,0,0,75
2025-07-29,IPHONE_16_128,Apple,Smartphones,80000,61000,75395.02754630739,77391.21333211711,0.057562155671157564,0,0,0,82
2025-07-30,IPHONE_16_128,Apple,Smartphones,80000,61000,69067.39460894957,70476.0701026766,0.1366575673881304,0,0,0,91
2025-07-31,IPHONE_16_128,Apple,Smartphones,80000,61000,75294.4374596968,77761.11805396191,0.058819531753790094,0,0,0,79
2025-08-01,IPHONE_16_128,Apple,Smartphones,80000,61000,77789.24467686102,76781.46135148211,0.027634441539237255,0,0,0,72
2025-08-02,IPHONE_16_128,Apple,Smartphones,80000,61000,73377.19410216193,75502.97620504098,0.0827850737229758,0,0,1,90
2025-08-03,IPHONE_16_128,Apple,Smartphones,80000,61000,74184.27143941731,74346.23713259274,0.0726966070072837,0,0,1,90
2025-08-04,IPHONE_16_128,Apple,Smartphones,80000,61000,74320.44000172982,77074.22098257061,0.07099449997837737,0,0,0,63
2025-08-05,IPHONE_16_128,Apple,Smartphones,80000,61000,75725.11795692937,74629.48750452815,0.053436025538382934,0,0,0,83
2025-08-06,IPHONE_16_128,Apple,Smartphones,80000,61000,74362.74804649033,77399.95371867405,0.07046564941887094,0,0,0,80
2025-08-07,IPHONE_16_128,Apple,Smartphones,80000,61000,75438.73016775676,75702.18288131675,0.05701587290304054,0,0,0,75
2025-08-08,IPHONE_16_128,Apple,Smartphones,80000,61000,74142.3750634539,75885.25459881236,0.07322031170682633,0,0,0,67
2025-08-09,IPHONE_16_128,Apple,Smartphones,80000,61000,70564.24491667809,71640.88424676855,0.117946938541524,0,0,1,94
2025-08-10,IPHONE_16_128,Apple,Smartphones,80000,61000,72268.35237939996,69834.90406838857,0.09664559525750038,0,0,1,81
2025-08-11,IPHONE_16_128,Apple,Smartphones,80000,61000,72882.72230405602,75785.8433937806,0.08896597119929973,0,0,0,73
2025-08-12,IPHONE_16_128,Apple,Smartphones,80000,61000,75035.09550981034,74281.87898297739,0.06206130612737075,0,0,0,88
2025-08-13,IPHONE_16_128,Apple,Smartphones,80000,61000,76550.73938702018,78134.98448762452,0.0431157576622479,0,0,0,72
2025-08-14,IPHONE_16_128,Apple,Smartphones,80000,61000,74522.57004061036,78388.16692308975,0.06846787449237049,0,0,0,73
2025-08-15,IPHONE_16_128,Apple,Smartphones,80000,61000,79196.88893921151,80056.23376286725,0.010038888259856243,0,0,0,76
2025-08-16,IPHONE_16_128,Apple,Smartphones,80000,61000,73130.80370375722,75987.03620274467,0.08586495370303467,0,0,1,94
2025-08-17,IPHONE_16_128,Apple,Smartphones,80000,61000,78169.64167807397,77182.85189890175,0.02287947902407539,0,0,1,76
2025-08-18,IPHONE_16_128,Apple,Smartphones,80000,61000,73729.53140834576,74677.14296130057,0.07838085739567802,0,0,0,63
2025-08-19,IPHONE_16_128,Apple,Smartphones,80000,61000,74132.67436435701,72098.75795145705,0.07334157044553745,0,0,0,75
2025-08-20,IPHONE_16_128,Apple,Smartphones,80000,61000,74968.88113332234,78696.59690993222,0.0628889858334708,0,0,0,71
2025-08-21,IPHONE_16_128,Apple,Smartphones,80000,61000,76669.41690963198,77306.01959723454,0.041632288629600216,0,0,0,66
2025-08-22,IPHONE_16_128,Apple,Smartphones,80000,61000,72391.43143701472,74453.99989978221,0.09510710703731591,0,0,0,78
2025-08-23,IPHONE_16_128,Apple,Smartphones,80000,61000,71895.54035045163,71613.11566493522,0.1013057456193546,0,0,1,76
2025-08-24,IPHONE_16_128,Apple,Smartphones,80000,61000,76144.55507826232,80112.68548027401,0.04819306152172093,0,0,1,96
2025-08-25,IPHONE_16_128,Apple,Smartphones,80000,61000,71241.56748436108,71995.29610599871,0.1094804064454866,0,0,0,94
2025-08-26,IPHONE_16_128,Apple,Smartphones,80000,61000,69817.1558930364,67875.31568789165,0.12728555133704503,0,0,0,97
2025-08-27,IPHONE_16_128,Apple,Smartphones,80000,61000,77325.9743677266,73888.8971855683,0.03342532040341758,0,0,0,74
2025-08-28,IPHONE_16_128,Apple,Smartphones,80000,61000,73311.99598178946,74318.82978119572,0.0836000502276317,0,0,0,80
2025-08-29,IPHONE_16_128,Apple,Smartphones,80000,61000,72929.0429489308,74994.85705784339,0.08838696313836493,0,0,0,99
2025-08-30,IPHONE_16_128,Apple,Smartphones,80000,61000,78899.73409725215,80303.14508654643,0.013753323784348181,0,0,1,72
2025-08-31,IPHONE_16_128,Apple,Smartphones,80000,61000,72103.77828381813,72989.02089637006,0.09870277145227342,0,0,1,85
2025-09-01,IPHONE_16_128,Apple,Smartphones,80000,61000,77888.2988826822,80906.9911396773,0.02639626396647249,1,0,0,107
2025-09-02,IPHONE_16_128,Apple,Smartphones,80000,61000,75074.28872386893,74842.3542380446,0.061571390951638494,1,0,0,108
2025-09-03,IPHONE_16_128,Apple,Smartphones,80000,61000,75586.40724051974,77560.33763442274,0.055169909493503345,1,0,0,94
2025-09-04,IPHONE_16_128,Apple,Smartphones,80000,61000,75196.8793898021,73732.21672912591,0.06003900762747369,1,0,0,88
2025-09-05,IPHONE_16_128,Apple,Smartphones,80000,61000,71007.26971799906,71555.6662106569,0.11240912852501159,1,0,0,127
2025-09-06,IPHONE_16_128,Apple,Smartphones,80000,61000,70901.06058458758,71574.4456200111,0.11373674269265518,1,0,1,125
2025-09-07,IPHONE_16_128,Apple,Smartphones,80000,61000,75759.36083873802,73157.0843405255,0.05300798951577483,1,0,1,96
2025-09-08,IPHONE_16_128,Apple,Smartphones,80000,61000,73300.23913162157,73400.757799864,0.0837470108547304,0,0,0,70
2025-09-09,IPHONE_16_128,Apple,Smartphones,80000,61000,71673.787678256,71292.15473415412,0.10407765402179998,0,0,0,89
2025-09-10,IPHONE_16_128,Apple,Smartphones,80000,61000,72642.8894009261,73260.28578241573,0.09196388248842383,0,0,0,68
2025-09-11,IPHONE_16_128,Apple,Smartphones,80000,61000,75981.71710826545,75713.86851360947,0.050228536146681824,0,0,0,69
2025-09-12,IPHONE_16_128,Apple,Smartphones,80000,61000,77379.36459426745,81573.65365001165,0.03275794257165691,0,0,0,87
2025-09-13,IPHONE_16_128,Apple,Smartphones,80000,61000,72704.09746479355,70873.87468648255,0.09119878169008071,0,0,1,86
2025-09-14,IPHONE_16_128,Apple,Smartphones,80000,61000,68827.14213876735,67608.70821839698,0.1396607232654082,0,0,1,95
2025-09-15,IPHONE_16_128,Apple,Smartphones,80000,61000,75360.2320542088,75590.99710686311,0.05799709932239004,0,0,0,71
2025-09-16,IPHONE_16_128,Apple,Smartphones,80000,61000,73702.45192816021,75654.92200426874,0.0787193508979974,0,0,0,71
2025-09-17,IPHONE_16_128,Apple,Smartphones,80000,61000,79108.51017983278,79857.57921069005,0.011143622752090188,0,0,0,73
2025-09-18,IPHONE_16_128,Apple,Smartphones,80000,61000,69356.7545366137,70712.21815835412,0.1330405682923287,0,0,0,70
2025-09-19,IPHONE_16_128,Apple,Smartphones,80000,61000,74075.58660149765,77847.40428718057,0.07405516748127942,0,0,0,73
2025-09-20,IPHONE_16_128,Apple,Smartphones,80000,61000,74950.47799862165,77759.21597742799,0.0631190250172294,1,0,1,106
2025-09-21,IPHONE_16_128,Apple,Smartphones,80000,61000,73368.2358694008,74169.38551760161,0.08289705163248991,1,0,1,109
2025-09-22,IPHONE_16_128,Apple,Smartphones,80000,61000,73224.33403521164,74740.70391053647,0.08469582455985453,1,0,0,96
2025-09-23,IPHONE_16_128,Apple,Smartphones,80000,61000,74750.86982220889,77407.55868767649,0.06561412722238895,1,0,0,104
2025-09-24,IPHONE_16_128,Apple,Smartphones,80000,61000,72393.5852267579,70808.74004480803,0.09508018466552631,1,0,0,84
2025-09-25,IPHONE_16_128,Apple,Smartphones,80000,61000,79744.27091549606,83730.42972389846,0.0031966135562991466,1,0,0,99
2025-09-26,IPHONE_16_128,Apple,Smartphones,80000,61000,73136.86975116083,71341.32747579057,0.08578912811048965,1,0,0,122
2025-09-27,IPHONE_16_128,Apple,Smartphones,80000,61000,74954.12799075522,77281.04286899572,0.06307340011555972,1,0,1,103
2025-09-28,IPHONE_16_128,Apple,Smartphones,80000,61000,74235.89682178659,74715.16831114203,0.07205128972766758,1,0,1,126
2025-09-29,IPHONE_16_128,Apple,Smartphones,80000,61000,71814.70372575261,72997.43768542922,0.1023162034280923,1,0,0,101
2025-09-30,IPHONE_16_128,Apple,Smartphones,80000,61000,72187.1709194633,74039.74342670305,0.09766036350670866,1,0,0,100
2025-10-01,IPHONE_16_128,Apple,Smartphones,80000,61000,75688.63795413169,75193.74506531816,0.05389202557335396,1,0,0,90
2025-10-02,IPHONE_16_128,Apple,Smartphones,80000,61000,75997.77585118737,75595.68351909082,0.05002780186015786,1,0,0,98
2025-10-03,IPHONE_16_128,Apple,Smartphones,80000,61000,74101.90287099934,74639.1314802088,0.07372621411250808,1,0,0,97
2025-10-04,IPHONE_16_128,Apple,Smartphones,80000,61000,69916.57678536771,70983.67206938591,0.12604279018290365,1,0,1,119
2025-10-05,IPHONE_16_128,Apple,Smartphones,80000,61000,76555.79057143607,76644.43115371266,0.04305261785704913,1,0,1,108
2025-10-06,IPHONE_16_128,Apple,Smartphones,80000,61000,60870.2709857753,64020.19000136855,0.23912161267780876,1,1,0,286
2025-10-07,IPHONE_16_128,Apple,Smartphones,80000,61000,66622.67473697157,64505.45647976302,0.16721656578785538,1,1,0,257
2025-10-08,IPHONE_16_128,Apple,Smartphones,80000,61000,66977.47933363456,69871.0016978713,0.1627815083295681,0,1,0,230
2025-10-09,IPHONE_16_128,Apple,Smartphones,80000,61000,66083.36157601434,67799.34350090059,0.1739579802998208,0,1,0,238
2025-10-10,IPHONE_16_128,Apple,Smartphones,80000,61000,65778.00590972113,64049.80738391601,0.17777492612848575,0,1,0,250
2025-10-11,IPHONE_16_128,Apple,Smartphones,80000,61000,65681.80593639116,67611.39802061948,0.1789774257951105,0,1,1,237
2025-10-12,IPHONE_16_128,Apple,Smartphones,80000,61000,67348.62927424801,69279.81895886996,0.15814213407189978,0,1,1,252
2025-10-13,IPHONE_16_128,Apple,Smartphones,80000,61000,73511.82362566641,75515.15622151238,0.08110220467916986,0,0,0,81
2025-10-14,IPHONE_16_128,Apple,Smartphones,80000,61000,72835.2683839778,71745.99462399622,0.08955914520027755,0,0,0,67
2025-10-15,IPHONE_16_128,Apple,Smartphones,80000,61000,76343.79160939029,73371.46329153761,0.04570260488262144,0,0,0,76
2025-10-16,IPHONE_16_128,Apple,Smartphones,80000,61000,77374.89572719697,78178.97996976298,0.03281380341003784,0,0,0,73
2025-10-17,IPHONE_16_128,Apple,Smartphones,80000,61000,68998.08377446252,70362.74146268544,0.13752395281921853,0,0,0,79
2025-10-18,IPHONE_16_128,Apple,Smartphones,80000,61000,75404.15274766156,70994.6306126169,0.05744809065423055,0,0,1,84
2025-10-19,IPHONE_16_128,Apple,Smartphones,80000,61000,70278.79267268156,73687.88334007142,0.12151509159148047,0,0,1,82
2025-10-20,IPHONE_16_128,Apple,Smartphones,80000,61000,75710.8139183347,77192.1973532956,0.05361482602081635,1,0,0,95
2025-10-21,IPHONE_16_128,Apple,Smartphones,80000,61000,72453.5721142017,72676.96138123829,0.09433034857247884,1,0,0,98
2025-10-22,IPHONE_16_128,Apple,Smartphones,80000,61000,74198.850469153,76740.74764295165,0.07251436913558763,1,0,0,100
2025-10-23,IPHONE_16_128,Apple,Smartphones,80000,61000,71083.72635105031,71861.55393676864,0.1114534206118711,1,0,0,119
2025-10-24,IPHONE_16_128,Apple,Smartphones,80000,61000,71753.31188515041,75639.6718079446,0.10308360143561984,1,0,0,124
2025-10-25,IPHONE_16_128,Apple,Smartphones,80000,61000,70691.90300621532,71563.46054059973,0.11635121242230859,1,0,1,113
2025-10-26,IPHONE_16_128,Apple,Smartphones,80000,61000,74071.47778292399,74208.4868772319,0.07410652771345017,1,0,1,104
2025-10-27,IPHONE_16_128,Apple,Smartphones,80000,61000,74497.07816642302,71928.0484177061,0.0687865229197122,1,0,0,108
2025-10-28,IPHONE_16_128,Apple,Smartphones,80000,61000,68795.45863282845,69315.68063157867,0.14005676708964432,1,0,0,128
2025-10-29,IPHONE_16_128,Apple,Smartphones,80000,61000,75870.5030213607,77324.96720105845,0.05161871223299126,1,0,0,122
2025-10-30,IPHONE_16_128,Apple,Smartphones,80000,61000,75673.37229773005,78066.21056335999,0.05408284627837445,1,0,0,120
2025-10-31,IPHONE_16_128,Apple,Smartphones,80000,61000,75791.27607277205,77888.86095249087,0.052609049090349386,0,0,0,73
2025-11-01,IPHONE_16_128,Apple,Smartphones,80000,61000,74551.32522141306,75728.50457688759,0.06810843473233667,1,0,1,102
2025-11-02,IPHONE_16_128,Apple,Smartphones,80000,61000,80000.0,83518.37898832806,0.0,1,0,1,94
2025-11-03,IPHONE_16_128,Apple,Smartphones,80000,61000,75301.19261698275,79006.35472276271,0.05873509228771554,1,0,0,106
2025-11-04,IPHONE_16_128,Apple,Smartphones,80000,61000,74093.11481508761,74987.76587199555,0.07383606481140481,1,0,0,117
2025-11-05,IPHONE_16_128,Apple,Smartphones,80000,61000,76052.35873818632,75280.80821495918,0.04934551577267114,1,0,0,100
2025-11-06,IPHONE_16_128,Apple,Smartphones,80000,61000,69740.29140472933,69266.90789386022,0.12824635744088328,1,0,0,97
2025-11-07,IPHONE_16_128,Apple,Smartphones,80000,61000,73579.38449201401,71595.41399776105,0.08025769384982485,1,0,0,97
2025-11-08,IPHONE_16_128,Apple,Smartphones,80000,61000,71657.01494706448,73657.30142228674,0.10428731316169404,0,0,1,90
2025-11-09,IPHONE_16_128,Apple,Smartphones,80000,61000,66607.23764602441,67349.91898084921,0.1674095294246949,0,0,1,99
2025-11-10,IPHONE_16_128,Apple,Smartphones,80000,61000,77293.11179524702,78104.89519798751,0.03383610255941212,0,0,0,83
2025-11-11,IPHONE_16_128,Apple,Smartphones,80000,61000,72592.73086964499,72413.7282733551,0.0925908641294376,0,0,0,97
2025-11-12,IPHONE_16_128,Apple,Smartphones,80000,61000,76263.31623708627,76374.23776010294,0.046708547036421535,0,0,0,76
2025-11-13,IPHONE_16_128,Apple,Smartphones,80000,61000,75179.74930360937,73123.51212790443,0.06025313370488297,0,0,0,74
2025-11-14,IPHONE_16_128,Apple,Smartphones,80000,61000,77150.78305393088,77597.75778492793,0.03561521182586406,0,0,0,68
2025-11-15,IPHONE_16_128,Apple,Smartphones,80000,61000,72671.38653204787,71495.6405865121,0.0916076683494017,0,0,1,89
2025-11-16,IPHONE_16_128,Apple,Smartphones,80000,61000,74719.71997230609,74074.94899376665,0.06600350034617392,0,0,1,96
2025-11-17,IPHONE_16_128,Apple,Smartphones,80000,61000,73893.90958117814,75764.8862682584,0.07632613023527317,0,0,0,75
2025-11-18,IPHONE_16_128,Apple,Smartphones,80000,61000,70873.56655361336,72111.72382839215,0.11408041807983288,0,0,0,89
2025-11-19,IPHONE_16_128,Apple,Smartphones,80000,61000,73356.35385490132,72189.72453069298,0.08304557681373353,0,0,0,75
2025-11-20,IPHONE_16_128,Apple,Smartphones,80000,61000,71201.13521988271,72621.68369427427,0.10998580975146605,1,0,0,101
2025-11-21,IPHONE_16_128,Apple,Smartphones,80000,61000,72338.6119734215,72588.61730847748,0.09576735033223122,1,0,0,106
2025-11-22,IPHONE_16_128,Apple,Smartphones,80000,61000,74814.84569634173,78784.06335099736,0.06481442879572838,1,0,1,105
2025-11-23,IPHONE_16_128,Apple,Smartphones,80000,61000,74854.29174765993,73329.49834232013,0.06432135315425087,1,0,1,113
2025-11-24,IPHONE_16_128,Apple,Smartphones,80000,61000,73219.59361257136,73855.67955417208,0.08475507984285799,1,0,0,114
2025-11-25,IPHONE_16_128,Apple,Smartphones,80000,61000,70736.04387965787,71106.61907433938,0.11579945150427676,1,0,0,109
2025-11-26,IPHONE_16_128,Apple,Smartphones,80000,61000,71977.82907268102,75238.47309615328,0.10027713659148715,1,0,0,115
2025-11-27,IPHONE_16_128,Apple,Smartphones,80000,61000,72652.59916257931,71576.29085269358,0.09184251046775858,1,0,0,102
2025-11-28,IPHONE_16_128,Apple,Smartphones,80000,61000,78553.34085047031,80059.10314859617,0.01808323936912104,1,0,0,108
2025-11-29,IPHONE_16_128,Apple,Smartphones,80000,61000,73650.10593562337,72588.80781948869,0.07937367580470775,1,0,1,105
2025-11-30,IPHONE_16_128,Apple,Smartphones,80000,61000,69705.27739759607,68039.37294578759,0.12868403253004904,1,0,1,112
2025-12-01,IPHONE_16_128,Apple,Smartphones,80000,61000,72002.82071458978,72126.24908159635,0.09996474106762784,0,0,0,95
2025-12-02,IPHONE_16_128,Apple,Smartphones,80000,61000,73517.59434330284,75202.33170663689,0.08103007070871433,0,0,0,77
2025-12-03,IPHONE_16_128,Apple,Smartphones,80000,61000,73299.81770628762,73448.53138999855,0.08375227867140468,0,0,0,82
2025-12-04,IPHONE_16_128,Apple,Smartphones,80000,61000,73025.78905014304,70792.32718616504,0.08717763687321205,0,0,0,83
2025-12-05,IPHONE_16_128,Apple,Smartphones,80000,61000,71646.75648305025,70865.64264053745,0.10441554396187197,0,0,0,77
2025-12-06,IPHONE_16_128,Apple,Smartphones,80000,61000,72334.21005287292,72413.82454856805,0.0958223743390885,0,0,1,112
2025-12-07,IPHONE_16_128,Apple,Smartphones,80000,61000,77051.11287141679,76503.102760256,0.03686108910729019,0,0,1,64
2025-12-08,IPHONE_16_128,Apple,Smartphones,80000,61000,72319.49201295705,76836.2447123341,0.0960063498380368,0,0,0,105
2025-12-09,IPHONE_16_128,Apple,Smartphones,80000,61000,73899.52011560374,78226.79075173817,0.0762559985549532,0,0,0,84
2025-12-10,IPHONE_16_128,Apple,Smartphones,80000,61000,78151.52329397378,74035.7288648432,0.023105958825327857,0,0,0,73
2025-12-11,IPHONE_16_128,Apple,Smartphones,80000,61000,64924.76158460048,65154.96021835243,0.18844048019249404,0,0,0,89
2025-12-12,IPHONE_16_128,Apple,Smartphones,80000,61000,72773.34878988631,73067.65571957719,0.09033314012642112,0,0,0,91
2025-12-13,IPHONE_16_128,Apple,Smartphones,80000,61000,70303.88210308386,71247.26642853337,0.12120147371145187,0,0,1,97
2025-12-14,IPHONE_16_128,Apple,Smartphones,80000,61000,66031.52281966576,66311.06452025387,0.17460596475417794,0,0,1,96
2025-12-15,IPHONE_16_128,Apple,Smartphones,80000,61000,70510.99079824975,73757.92039212439,0.11861261502187803,0,0,0,75
2025-12-16,IPHONE_16_128,Apple,Smartphones,80000,61000,80000.0,82168.3264172179,0.0,0,0,0,78
2025-12-17,IPHONE_16_128,Apple,Smartphones,80000,61000,77099.49695085023,77359.2498967904,0.03625628811437225,0,0,0,85
2025-12-18,IPHONE_16_128,Apple,Smartphones,80000,61000,75271.30539724953,72873.03089781842,0.05910868253438101,0,0,0,87
2025-12-19,IPHONE_16_128,Apple,Smartphones,80000,61000,73150.34958711907,76372.86462082792,0.0856206301610116,0,0,0,80
2025-12-20,IPHONE_16_128,Apple,Smartphones,80000,61000,76688.91626745266,79028.98940202556,0.041388546656841725,0,0,1,70
2025-12-21,IPHONE_16_128,Apple,Smartphones,80000,61000,78933.0891417033,82572.71794686149,0.013336385728708766,0,0,1,81
2025-12-22,IPHONE_16_128,Apple,Smartphones,80000,61000,72596.63536898719,71150.94973163566,0.09254205788766012,0,0,0,86
2025-12-23,IPHONE_16_128,Apple,Smartphones,80000,61000,71581.20853186422,71321.3933603714,0.10523489335169725,0,0,0,89
2025-12-24,IPHONE_16_128,Apple,Smartphones,80000,61000,76180.06286560098,75865.07169375422,0.04774921417998775,0,0,0,68
2025-12-25,IPHONE_16_128,Apple,Smartphones,80000,61000,71885.46980079297,70845.6673449025,0.10143162749008793,0,0,0,87
2025-12-26,IPHONE_16_128,Apple,Smartphones,80000,61000,79826.00767022415,79590.38320886836,0.002174904122198104,0,0,0,65
2025-12-27,IPHONE_16_128,Apple,Smartphones,80000,61000,70118.46376787595,72972.33819951135,0.12351920290155068,0,0,1,94
2025-12-28,IPHONE_16_128,Apple,Smartphones,80000,61000,75186.77430255414,74811.17615142255,0.06016532121807315,0,0,1,83
2025-12-29,IPHONE_16_128,Apple,Smartphones,80000,61000,75429.69610802946,75455.07515360288,0.057128798649631746,0,0,0,89
2025-12-30,IPHONE_16_128,Apple,Smartphones,80000,61000,72590.96759546638,71664.26207105517,0.09261290505667014,0,0,0,85
2025-12-31,IPHONE_16_128,Apple,Smartphones,80000,61000,78129.84171868295,79654.8933970122,0.023376978516463198,0,0,0,85
2026-01-01,IPHONE_16_128,Apple,Smartphones,80000,61000,80000.0,83584.91188296613,0.0,0,0,0,73
2026-01-02,IPHONE_16_128,Apple,Smartphones,80000,61000,77740.5759467696,81768.05456925447,0.02824280066538,0,0,0,74
2026-01-03,IPHONE_16_128,Apple,Smartphones,80000,61000,79944.94586361799,80043.32170583034,0.0006881767047750981,0,0,1,101
2026-01-04,IPHONE_16_128,Apple,Smartphones,80000,61000,77517.41959891653,75346.37606528554,0.031032255013543356,0,0,1,100
2026-01-05,IPHONE_16_128,Apple,Smartphones,80000,61000,77999.22658313008,80888.15040571488,0.025009667710874088,0,0,0,92
2026-01-06,IPHONE_16_128,Apple,Smartphones,80000,61000,73494.8828438369,76235.88430936442,0.08131396445203876,0,0,0,87
2026-01-07,IPHONE_16_128,Apple,Smartphones,80000,61000,74025.50867048491,76727.70589321504,0.07468114161893864,0,0,0,85
2026-01-08,IPHONE_16_128,Apple,Smartphones,80000,61000,74093.17380994275,69463.25090140625,0.07383532737571576,0,0,0,86
2026-01-09,IPHONE_16_128,Apple,Smartphones,80000,61000,72183.94078907616,72749.31945501523,0.09770074013654796,0,0,0,95
2026-01-10,IPHONE_16_128,Apple,Smartphones,80000,61000,74257.78796025873,73341.60448287163,0.07177765049676589,0,0,1,92
2026-01-11,IPHONE_16_128,Apple,Smartphones,80000,61000,71791.50682322751,70536.86992195269,0.10260616470965624,0,0,1,102
2026-01-12,IPHONE_16_128,Apple,Smartphones,80000,61000,71796.45345001969,72661.5806358996,0.10254433187475381,0,0,0,91
2026-01-13,IPHONE_16_128,Apple,Smartphones,80000,61000,71717.30985468812,72733.28562555206,0.10353362681639838,0,0,0,97
2026-01-14,IPHONE_16_128,Apple,Smartphones,80000,61000,76306.76529396744,75551.2059640073,0.04616543382540691,0,0,0,95
2026-01-15,IPHONE_16_128,Apple,Smartphones,80000,61000,73311.83130653494,69803.77941453809,0.0836021086683133,0,0,0,94
2026-01-16,IPHONE_16_128,Apple,Smartphones,80000,61000,70164.30312826316,68093.39680882925,0.12294621089671054,0,0,0,100
2026-01-17,IPHONE_16_128,Apple,Smartphones,80000,61000,77298.45939505649,79562.14824702311,0.03376925756179388,0,0,1,77
2026-01-18,IPHONE_16_128,Apple,Smartphones,80000,61000,73596.89215487558,71491.2227921777,0.08003884806405526,0,0,1,111
2026-01-19,IPHONE_16_128,Apple,Smartphones,80000,61000,75283.15434747278,78230.33272471356,0.058960570656590355,0,0,0,87
2026-01-20,IPHONE_16_128,Apple,Smartphones,80000,61000,73217.5272923515,73996.16874734398,0.08478090884560634,0,0,0,82
2026-01-21,IPHONE_16_128,Apple,Smartphones,80000,61000,75606.4057675875,77892.73296109516,0.05491992790515632,0,0,0,100
2026-01-22,IPHONE_16_128,Apple,Smartphones,80000,61000,73944.78201898636,75798.17150329125,0.07569022476267064,0,0,0,97
2026-01-23,IPHONE_16_128,Apple,Smartphones,80000,61000,75875.12815634155,80627.37224458912,0.0515608980457305,0,0,0,80
2026-01-24,IPHONE_16_128,Apple,Smartphones,80000,61000,69769.37781863191,70686.67313518868,0.12788277726710104,0,0,1,116
2026-01-25,IPHONE_16_128,Apple,Smartphones,80000,61000,72653.72444839393,72304.54911422501,0.09182844439507588,0,0,1,103
2026-01-26,IPHONE_16_128,Apple,Smartphones,80000,61000,71679.59810789643,68536.93053992385,0.10400502365129467,0,0,0,85
2026-01-27,IPHONE_16_128,Apple,Smartphones,80000,61000,68970.73301590011,70734.81012398022,0.13786583730124857,0,0,0,119
2026-01-28,IPHONE_16_128,Apple,Smartphones,80000,61000,76395.63438805481,80259.83384812398,0.04505457014931486,0,0,0,90
2026-01-29,IPHONE_16_128,Apple,Smartphones,80000,61000,69146.87000799381,68854.46829535141,0.13566412490007734,0,0,0,103
2026-01-30,IPHONE_16_128,Apple,Smartphones,80000,61000,72382.16509256988,72393.04651834525,0.09522293634287646,0,0,0,103
2026-01-31,IPHONE_16_128,Apple,Smartphones,80000,61000,76395.25897081495,78150.04473353497,0.04505926286481308,0,0,1,99
2026-02-01,IPHONE_16_128,Apple,Smartphones,80000,61000,70372.58531086726,68934.51485608499,0.12034268361415924,0,0,1,98
2026-02-02,IPHONE_16_128,Apple,Smartphones,80000,61000,76719.42780305265,76276.50576739153,0.04100715246184194,0,0,0,84
2026-02-03,IPHONE_16_128,Apple,Smartphones,80000,61000,74199.62086999133,76494.53071607626,0.0725047391251084,0,0,0,86
2026-02-04,IPHONE_16_128,Apple,Smartphones,80000,61000,70407.81002981354,69638.4460524767,0.11990237462733061,0,0,0,114
2026-02-05,IPHONE_16_128,Apple,Smartphones,80000,61000,72258.79119850027,71425.44938357025,0.09676511001874656,0,0,0,98
2026-02-06,IPHONE_16_128,Apple,Smartphones,80000,61000,74012.55263454022,76536.2426886274,0.07484309206824728,0,0,0,110
2026-02-07,IPHONE_16_128,Apple,Smartphones,80000,61000,66621.88480391807,66829.87594944982,0.16722643995102404,0,0,1,124
2026-02-08,IPHONE_16_128,Apple,Smartphones,80000,61000,70599.7553803731,68646.72958408558,0.11750305774533636,0,0,1,88
2026-02-09,IPHONE_16_128,Apple,Smartphones,80000,61000,79103.55649613422,78733.51941161446,0.01120554379832231,0,0,0,86
2026-02-10,IPHONE_16_128,Apple,Smartphones,80000,61000,72193.00085083798,71307.28502273858,0.09758748936452516,0,0,0,99
2026-02-11,IPHONE_16_128,Apple,Smartphones,80000,61000,71184.87824307753,68880.31507935692,0.11018902196153096,0,0,0,83
2026-02-12,IPHONE_16_128,Apple,Smartphones,80000,61000,71303.34928474325,73473.29952053422,0.10870813394070945,0,0,0,108
2026-02-13,IPHONE_16_128,Apple,Smartphones,80000,61000,67434.36101095307,67508.38362706992,0.15707048736308657,0,0,0,118
2026-02-14,IPHONE_16_128,Apple,Smartphones,80000,61000,77366.04055500586,76474.30086414001,0.03292449306242659,0,0,1,102
2026-02-15,IPHONE_16_128,Apple,Smartphones,80000,61000,74616.76861108781,76956.75420766058,0.06729039236140227,0,0,1,112
2026-02-16,IPHONE_16_128,Apple,Smartphones,80000,61000,73391.37313728503,76007.100597928,0.08260783578393704,0,0,0,98
2026-02-17,IPHONE_16_128,Apple,Smartphones,80000,61000,73461.88113577444,75523.30781101224,0.08172648580281953,0,0,0,101
2026-02-18,IPHONE_16_128,Apple,Smartphones,80000,61000,73095.80109445125,73328.00211321446,0.08630248631935936,0,0,0,106
2026-02-19,IPHONE_16_128,Apple,Smartphones,80000,61000,71171.87524408233,70998.65291466359,0.11035155944897086,0,0,0,84
2026-02-20,IPHONE_16_128,Apple,Smartphones,80000,61000,71985.93623365721,69990.92525267694,0.1001757970792848,0,0,0,121
2026-02-21,IPHONE_16_128,Apple,Smartphones,80000,61000,68819.47653323416,68181.48763592244,0.13975654333457282,0,0,1,111
2026-02-22,IPHONE_16_128,Apple,Smartphones,80000,61000,77342.39180088177,80700.32264557376,0.0332201024889778,0,0,1,77
2026-02-23,IPHONE_16_128,Apple,Smartphones,80000,61000,69263.8099739327,70510.9335788108,0.13420237532584128,0,0,0,108
2026-02-24,IPHONE_16_128,Apple,Smartphones,80000,61000,73866.31261356214,73989.96921767022,0.07667109233047319,0,0,0,90
2026-02-25,IPHONE_16_128,Apple,Smartphones,80000,61000,72860.08666189945,73515.21922367823,0.08924891672625687,0,0,0,102
2026-02-26,IPHONE_16_128,Apple,Smartphones,80000,61000,74055.57036439345,73183.2086496699,0.07430537044508179,0,0,0,117
2026-02-27,IPHONE_16_128,Apple,Smartphones,80000,61000,76801.3491750348,77737.31522428729,0.03998313531206487,0,0,0,78
2026-02-28,IPHONE_16_128,Apple,Smartphones,80000,61000,75245.9976537424,76432.27121490958,0.05942502932821999,0,0,1,107
2026-03-01,IPHONE_16_128,Apple,Smartphones,80000,61000,76106.99224624576,78890.32711307255,0.048662596921928,0,0,1,101
2026-03-02,IPHONE_16_128,Apple,Smartphones,80000,61000,72104.2179853509,71515.23124698686,0.09869727518311361,0,0,0,96
2026-03-03,IPHONE_16_128,Apple,Smartphones,80000,61000,72254.3570764024,71399.96923373186,0.09682053654496994,0,0,0,89
2026-03-04,IPHONE_16_128,Apple,Smartphones,80000,61000,71297.4186814919,70518.52939934024,0.10878226648135138,0,0,0,96
2026-03-05,IPHONE_16_128,Apple,Smartphones,80000,61000,73920.52264103682,74932.78271490514,0.07599346698703979,0,0,0,102
2026-03-06,IPHONE_16_128,Apple,Smartphones,80000,61000,69315.06321980765,68659.8716202308,0.1335617097524044,0,0,0,113
2026-03-07,IPHONE_16_128,Apple,Smartphones,80000,61000,75885.23396927853,73883.657330337,0.05143457538401846,0,0,1,88
2026-03-08,IPHONE_16_128,Apple,Smartphones,80000,61000,68367.91098634359,69111.08306697068,0.1454011126707051,0,0,1,111
2026-03-09,IPHONE_16_128,Apple,Smartphones,80000,61000,70548.26611454567,70246.34780058975,0.11814667356817907,0,0,0,121
2026-03-10,IPHONE_16_128,Apple,Smartphones,80000,61000,74955.92338540632,75619.41667505466,0.06305095768242094,0,0,0,111
2026-03-11,IPHONE_16_128,Apple,Smartphones,80000,61000,73646.39154750305,75640.96507620609,0.0794201056562118,0,0,0,95
2026-03-12,IPHONE_16_128,Apple,Smartphones,80000,61000,73421.78262780975,73473.58350984636,0.08222771715237812,0,0,0,102
2026-03-13,IPHONE_16_128,Apple,Smartphones,80000,61000,68301.86306966741,67475.89010687596,0.1462267116291574,0,0,0,118
2026-03-14,IPHONE_16_128,Apple,Smartphones,80000,61000,75764.48318688758,74872.87202837999,0.052943960163905394,0,0,1,77
2026-03-15,IPHONE_16_128,Apple,Smartphones,80000,61000,71571.14301957526,73089.31986438332,0.1053607122553093,0,0,1,105
2026-03-16,IPHONE_16_128,Apple,Smartphones,80000,61000,74043.90553876608,73085.00167708418,0.07445118076542402,0,0,0,91
2026-03-17,IPHONE_16_128,Apple,Smartphones,80000,61000,73198.40561279902,75525.24455678476,0.08501992984001226,0,0,0,97
2026-03-18,IPHONE_16_128,Apple,Smartphones,80000,61000,69177.5739032544,68811.34845046552,0.1352803262093201,0,0,0,108
2026-03-19,IPHONE_16_128,Apple,Smartphones,80000,61000,74053.47348743572,75605.65780277834,0.07433158140705354,0,0,0,102
2026-03-20,IPHONE_16_128,Apple,Smartphones,80000,61000,74668.17036150747,72949.88133028703,0.06664787048115675,0,0,0,90
2026-03-21,IPHONE_16_128,Apple,Smartphones,80000,61000,74039.66951964518,72540.06830694247,0.07450413100443523,0,0,1,112
2026-03-22,IPHONE_16_128,Apple,Smartphones,80000,61000,70900.36352431845,71067.96364856933,0.11374545594601926,0,0,1,117
2026-03-23,IPHONE_16_128,Apple,Smartphones,80000,61000,73771.07302241643,73127.78964185645,0.07786158721979462,0,0,0,111
2026-03-24,IPHONE_16_128,Apple,Smartphones,80000,61000,73664.54155703931,76755.8283124214,0.07919323053700869,0,0,0,87
2026-03-25,IPHONE_16_128,Apple,Smartphones,80000,61000,70567.60017215277,69374.33524223891,0.1179049978480904,0,0,0,117
2026-03-26,IPHONE_16_128,Apple,Smartphones,80000,61000,80000.0,80501.08861367003,0.0,0,0,0,88
2026-03-27,IPHONE_16_128,Apple,Smartphones,80000,61000,74436.69624928177,74514.40001324173,0.06954129688397785,0,0,0,79
2026-03-28,IPHONE_16_128,Apple,Smartphones,80000,61000,75146.3315059153,73836.63681085902,0.060670856176058705,0,0,1,102
2026-03-29,IPHONE_16_128,Apple,Smartphones,80000,61000,67182.64845290767,70991.00102055512,0.16021689433865402,0,0,1,129
2026-03-30,IPHONE_16_128,Apple,Smartphones,80000,61000,74718.50337332398,75707.0057736054,0.06601870783345015,0,0,0,78
2026-03-31,IPHONE_16_128,Apple,Smartphones,80000,61000,70845.21343790278,71776.62702547332,0.11443483202621514,0,0,0,92
2026-04-01,IPHONE_16_128,Apple,Smartphones,80000,61000,74934.34398501387,73239.72357133994,0.06332070018732655,0,0,0,94
2026-04-02,IPHONE_16_128,Apple,Smartphones,80000,61000,73565.77406443753,72100.5910402649,0.08042782419453093,0,0,0,112
2026-04-03,IPHONE_16_128,Apple,Smartphones,80000,61000,70241.96119581956,70887.70099920081,0.1219754850522555,0,0,0,115
2026-04-04,IPHONE_16_128,Apple,Smartphones,80000,61000,72141.88286299561,72272.08731087192,0.0982264642125549,0,0,1,115
2026-04-05,IPHONE_16_128,Apple,Smartphones,80000,61000,71277.89343676799,70865.10261979928,0.10902633204040019,0,0,1,101
2026-04-06,IPHONE_16_128,Apple,Smartphones,80000,61000,74115.2907177572,70246.80224867775,0.07355886602803491,0,0,0,115
2026-04-07,IPHONE_16_128,Apple,Smartphones,80000,61000,75367.92715558637,76220.57651447723,0.057900910555170465,0,0,0,104
2026-04-08,IPHONE_16_128,Apple,Smartphones,80000,61000,74206.26495310129,73205.88743706209,0.07242168808623392,0,0,0,105
2026-04-09,IPHONE_16_128,Apple,Smartphones,80000,61000,75293.73893899888,76983.68490379356,0.05882826326251388,0,0,0,109
2026-04-10,IPHONE_16_128,Apple,Smartphones,80000,61000,78343.91650878622,81098.89314407053,0.02070104364017227,0,0,0,86
2026-04-11,IPHONE_16_128,Apple,Smartphones,80000,61000,66213.93109367145,67375.77598536004,0.17232586132910702,0,0,1,122
2026-04-12,IPHONE_16_128,Apple,Smartphones,80000,61000,69708.6604249502,68061.42792563081,0.12864174468812245,0,0,1,135
2026-04-13,IPHONE_16_128,Apple,Smartphones,80000,61000,76409.62892979861,76540.76256363814,0.04487963837751738,0,0,0,100
2026-04-14,IPHONE_16_128,Apple,Smartphones,80000,61000,74041.94502755272,75353.02807853765,0.0744756871555909,0,0,0,124
2026-04-15,IPHONE_16_128,Apple,Smartphones,80000,61000,75281.0799400391,76296.72275364176,0.0589865007495113,0,0,0,113
2026-04-16,IPHONE_16_128,Apple,Smartphones,80000,61000,70891.90125717095,72476.29516480761,0.11385123428536323,0,0,0,95
2026-04-17,IPHONE_16_128,Apple,Smartphones,80000,61000,74614.57316112908,76744.48773917361,0.06731783548588642,0,0,0,87
2026-04-18,IPHONE_16_128,Apple,Smartphones,80000,61000,74729.20581735062,75634.4137347326,0.06588492728311715,0,0,1,100
2026-04-19,IPHONE_16_128,Apple,Smartphones,80000,61000,71051.3958057387,71435.91144376005,0.11185755242826609,0,0,1,116
2026-04-20,IPHONE_16_128,Apple,Smartphones,80000,61000,73282.32308784165,74355.61164779832,0.08397096140197934,0,0,0,109
2026-04-21,IPHONE_16_128,Apple,Smartphones,80000,61000,75263.79044266867,74857.09604436494,0.05920261946664167,0,0,0,104
2026-04-22,IPHONE_16_128,Apple,Smartphones,80000,61000,69543.3036966544,69690.94077857351,0.13070870379182004,0,0,0,119
2026-04-23,IPHONE_16_128,Apple,Smartphones,80000,61000,72184.43801099798,73693.51812089286,0.09769452486252528,0,0,0,109
2026-04-24,IPHONE_16_128,Apple,Smartphones,80000,61000,76201.58175342732,74803.2442732476,0.04748022808215846,0,0,0,83
2026-04-25,IPHONE_16_128,Apple,Smartphones,80000,61000,74220.47914427811,72288.92525190728,0.07224401069652363,0,0,1,125
2026-04-26,IPHONE_16_128,Apple,Smartphones,80000,61000,70915.31434189051,73623.72318667627,0.11355857072636855,0,0,1,117
2026-04-27,IPHONE_16_128,Apple,Smartphones,80000,61000,75869.48016350056,78253.63217772859,0.051631497956243076,0,0,0,103
2026-04-28,IPHONE_16_128,Apple,Smartphones,80000,61000,74118.27341837942,77105.47924700774,0.07352158227025735,0,0,0,104
2026-04-29,IPHONE_16_128,Apple,Smartphones,80000,61000,70516.27553830926,72484.27915615542,0.11854655577113427,0,0,0,107
2026-04-30,IPHONE_16_128,Apple,Smartphones,80000,61000,70919.54649673811,71440.64446805639,0.11350566879077359,0,0,0,106
2026-05-01,IPHONE_16_128,Apple,Smartphones,80000,61000,74686.05218921491,77871.54713063805,0.06642434763481357,0,0,0,91
2026-05-02,IPHONE_16_128,Apple,Smartphones,80000,61000,75047.17127288673,76959.05977477033,0.061910359088916,0,0,1,107
2026-05-03,IPHONE_16_128,Apple,Smartphones,80000,61000,69909.04821174472,68234.42079222319,0.1261368973531909,0,0,1,108
2026-05-04,IPHONE_16_128,Apple,Smartphones,80000,61000,73920.76639692306,74815.38210162066,0.07599042003846182,0,0,0,93
2026-05-05,IPHONE_16_128,Apple,Smartphones,80000,61000,73210.71967653124,73860.23989143383,0.0848660040433594,0,0,0,100
2026-05-06,IPHONE_16_128,Apple,Smartphones,80000,61000,74002.24668371193,74436.86083319799,0.07497191645360086,0,0,0,110
2026-05-07,IPHONE_16_128,Apple,Smartphones,80000,61000,76874.54576176844,76257.68497947522,0.039068177977894414,0,0,0,94
2026-05-08,IPHONE_16_128,Apple,Smartphones,80000,61000,77390.51308918733,79585.4565237722,0.032618586385158445,0,0,0,116
2026-05-09,IPHONE_16_128,Apple,Smartphones,80000,61000,79415.93559056685,79742.98250445971,0.007300805117914408,0,0,1,97
2026-05-10,IPHONE_16_128,Apple,Smartphones,80000,61000,79149.5005600684,76974.50948106921,0.01063124299914503,0,0,1,105
2026-05-11,IPHONE_16_128,Apple,Smartphones,80000,61000,75035.24863153983,77067.22643291454,0.06205939210575219,0,0,0,101
2026-05-12,IPHONE_16_128,Apple,Smartphones,80000,61000,74289.73878730358,70758.24285687486,0.07137826515870531,0,0,0,93
2026-05-13,IPHONE_16_128,Apple,Smartphones,80000,61000,74325.02863041949,74719.21253276202,0.07093714211975632,0,0,0,104
2026-05-14,IPHONE_16_128,Apple,Smartphones,80000,61000,74080.68623098939,76855.90592910633,0.07399142211263258,0,0,0,100
2026-05-15,IPHONE_16_128,Apple,Smartphones,80000,61000,67838.12870412627,66077.03194460599,0.15202339119842168,0,0,0,108
2026-05-16,IPHONE_16_128,Apple,Smartphones,80000,61000,72369.53246671763,75387.27048233287,0.09538084416602967,0,0,1,100
2026-05-17,IPHONE_16_128,Apple,Smartphones,80000,61000,71240.96108992599,73297.9704029057,0.10948798637592516,0,0,1,113
2026-05-18,IPHONE_16_128,Apple,Smartphones,80000,61000,78052.39712590484,77535.98081185391,0.02434503592618957,0,0,0,99
2026-05-19,IPHONE_16_128,Apple,Smartphones,80000,61000,73272.87551231789,71650.63053348726,0.08408905609602643,0,0,0,94
2026-05-20,IPHONE_16_128,Apple,Smartphones,80000,61000,72675.68138668136,71923.46869937837,0.09155398266648303,0,0,0,95
2026-05-21,IPHONE_16_128,Apple,Smartphones,80000,61000,74623.89583108545,76310.90098370331,0.0672013021114318,0,0,0,106
2026-05-22,IPHONE_16_128,Apple,Smartphones,80000,61000,73830.31035908007,75134.24752073067,0.07712112051149914,0,0,0,104
2026-05-23,IPHONE_16_128,Apple,Smartphones,80000,61000,72369.43906557617,72915.26774335955,0.09538201168029792,0,0,1,111
2026-05-24,IPHONE_16_128,Apple,Smartphones,80000,61000,72579.22786340473,72070.85849887623,0.092759651707441,0,0,1,113
2026-05-25,IPHONE_16_128,Apple,Smartphones,80000,61000,72223.95256949567,72532.5636573941,0.09720059288130407,0,0,0,96
2026-05-26,IPHONE_16_128,Apple,Smartphones,80000,61000,69952.74688899855,70893.0201305333,0.1255906638875181,0,0,0,116
2026-05-27,IPHONE_16_128,Apple,Smartphones,80000,61000,75880.3149248497,79486.22911885922,0.05149606343937867,0,0,0,92
2026-05-28,IPHONE_16_128,Apple,Smartphones,80000,61000,75360.2766916864,71181.29840187477,0.057996541353919885,0,0,0,92
2026-05-29,IPHONE_16_128,Apple,Smartphones,80000,61000,73221.46704523532,73356.49895471772,0.08473166193455851,0,0,0,97
2026-05-30,IPHONE_16_128,Apple,Smartphones,80000,61000,72185.05598658742,73859.45937209281,0.0976868001676572,0,0,1,109
2026-05-31,IPHONE_16_128,Apple,Smartphones,80000,61000,77473.35417552051,79994.5863853702,0.03158307280599363,0,0,1,91
2026-06-01,IPHONE_16_128,Apple,Smartphones,80000,61000,75744.92656672111,75628.90986069727,0.053188417915986004,0,0,0,95
2026-06-02,IPHONE_16_128,Apple,Smartphones,80000,61000,74363.96472975236,76911.25601759391,0.07045044087809543,0,0,0,92
2026-06-03,IPHONE_16_128,Apple,Smartphones,80000,61000,77818.27072250952,76642.64955588318,0.02727161596863096,0,0,0,96
2026-06-04,IPHONE_16_128,Apple,Smartphones,80000,61000,75555.13317650389,76545.237268223,0.05556083529370127,0,0,0,84
2026-06-05,IPHONE_16_128,Apple,Smartphones,80000,61000,74071.2411848806,75921.36178145774,0.0741094851889925,0,0,0,101
2026-06-06,IPHONE_16_128,Apple,Smartphones,80000,61000,75979.21858013755,75821.59223369439,0.05025976774828063,0,0,1,90
2026-06-07,IPHONE_16_128,Apple,Smartphones,80000,61000,73494.79039385957,73651.5348852819,0.0813151200767553,0,0,1,102
2026-06-08,IPHONE_16_128,Apple,Smartphones,80000,61000,78723.10908258262,80722.61111861588,0.015961136467717088,0,0,0,83
2026-06-09,IPHONE_16_128,Apple,Smartphones,80000,61000,74283.27938607919,75573.42999503494,0.0714590076740103,0,0,0,81
2026-06-10,IPHONE_16_128,Apple,Smartphones,80000,61000,71658.99071535563,68743.04795289921,0.10426261605805465,0,0,0,96
2026-06-11,IPHONE_16_128,Apple,Smartphones,80000,61000,71631.20744773906,76821.65932904668,0.10460990690326173,0,0,0,91
2026-06-12,IPHONE_16_128,Apple,Smartphones,80000,61000,72473.64938383637,75591.82051989216,0.09407938270204544,0,0,0,83
2026-06-13,IPHONE_16_128,Apple,Smartphones,80000,61000,70917.61696385595,72803.21998376244,0.11352978795180067,0,0,1,113
2026-06-14,IPHONE_16_128,Apple,Smartphones,80000,61000,70807.65641055515,73607.90457587487,0.11490429486806054,0,0,1,104
2026-06-15,IPHONE_16_128,Apple,Smartphones,80000,61000,72371.97798542118,70616.90934239891,0.0953502751822352,0,0,0,114
2026-06-16,IPHONE_16_128,Apple,Smartphones,80000,61000,70616.9464376731,70867.55624318996,0.1172881695290861,0,0,0,105
2026-06-17,IPHONE_16_128,Apple,Smartphones,80000,61000,77025.0166441734,80538.56617999016,0.03718729194783245,0,0,0,93
2026-06-18,IPHONE_16_128,Apple,Smartphones,80000,61000,75732.44602210142,75910.39085031288,0.053344424723732305,0,0,0,74
2026-06-19,IPHONE_16_128,Apple,Smartphones,80000,61000,68861.42959710302,69798.50707236807,0.13923213003621218,0,0,0,105
2026-06-20,IPHONE_16_128,Apple,Smartphones,80000,61000,74574.84071108847,75180.89821851026,0.06781449111139404,0,0,1,114
2026-06-21,IPHONE_16_128,Apple,Smartphones,80000,61000,70464.87422005054,71668.15559915463,0.11918907224936834,0,0,1,107
2026-06-22,IPHONE_16_128,Apple,Smartphones,80000,61000,73545.12107358265,72805.20192344498,0.08068598658021699,0,0,0,77
2026-06-23,IPHONE_16_128,Apple,Smartphones,80000,61000,71978.99978400054,73526.62444008513,0.10026250269999322,0,0,0,101
2026-06-24,IPHONE_16_128,Apple,Smartphones,80000,61000,75519.88976925236,77823.80973746523,0.05600137788434544,0,0,0,97
2026-06-25,IPHONE_16_128,Apple,Smartphones,80000,61000,75046.5197565283,73877.19512299391,0.06191850304339623,0,0,0,90
2026-06-26,IPHONE_16_128,Apple,Smartphones,80000,61000,78502.73160833464,78939.41898155323,0.018715854895817015,0,0,0,83
2026-06-27,IPHONE_16_128,Apple,Smartphones,80000,61000,72504.61388373529,74284.20658867278,0.09369232645330879,0,0,1,116
2026-06-28,IPHONE_16_128,Apple,Smartphones,80000,61000,72487.28833431414,71857.63538001773,0.0939088958210732,0,0,1,94
2026-06-29,IPHONE_16_128,Apple,Smartphones,80000,61000,73902.78917309597,76696.50050486653,0.07621513533630042,0,0,0,100
2026-06-30,IPHONE_16_128,Apple,Smartphones,80000,61000,74448.07868263718,77697.92305488054,0.06939901646703524,0,0,0,101
2026-07-01,IPHONE_16_128,Apple,Smartphones,80000,61000,73661.19889283794,75700.19865399263,0.07923501383952568,0,0,0,92
2026-07-02,IPHONE_16_128,Apple,Smartphones,80000,61000,72988.51083487632,76070.20149510873,0.0876436145640461,0,0,0,84
2026-07-03,IPHONE_16_128,Apple,Smartphones,80000,61000,67599.58024716224,67481.67903452828,0.15500524691047185,0,0,0,116
2026-07-04,IPHONE_16_128,Apple,Smartphones,80000,61000,73155.48305737488,76001.24354597974,0.08555646178281401,0,0,1,91
2026-07-05,IPHONE_16_128,Apple,Smartphones,80000,61000,72889.53556903047,70351.01827763017,0.08888080538711916,0,0,1,79
2026-07-06,IPHONE_16_128,Apple,Smartphones,80000,61000,74406.13701523017,75606.0078961595,0.06992328730962279,0,0,0,83
2026-07-07,IPHONE_16_128,Apple,Smartphones,80000,61000,69136.30172262876,70006.6208661359,0.13579622846714043,0,0,0,99
2026-07-08,IPHONE_16_128,Apple,Smartphones,80000,61000,76064.03354873414,77336.54854794567,0.04919958064082326,0,0,0,77
2026-07-09,IPHONE_16_128,Apple,Smartphones,80000,61000,69484.60407539502,69098.49511450654,0.13144244905756236,0,0,0,102
2026-07-10,IPHONE_16_128,Apple,Smartphones,80000,61000,75012.03444427534,74622.30211949468,0.06234956944655819,0,0,0,92
2026-07-11,IPHONE_16_128,Apple,Smartphones,80000,61000,77210.54564418712,78095.47400807656,0.034868179447660935,0,0,1,98
2026-07-12,IPHONE_16_128,Apple,Smartphones,80000,61000,73767.03207357814,71366.5313956439,0.0779120990802733,0,0,1,101
2026-07-13,IPHONE_16_128,Apple,Smartphones,80000,61000,75804.08739596358,76947.51522688678,0.05244890755045513,0,0,0,96
2026-07-14,IPHONE_16_128,Apple,Smartphones,80000,61000,77033.30220187551,82034.00770848805,0.03708372247655608,0,0,0,86
2026-07-15,IPHONE_16_128,Apple,Smartphones,80000,61000,70549.29756738541,75426.73696243507,0.11813378040768242,0,0,0,95
2026-07-16,IPHONE_16_128,Apple,Smartphones,80000,61000,80000.0,81185.30306529604,0.0,0,0,0,80
2026-07-17,IPHONE_16_128,Apple,Smartphones,80000,61000,75432.69399879526,72322.01090514015,0.057091325015059154,0,0,0,76
2026-07-18,IPHONE_16_128,Apple,Smartphones,80000,61000,72554.10568644704,75919.59042745382,0.0930736789194119,0,0,1,108
2026-07-19,IPHONE_16_128,Apple,Smartphones,80000,61000,77990.80407757615,79662.17248015568,0.025114949030298227,0,0,1,82
2026-07-20,IPHONE_16_128,Apple,Smartphones,80000,61000,74701.47043368504,74024.64158814504,0.066231619578937,0,0,0,83
2026-07-21,IPHONE_16_128,Apple,Smartphones,80000,61000,72529.1867160609,70875.22533768516,0.09338516604923874,0,0,0,117
2026-07-22,IPHONE_16_128,Apple,Smartphones,80000,61000,74711.92292838999,75381.5812506345,0.06610096339512515,0,0,0,92
2026-07-23,IPHONE_16_128,Apple,Smartphones,80000,61000,75989.78734417175,75477.92599992978,0.050127658197853045,0,0,0,90
2026-07-24,IPHONE_16_128,Apple,Smartphones,80000,61000,72051.86535992144,71085.30398524452,0.09935168300098185,0,0,0,94
2026-07-25,IPHONE_16_128,Apple,Smartphones,80000,61000,72879.6904208878,72980.85251682342,0.08900386973890256,0,0,1,103
2026-07-26,IPHONE_16_128,Apple,Smartphones,80000,61000,75126.24424398766,79289.657365405,0.060921946950154335,0,0,1,114
2026-07-27,IPHONE_16_128,Apple,Smartphones,80000,61000,77154.0150946807,80888.57181664367,0.03557481131649135,0,0,0,106
2026-07-28,IPHONE_16_128,Apple,Smartphones,80000,61000,71267.15825343759,70856.927929817,0.10916052183203022,0,0,0,91
2026-07-29,IPHONE_16_128,Apple,Smartphones,80000,61000,75615.97069302143,74625.28274599131,0.054800366337232134,0,0,0,84
2026-07-30,IPHONE_16_128,Apple,Smartphones,80000,61000,72519.90008909126,74519.01991217645,0.09350124888635933,0,0,0,75
2026-07-31,IPHONE_16_128,Apple,Smartphones,80000,61000,72566.75397408953,73517.89674984894,0.09291557532388085,0,0,0,97
2025-01-01,IPHONE_16_256,Apple,Smartphones,90000,69000,82703.99929615001,81675.87898936078,0.08106667448722202,0,0,0,44
2025-01-02,IPHONE_16_256,Apple,Smartphones,90000,69000,83793.0889518362,85192.53917441971,0.06896567831293104,0,0,0,49
2025-01-03,IPHONE_16_256,Apple,Smartphones,90000,69000,82749.20691811352,83873.16106442253,0.08056436757651654,0,0,0,43
2025-01-04,IPHONE_16_256,Apple,Smartphones,90000,69000,88329.62937652874,87677.86854128748,0.01855967359412515,0,0,1,42
2025-01-05,IPHONE_16_256,Apple,Smartphones,90000,69000,83549.09216789171,85358.83085512063,0.0716767536900921,0,0,1,47
2025-01-06,IPHONE_16_256,Apple,Smartphones,90000,69000,79659.26302717102,82700.95258973456,0.11489707747587746,0,0,0,50
2025-01-07,IPHONE_16_256,Apple,Smartphones,90000,69000,79048.0643480895,79548.33282662208,0.12168817391011671,0,0,0,53
2025-01-08,IPHONE_16_256,Apple,Smartphones,90000,69000,83585.51431929332,81991.03151000345,0.07127206311896316,0,0,0,51
2025-01-09,IPHONE_16_256,Apple,Smartphones,90000,69000,78193.89799729061,78408.04387980279,0.13117891114121552,0,0,0,60
2025-01-10,IPHONE_16_256,Apple,Smartphones,90000,69000,78281.92454154095,79622.02222676302,0.13020083842732266,0,0,0,56
2025-01-11,IPHONE_16_256,Apple,Smartphones,90000,69000,79497.54035338735,80131.39986977911,0.11669399607347394,0,0,1,61
2025-01-12,IPHONE_16_256,Apple,Smartphones,90000,69000,81009.93886196872,84020.2291254786,0.09988956820034744,0,0,1,55
2025-01-13,IPHONE_16_256,Apple,Smartphones,90000,69000,84372.28769713164,87741.20570452206,0.0625301366985372,0,0,0,48
2025-01-14,IPHONE_16_256,Apple,Smartphones,90000,69000,86091.23438879468,90791.64918955718,0.043430729013392504,0,0,0,47
2025-01-15,IPHONE_16_256,Apple,Smartphones,90000,69000,82336.01129877439,81758.64227162591,0.08515543001361794,0,0,0,45
2025-01-16,IPHONE_16_256,Apple,Smartphones,90000,69000,80243.12744941821,81711.41308146833,0.1084096950064643,0,0,0,54
2025-01-17,IPHONE_16_256,Apple,Smartphones,90000,69000,88188.40056647501,88203.63467018436,0.020128882594721995,0,0,0,46
2025-01-18,IPHONE_16_256,Apple,Smartphones,90000,69000,85954.1411607236,84832.03368847274,0.04495398710307116,0,0,1,63
2025-01-19,IPHONE_16_256,Apple,Smartphones,90000,69000,85807.04702114269,87776.78843755703,0.046588366431747893,0,0,1,51
2025-01-20,IPHONE_16_256,Apple,Smartphones,90000,69000,79983.16676032206,79250.67587063069,0.11129814710753272,0,0,0,66
2025-01-21,IPHONE_16_256,Apple,Smartphones,90000,69000,88915.9385719537,84503.69516432914,0.012045126978292256,0,0,0,57
2025-01-22,IPHONE_16_256,Apple,Smartphones,90000,69000,76297.7065752149,77362.24055221533,0.1522477047198344,0,0,0,68
2025-01-23,IPHONE_16_256,Apple,Smartphones,90000,69000,80217.819890637,80627.98835662521,0.10869089010403332,0,0,0,61
2025-01-24,IPHONE_16_256,Apple,Smartphones,90000,69000,89490.57737709575,91310.85209343278,0.0056602513656027476,0,0,0,48
2025-01-25,IPHONE_16_256,Apple,Smartphones,90000,69000,77600.69516581653,77156.01961221814,0.13777005371314968,0,0,1,73
2025-01-26,IPHONE_16_256,Apple,Smartphones,90000,69000,89785.41189998013,88061.13283283108,0.002384312222443022,0,0,1,56
2025-01-27,IPHONE_16_256,Apple,Smartphones,90000,69000,80052.71771709523,81501.74484121714,0.11052535869894192,0,0,0,54
2025-01-28,IPHONE_16_256,Apple,Smartphones,90000,69000,79013.91524095045,79821.4146248907,0.12206760843388402,0,0,0,52
2025-01-29,IPHONE_16_256,Apple,Smartphones,90000,69000,79724.24116182608,78264.99029530441,0.11417509820193239,0,0,0,60
2025-01-30,IPHONE_16_256,Apple,Smartphones,90000,69000,83078.91427593649,82966.98326736662,0.07690095248959455,0,0,0,49
2025-01-31,IPHONE_16_256,Apple,Smartphones,90000,69000,83430.63395104617,87183.40216346811,0.07299295609948706,0,0,0,56
2025-02-01,IPHONE_16_256,Apple,Smartphones,90000,69000,83688.69619734182,87100.48119742602,0.0701255978073131,0,0,1,52
2025-02-02,IPHONE_16_256,Apple,Smartphones,90000,69000,90000.0,94663.95345427169,0.0,0,0,1,51
2025-02-03,IPHONE_16_256,Apple,Smartphones,90000,69000,85667.5216770741,88013.0239933566,0.04813864803251006,0,0,0,45
2025-02-04,IPHONE_16_256,Apple,Smartphones,90000,69000,81408.76292281391,79304.89585991466,0.09545818974651213,0,0,0,53
2025-02-05,IPHONE_16_256,Apple,Smartphones,90000,69000,87285.46805342246,88547.89778746272,0.03016146607308376,0,0,0,49
2025-02-06,IPHONE_16_256,Apple,Smartphones,90000,69000,82807.46208581835,82510.16902073116,0.07991708793535172,0,0,0,56
2025-02-07,IPHONE_16_256,Apple,Smartphones,90000,69000,85533.95575766613,87580.64992532917,0.049622713803709625,0,0,0,47
2025-02-08,IPHONE_16_256,Apple,Smartphones,90000,69000,87510.95583996933,88359.1591720116,0.02765604622256286,0,0,1,40
2025-02-09,IPHONE_16_256,Apple,Smartphones,90000,69000,81406.70186528187,80692.90835146105,0.09548109038575699,0,0,1,61
2025-02-10,IPHONE_16_256,Apple,Smartphones,90000,69000,81584.19420840804,80000.14541005503,0.09350895323991065,0,0,0,52
2025-02-11,IPHONE_16_256,Apple,Smartphones,90000,69000,84621.05739495427,84921.44409015466,0.05976602894495248,0,0,0,47
2025-02-12,IPHONE_16_256,Apple,Smartphones,90000,69000,76906.11538072945,76039.22178635544,0.145487606880784,0,0,0,55
2025-02-13,IPHONE_16_256,Apple,Smartphones,90000,69000,75110.15157421348,76682.0695570243,0.165442760286517,0,0,0,62
2025-02-14,IPHONE_16_256,Apple,Smartphones,90000,69000,86329.31644464962,85563.43254016546,0.04078537283722638,0,0,0,47
2025-02-15,IPHONE_16_256,Apple,Smartphones,90000,69000,82729.63139614639,87059.5909625907,0.08078187337615128,0,0,1,45
2025-02-16,IPHONE_16_256,Apple,Smartphones,90000,69000,84747.20541335343,87498.3363672853,0.05836438429607304,0,0,1,62
2025-02-17,IPHONE_16_256,Apple,Smartphones,90000,69000,76709.91679469978,77969.39927270474,0.1476675911700025,0,0,0,73
2025-02-18,IPHONE_16_256,Apple,Smartphones,90000,69000,79351.38471798394,78545.98456689354,0.11831794757795638,0,0,0,52
2025-02-19,IPHONE_16_256,Apple,Smartphones,90000,69000,81511.44544424771,83685.00495754046,0.094317272841692,0,0,0,55
2025-02-20,IPHONE_16_256,Apple,Smartphones,90000,69000,87043.84984038126,85958.41344579938,0.03284611288465278,0,0,0,44
2025-02-21,IPHONE_16_256,Apple,Smartphones,90000,69000,83747.60176150175,81177.99141576794,0.06947109153886954,0,0,0,53
2025-02-22,IPHONE_16_256,Apple,Smartphones,90000,69000,85096.22163760445,85545.0737897739,0.05448642624883932,0,0,1,46
2025-02-23,IPHONE_16_256,Apple,Smartphones,90000,69000,87450.2270136056,92272.17663445226,0.028330810959937718,0,0,1,55
2025-02-24,IPHONE_16_256,Apple,Smartphones,90000,69000,79615.854834686,87436.23202096306,0.11537939072571098,0,0,0,50
2025-02-25,IPHONE_16_256,Apple,Smartphones,90000,69000,86720.13231714994,88562.56052767688,0.0364429742538897,0,0,0,47
2025-02-26,IPHONE_16_256,Apple,Smartphones,90000,69000,85068.6678661714,83525.40533013977,0.05479257926476235,0,0,0,48
2025-02-27,IPHONE_16_256,Apple,Smartphones,90000,69000,79817.55616548761,80725.48672554526,0.11313826482791547,0,0,0,51
2025-02-28,IPHONE_16_256,Apple,Smartphones,90000,69000,83956.692392767,85399.83217492959,0.06714786230258882,0,0,0,53
2025-03-01,IPHONE_16_256,Apple,Smartphones,90000,69000,85507.78256871713,84459.09628894186,0.04991352701425411,0,0,1,60
2025-03-02,IPHONE_16_256,Apple,Smartphones,90000,69000,84962.59707243438,88283.3093186232,0.05597114363961809,0,0,1,50
2025-03-03,IPHONE_16_256,Apple,Smartphones,90000,69000,79433.30418760798,77673.85708266159,0.11740773124880023,0,0,0,62
2025-03-04,IPHONE_16_256,Apple,Smartphones,90000,69000,77284.5832829295,77996.5317365523,0.14128240796745004,0,0,0,49
2025-03-05,IPHONE_16_256,Apple,Smartphones,90000,69000,81438.08895026894,80792.32175415765,0.0951323449970119,0,0,0,57
2025-03-06,IPHONE_16_256,Apple,Smartphones,90000,69000,82733.55784427065,81221.46300885803,0.08073824617477056,0,0,0,47
2025-03-07,IPHONE_16_256,Apple,Smartphones,90000,69000,85264.41485588127,87935.67502010657,0.05261761271243022,0,0,0,59
2025-03-08,IPHONE_16_256,Apple,Smartphones,90000,69000,78243.32563255819,78126.23593872198,0.13062971519379787,0,0,1,46
2025-03-09,IPHONE_16_256,Apple,Smartphones,90000,69000,84153.35018236165,82257.56609118161,0.0649627757515372,0,0,1,70
2025-03-10,IPHONE_16_256,Apple,Smartphones,90000,69000,78705.03977737427,81381.611586465,0.1254995580291747,0,0,0,63
2025-03-11,IPHONE_16_256,Apple,Smartphones,90000,69000,88591.33366330703,91466.38228819308,0.015651848185477518,0,0,0,43
2025-03-12,IPHONE_16_256,Apple,Smartphones,90000,69000,83958.52125869882,86272.69792560731,0.06712754157001306,0,0,0,60
2025-03-13,IPHONE_16_256,Apple,Smartphones,90000,69000,87414.6704502304,86827.998011156,0.02872588388632888,0,0,0,50
2025-03-14,IPHONE_16_256,Apple,Smartphones,90000,69000,82502.23816209633,87052.42040726118,0.0833084648655964,0,0,0,74
2025-03-15,IPHONE_16_256,Apple,Smartphones,90000,69000,74399.24854969197,75323.94897397565,0.17334168278120032,0,0,1,86
2025-03-16,IPHONE_16_256,Apple,Smartphones,90000,69000,79282.4539835373,80535.30433465754,0.1190838446273633,0,0,1,59
2025-03-17,IPHONE_16_256,Apple,Smartphones,90000,69000,82185.5076849188,84111.68676696578,0.08682769238979107,0,0,0,57
2025-03-18,IPHONE_16_256,Apple,Smartphones,90000,69000,82984.05487484208,85528.35287944319,0.07795494583508791,0,0,0,57
2025-03-19,IPHONE_16_256,Apple,Smartphones,90000,69000,76777.182772484,79779.28607754025,0.14692019141684443,0,0,0,64
2025-03-20,IPHONE_16_256,Apple,Smartphones,90000,69000,81788.85767438903,84656.04003099768,0.09123491472901081,0,0,0,57
2025-03-21,IPHONE_16_256,Apple,Smartphones,90000,69000,86943.64011720702,90659.27243602787,0.0339595542532554,0,0,0,67
2025-03-22,IPHONE_16_256,Apple,Smartphones,90000,69000,83672.20147067173,83103.81455510743,0.07030887254809187,0,0,1,59
2025-03-23,IPHONE_16_256,Apple,Smartphones,90000,69000,87217.46324278504,92649.13632194397,0.030917075080166126,0,0,1,66
2025-03-24,IPHONE_16_256,Apple,Smartphones,90000,69000,79820.4523068529,82761.08155915304,0.11310608547941238,0,0,0,56
2025-03-25,IPHONE_16_256,Apple,Smartphones,90000,69000,80377.55028535683,80121.56976766326,0.10691610794047965,0,0,0,56
2025-03-26,IPHONE_16_256,Apple,Smartphones,90000,69000,80548.55120284982,80883.38335884812,0.10501609774611308,0,0,0,67
2025-03-27,IPHONE_16_256,Apple,Smartphones,90000,69000,77735.06755747466,81142.68850139302,0.1362770271391705,0,0,0,66
2025-03-28,IPHONE_16_256,Apple,Smartphones,90000,69000,81882.15619782977,82766.86236790784,0.09019826446855811,0,0,0,64
2025-03-29,IPHONE_16_256,Apple,Smartphones,90000,69000,83773.55864572553,85459.13167165683,0.06918268171416089,0,0,1,48
2025-03-30,IPHONE_16_256,Apple,Smartphones,90000,69000,78735.0486646645,79631.05202748263,0.12516612594817225,0,0,1,66
2025-03-31,IPHONE_16_256,Apple,Smartphones,90000,69000,84553.8531344566,85468.38515090215,0.06051274295048218,0,0,0,59
2025-04-01,IPHONE_16_256,Apple,Smartphones,90000,69000,81822.01082433063,80334.3561766679,0.0908665463963263,0,0,0,61
2025-04-02,IPHONE_16_256,Apple,Smartphones,90000,69000,87096.93388052782,86809.78018809627,0.03225629021635745,0,0,0,46
2025-04-03,IPHONE_16_256,Apple,Smartphones,90000,69000,77743.12871856031,80899.37602458117,0.13618745868266324,0,0,0,61
2025-04-04,IPHONE_16_256,Apple,Smartphones,90000,69000,90000.0,89139.1694342667,0.0,0,0,0,48
2025-04-05,IPHONE_16_256,Apple,Smartphones,90000,69000,81348.4886826097,79065.98366788853,0.09612790352655887,0,0,1,59
2025-04-06,IPHONE_16_256,Apple,Smartphones,90000,69000,82761.66550080884,83397.12094537079,0.08042593887990168,0,0,1,59
2025-04-07,IPHONE_16_256,Apple,Smartphones,90000,69000,79751.4474226392,81344.46694864165,0.11387280641511992,0,0,0,64
2025-04-08,IPHONE_16_256,Apple,Smartphones,90000,69000,82349.57950035096,79619.66907884575,0.08500467221832259,0,0,0,58
2025-04-09,IPHONE_16_256,Apple,Smartphones,90000,69000,76647.71232544139,78730.53080662464,0.1483587519395401,0,0,0,67
2025-04-10,IPHONE_16_256,Apple,Smartphones,90000,69000,85040.60516489086,86140.01907206094,0.05510438705676822,0,0,0,46
2025-04-11,IPHONE_16_256,Apple,Smartphones,90000,69000,84010.8202362677,84418.76209072112,0.06654644181924776,0,0,0,56
2025-04-12,IPHONE_16_256,Apple,Smartphones,90000,69000,79001.67197474446,77941.47894799778,0.12220364472506151,0,0,1,71
2025-04-13,IPHONE_16_256,Apple,Smartphones,90000,69000,80494.52108191169,83824.01334614269,0.10561643242320334,0,0,1,69
2025-04-14,IPHONE_16_256,Apple,Smartphones,90000,69000,81040.01991362487,81533.39687083481,0.09955533429305699,0,0,0,68
2025-04-15,IPHONE_16_256,Apple,Smartphones,90000,69000,85255.03227456937,84718.16304373667,0.052721863615895904,0,0,0,52
2025-04-16,IPHONE_16_256,Apple,Smartphones,90000,69000,82365.05301348472,79304.92627634003,0.08483274429461414,0,0,0,71
2025-04-17,IPHONE_16_256,Apple,Smartphones,90000,69000,84302.16085102808,88679.79475589599,0.06330932387746575,0,0,0,60
2025-04-18,IPHONE_16_256,Apple,Smartphones,90000,69000,80673.3182723182,78019.09904487018,0.10362979697424224,0,0,0,60
2025-04-19,IPHONE_16_256,Apple,Smartphones,90000,69000,85564.07466979024,83409.812571453,0.049288059224552885,0,0,1,47
2025-04-20,IPHONE_16_256,Apple,Smartphones,90000,69000,83493.05678712798,84062.04762421112,0.0722993690319114,0,0,1,50
2025-04-21,IPHONE_16_256,Apple,Smartphones,90000,69000,82476.66658510006,82687.40239377086,0.08359259349888826,0,0,0,53
2025-04-22,IPHONE_16_256,Apple,Smartphones,90000,69000,88895.13696930748,89452.15057365767,0.012276255896583516,0,0,0,53
2025-04-23,IPHONE_16_256,Apple,Smartphones,90000,69000,85884.7957253903,87094.39795043347,0.04572449194010776,0,0,0,52
2025-04-24,IPHONE_16_256,Apple,Smartphones,90000,69000,79457.04278568683,79390.71687996741,0.11714396904792412,0,0,0,60
2025-04-25,IPHONE_16_256,Apple,Smartphones,90000,69000,85447.55290434607,87770.09952959082,0.0505827455072658,0,0,0,47
2025-04-26,IPHONE_16_256,Apple,Smartphones,90000,69000,84305.19552971693,85054.23342457434,0.0632756052253673,0,0,1,59
2025-04-27,IPHONE_16_256,Apple,Smartphones,90000,69000,82727.29592430618,84846.98349852694,0.08080782306326473,0,0,1,71
2025-04-28,IPHONE_16_256,Apple,Smartphones,90000,69000,83034.18778873935,83481.42768894798,0.07739791345845165,0,0,0,59
2025-04-29,IPHONE_16_256,Apple,Smartphones,90000,69000,84029.78752558348,85954.37225031531,0.06633569416018352,0,0,0,50
2025-04-30,IPHONE_16_256,Apple,Smartphones,90000,69000,84463.18116856168,88164.92612046553,0.06152020923820352,0,0,0,56
2025-05-01,IPHONE_16_256,Apple,Smartphones,90000,69000,82692.0437852693,80044.09888280489,0.08119951349700778,0,0,0,35
2025-05-02,IPHONE_16_256,Apple,Smartphones,90000,69000,81824.3606457216,83615.80681611739,0.09084043726976009,0,0,0,57
2025-05-03,IPHONE_16_256,Apple,Smartphones,90000,69000,78495.87335265853,77833.09991272139,0.12782362941490535,0,0,1,75
2025-05-04,IPHONE_16_256,Apple,Smartphones,90000,69000,85561.59581970077,87829.96196535282,0.04931560200332474,0,0,1,56
2025-05-05,IPHONE_16_256,Apple,Smartphones,90000,69000,79121.6129345875,78379.75887466656,0.12087096739347228,0,0,0,57
2025-05-06,IPHONE_16_256,Apple,Smartphones,90000,69000,81942.45431521873,82644.55690781082,0.08952828538645859,0,0,0,52
2025-05-07,IPHONE_16_256,Apple,Smartphones,90000,69000,85138.51706685682,85743.00676948659,0.054016477034924286,0,0,0,55
2025-05-08,IPHONE_16_256,Apple,Smartphones,90000,69000,79381.54986946586,80251.87959449996,0.11798277922815711,0,0,0,56
2025-05-09,IPHONE_16_256,Apple,Smartphones,90000,69000,83330.52209289098,85421.38017848857,0.07410531007898916,0,0,0,59
2025-05-10,IPHONE_16_256,Apple,Smartphones,90000,69000,79060.70531196347,77944.38843671442,0.12154771875596145,0,0,1,56
2025-05-11,IPHONE_16_256,Apple,Smartphones,90000,69000,81809.49953874422,81893.43938796257,0.09100556068061984,0,0,1,56
2025-05-12,IPHONE_16_256,Apple,Smartphones,90000,69000,82664.45243403797,84910.56528622373,0.08150608406624485,0,0,0,58
2025-05-13,IPHONE_16_256,Apple,Smartphones,90000,69000,83691.92843737161,80291.86033329014,0.07008968402920435,0,0,0,71
2025-05-14,IPHONE_16_256,Apple,Smartphones,90000,69000,83057.96729565336,85946.70494464003,0.07713369671496274,0,0,0,61
2025-05-15,IPHONE_16_256,Apple,Smartphones,90000,69000,81382.00975306807,81983.50734184911,0.09575544718813267,0,0,0,57
2025-05-16,IPHONE_16_256,Apple,Smartphones,90000,69000,82360.09722621992,83317.58407215228,0.08488780859755639,0,0,0,52
2025-05-17,IPHONE_16_256,Apple,Smartphones,90000,69000,88292.5686975491,89521.65205757976,0.01897145891612123,0,0,1,63
2025-05-18,IPHONE_16_256,Apple,Smartphones,90000,69000,86801.64044592401,90175.38967947561,0.03553732837862198,0,0,1,57
2025-05-19,IPHONE_16_256,Apple,Smartphones,90000,69000,86866.46799140365,86851.32202707033,0.03481702231773715,0,0,0,59
2025-05-20,IPHONE_16_256,Apple,Smartphones,90000,69000,86310.77679227538,83421.08086806908,0.04099136897471784,0,0,0,52
2025-05-21,IPHONE_16_256,Apple,Smartphones,90000,69000,83443.00877194905,90781.15620498473,0.07285545808945494,0,0,0,47
2025-05-22,IPHONE_16_256,Apple,Smartphones,90000,69000,82980.8020109284,83705.22277647677,0.07799108876746222,0,0,0,71
2025-05-23,IPHONE_16_256,Apple,Smartphones,90000,69000,86073.20018035838,90565.24872147125,0.043631109107129126,0,0,0,66
2025-05-24,IPHONE_16_256,Apple,Smartphones,90000,69000,84778.67060923026,88352.90150207112,0.05801477100855251,0,0,1,69
2025-05-25,IPHONE_16_256,Apple,Smartphones,90000,69000,85739.28414313939,84459.77188488643,0.047341287298451176,0,0,1,53
2025-05-26,IPHONE_16_256,Apple,Smartphones,90000,69000,85489.54272563878,84969.8019079292,0.0501161919373468,0,0,0,48
2025-05-27,IPHONE_16_256,Apple,Smartphones,90000,69000,83170.61303454681,84033.56584498998,0.07588207739392426,0,0,0,55
2025-05-28,IPHONE_16_256,Apple,Smartphones,90000,69000,81740.72464887018,81051.999043656,0.09176972612366469,0,0,0,62
2025-05-29,IPHONE_16_256,Apple,Smartphones,90000,69000,80534.61870098037,85003.83056334071,0.1051709033224403,0,0,0,75
2025-05-30,IPHONE_16_256,Apple,Smartphones,90000,69000,84640.8630762775,90676.53935722788,0.059545965819138916,0,0,0,69
2025-05-31,IPHONE_16_256,Apple,Smartphones,90000,69000,76551.55399482654,77339.80617788657,0.1494271778352607,0,0,1,75
2025-06-01,IPHONE_16_256,Apple,Smartphones,90000,69000,83263.48944016444,82729.30404993637,0.07485011733150626,0,0,1,61
2025-06-02,IPHONE_16_256,Apple,Smartphones,90000,69000,82223.56748361743,81330.88400654368,0.08640480573758412,0,0,0,57
2025-06-03,IPHONE_16_256,Apple,Smartphones,90000,69000,79949.36956929327,80297.53558415818,0.11167367145229701,0,0,0,56
2025-06-04,IPHONE_16_256,Apple,Smartphones,90000,69000,86122.31903314264,86838.79147434802,0.0430853440761928,0,0,0,66
2025-06-05,IPHONE_16_256,Apple,Smartphones,90000,69000,85241.13289580155,89008.99179111753,0.05287630115776053,0,0,0,54
2025-06-06,IPHONE_16_256,Apple,Smartphones,90000,69000,78863.4121764194,77569.07219958611,0.12373986470645115,0,0,0,64
2025-06-07,IPHONE_16_256,Apple,Smartphones,90000,69000,80080.17256740188,80849.81692201553,0.11022030480664576,0,0,1,63
2025-06-08,IPHONE_16_256,Apple,Smartphones,90000,69000,84771.63545570649,83546.14503546337,0.05809293938103893,0,0,1,52
2025-06-09,IPHONE_16_256,Apple,Smartphones,90000,69000,85053.86590427847,88289.1006527322,0.054957045508017,0,0,0,48
2025-06-10,IPHONE_16_256,Apple,Smartphones,90000,69000,84238.59748732323,85794.89191621159,0.06401558347418637,0,0,0,53
2025-06-11,IPHONE_16_256,Apple,Smartphones,90000,69000,79581.84907644303,83235.3881701928,0.1157572324839663,0,0,0,66
2025-06-12,IPHONE_16_256,Apple,Smartphones,90000,69000,86108.08759268926,84876.09990802003,0.043243471192341565,0,0,0,44
2025-06-13,IPHONE_16_256,Apple,Smartphones,90000,69000,82094.63034706819,78920.59480441756,0.08783744058813123,0,0,0,59
2025-06-14,IPHONE_16_256,Apple,Smartphones,90000,69000,85723.89289714626,89245.91963955219,0.047512301142819374,0,0,1,52
2025-06-15,IPHONE_16_256,Apple,Smartphones,90000,69000,80798.71303506894,81369.01600083234,0.10223652183256722,0,0,1,67
2025-06-16,IPHONE_16_256,Apple,Smartphones,90000,69000,81304.90452046461,83556.22070379696,0.09661217199483772,0,0,0,59
2025-06-17,IPHONE_16_256,Apple,Smartphones,90000,69000,87133.24737967704,86972.82318267926,0.03185280689247733,0,0,0,51
2025-06-18,IPHONE_16_256,Apple,Smartphones,90000,69000,75336.74500244379,78718.29899292722,0.16292505552840242,0,0,0,73
2025-06-19,IPHONE_16_256,Apple,Smartphones,90000,69000,82915.22712561206,80142.11778629695,0.0787196986043104,0,0,0,63
2025-06-20,IPHONE_16_256,Apple,Smartphones,90000,69000,84688.86598368679,86407.95045175173,0.05901260018125787,0,0,0,47
2025-06-21,IPHONE_16_256,Apple,Smartphones,90000,69000,84221.60402268254,82920.56660088172,0.06420439974797174,0,0,1,52
2025-06-22,IPHONE_16_256,Apple,Smartphones,90000,69000,85636.41265334078,89531.7040904725,0.04848430385176906,0,0,1,57
2025-06-23,IPHONE_16_256,Apple,Smartphones,90000,69000,84384.0365740635,87714.8135984752,0.06239959362151655,0,0,0,56
2025-06-24,IPHONE_16_256,Apple,Smartphones,90000,69000,81835.67615772631,82181.31008355191,0.09071470935859643,0,0,0,58
2025-06-25,IPHONE_16_256,Apple,Smartphones,90000,69000,85192.97000592055,87458.34978941244,0.05341144437866063,0,0,0,49
2025-06-26,IPHONE_16_256,Apple,Smartphones,90000,69000,79530.26053895472,81845.01502356549,0.11633043845605867,0,0,0,56
2025-06-27,IPHONE_16_256,Apple,Smartphones,90000,69000,86850.4716544311,86621.42577905444,0.034994759395209976,0,0,0,46
2025-06-28,IPHONE_16_256,Apple,Smartphones,90000,69000,81317.97856219331,86140.8349994969,0.09646690486451873,0,0,1,69
2025-06-29,IPHONE_16_256,Apple,Smartphones,90000,69000,80996.79728561142,82610.75297430233,0.10003558571542856,0,0,1,63
2025-06-30,IPHONE_16_256,Apple,Smartphones,90000,69000,83784.93308440782,82955.48547622655,0.06905629906213534,0,0,0,63
2025-07-01,IPHONE_16_256,Apple,Smartphones,90000,69000,83795.66132753737,85292.12338665838,0.06893709636069593,0,0,0,62
2025-07-02,IPHONE_16_256,Apple,Smartphones,90000,69000,78759.19584815721,79700.38284537842,0.12489782390936432,0,0,0,55
2025-07-03,IPHONE_16_256,Apple,Smartphones,90000,69000,82661.2029126692,79694.14360041858,0.08154218985923098,0,0,0,54
2025-07-04,IPHONE_16_256,Apple,Smartphones,90000,69000,81598.7385710721,85200.35687747186,0.09334734921030997,0,0,0,61
2025-07-05,IPHONE_16_256,Apple,Smartphones,90000,69000,83146.0719877711,83594.8802102261,0.07615475569143225,0,0,1,62
2025-07-06,IPHONE_16_256,Apple,Smartphones,90000,69000,83982.82512623805,86291.22796572787,0.06685749859735501,0,0,1,58
2025-07-07,IPHONE_16_256,Apple,Smartphones,90000,69000,79485.53485873526,80474.00526658428,0.11682739045849705,0,0,0,68
2025-07-08,IPHONE_16_256,Apple,Smartphones,90000,69000,75590.30941822709,73014.12232121716,0.16010767313081015,0,0,0,53
2025-07-09,IPHONE_16_256,Apple,Smartphones,90000,69000,82862.74294834415,83177.86971309708,0.07930285612950941,0,0,0,53
2025-07-10,IPHONE_16_256,Apple,Smartphones,90000,69000,86372.63910762503,89458.691258359,0.04030400991527733,0,0,0,51
2025-07-11,IPHONE_16_256,Apple,Smartphones,90000,69000,83828.5879354839,82212.94930417911,0.06857124516129001,0,0,0,46
2025-07-12,IPHONE_16_256,Apple,Smartphones,90000,69000,82674.90146158315,80560.74527256693,0.08138998376018722,0,0,1,48
2025-07-13,IPHONE_16_256,Apple,Smartphones,90000,69000,84220.63115364232,85681.75253967373,0.06421520940397417,0,0,1,55
2025-07-14,IPHONE_16_256,Apple,Smartphones,90000,69000,87568.5660789213,89825.37353923776,0.027015932456430122,0,0,0,49
2025-07-15,IPHONE_16_256,Apple,Smartphones,90000,69000,82512.82033800072,84963.87220786238,0.08319088513332537,0,0,0,54
2025-07-16,IPHONE_16_256,Apple,Smartphones,90000,69000,80354.88021011907,80186.26866225209,0.10716799766534371,0,0,0,53
2025-07-17,IPHONE_16_256,Apple,Smartphones,90000,69000,84242.77932649586,86086.29550048494,0.06396911859449052,0,0,0,55
2025-07-18,IPHONE_16_256,Apple,Smartphones,90000,69000,86126.36790756955,84726.69645785981,0.04304035658256048,0,0,0,54
2025-07-19,IPHONE_16_256,Apple,Smartphones,90000,69000,84742.84238878709,82734.44595529055,0.05841286234681023,0,0,1,54
2025-07-20,IPHONE_16_256,Apple,Smartphones,90000,69000,86520.06332354281,84894.17589472375,0.0386659630717465,0,0,1,52
2025-07-21,IPHONE_16_256,Apple,Smartphones,90000,69000,83817.58346163497,83886.23634713396,0.06869351709294476,0,0,0,60
2025-07-22,IPHONE_16_256,Apple,Smartphones,90000,69000,79813.34970601305,80001.00200212479,0.11318500326652174,0,0,0,58
2025-07-23,IPHONE_16_256,Apple,Smartphones,90000,69000,83100.32443726955,87526.08528653014,0.0766630618081161,0,0,0,64
2025-07-24,IPHONE_16_256,Apple,Smartphones,90000,69000,89873.59557733026,91211.37128520668,0.0014044935852192963,0,0,0,45
2025-07-25,IPHONE_16_256,Apple,Smartphones,90000,69000,83510.3042835041,84962.3641084402,0.07210773018328774,0,0,0,63
2025-07-26,IPHONE_16_256,Apple,Smartphones,90000,69000,84560.20682948762,84746.08721978108,0.06044214633902649,0,0,1,43
2025-07-27,IPHONE_16_256,Apple,Smartphones,90000,69000,78929.10186686824,80628.20476002943,0.12300997925701959,0,0,1,71
2025-07-28,IPHONE_16_256,Apple,Smartphones,90000,69000,83632.72087459092,82850.32878732806,0.07074754583787866,0,0,0,50
2025-07-29,IPHONE_16_256,Apple,Smartphones,90000,69000,86136.51688137464,85920.61351268059,0.042927590206948425,0,0,0,51
2025-07-30,IPHONE_16_256,Apple,Smartphones,90000,69000,90000.0,90495.85562683732,0.0,0,0,0,62
2025-07-31,IPHONE_16_256,Apple,Smartphones,90000,69000,77364.06455263347,78373.36477287291,0.14039928274851698,0,0,0,57
2025-08-01,IPHONE_16_256,Apple,Smartphones,90000,69000,84902.10015083192,80992.5368723047,0.05664333165742319,0,0,0,38
2025-08-02,IPHONE_16_256,Apple,Smartphones,90000,69000,85321.0565294207,85109.91409784355,0.05198826078421437,0,0,1,54
2025-08-03,IPHONE_16_256,Apple,Smartphones,90000,69000,82115.79499678554,81982.83469475438,0.08760227781349403,0,0,1,58
2025-08-04,IPHONE_16_256,Apple,Smartphones,90000,69000,77183.8473597948,77478.4187664412,0.14240169600228003,0,0,0,56
2025-08-05,IPHONE_16_256,Apple,Smartphones,90000,69000,79695.99090893235,77333.31232454267,0.11448898990075174,0,0,0,68
2025-08-06,IPHONE_16_256,Apple,Smartphones,90000,69000,83030.28800132815,82219.14245247314,0.07744124442968715,0,0,0,61
2025-08-07,IPHONE_16_256,Apple,Smartphones,90000,69000,79599.79774577479,79593.07206838632,0.11555780282472447,0,0,0,51
2025-08-08,IPHONE_16_256,Apple,Smartphones,90000,69000,78828.32401200217,80831.87194571705,0.12412973319997585,0,0,0,46
2025-08-09,IPHONE_16_256,Apple,Smartphones,90000,69000,84159.08528036364,80540.0611146896,0.06489905244040403,0,0,1,49
2025-08-10,IPHONE_16_256,Apple,Smartphones,90000,69000,80878.87785135019,81606.93644100842,0.10134580165166467,0,0,1,61
2025-08-11,IPHONE_16_256,Apple,Smartphones,90000,69000,79466.76420445408,81196.17922393625,0.11703595328384356,0,0,0,42
2025-08-12,IPHONE_16_256,Apple,Smartphones,90000,69000,80469.17623815515,84653.0652039258,0.10589804179827608,0,0,0,60
2025-08-13,IPHONE_16_256,Apple,Smartphones,90000,69000,81722.36597510117,86456.66347977195,0.09197371138776464,0,0,0,48
2025-08-14,IPHONE_16_256,Apple,Smartphones,90000,69000,80106.11525059296,81436.45795395238,0.1099320527711892,0,0,0,52
2025-08-15,IPHONE_16_256,Apple,Smartphones,90000,69000,85534.12258096425,85932.7260427431,0.04962086021150838,0,0,0,34
2025-08-16,IPHONE_16_256,Apple,Smartphones,90000,69000,87627.95450840976,86031.8317494748,0.026356061017669304,0,0,1,54
2025-08-17,IPHONE_16_256,Apple,Smartphones,90000,69000,81656.53650286086,78959.67113252543,0.09270514996821269,0,0,1,46
2025-08-18,IPHONE_16_256,Apple,Smartphones,90000,69000,83928.9712628656,82197.93646418519,0.0674558748570489,0,0,0,46
2025-08-19,IPHONE_16_256,Apple,Smartphones,90000,69000,86220.10528896189,87146.53205420093,0.04199883012264577,0,0,0,52
2025-08-20,IPHONE_16_256,Apple,Smartphones,90000,69000,85114.6543272327,82988.43013028502,0.05428161858630332,0,0,0,48
2025-08-21,IPHONE_16_256,Apple,Smartphones,90000,69000,84570.07985865248,82394.71624016167,0.06033244601497258,0,0,0,40
2025-08-22,IPHONE_16_256,Apple,Smartphones,90000,69000,79053.93664704428,81163.1849038377,0.12162292614395248,0,0,0,60
2025-08-23,IPHONE_16_256,Apple,Smartphones,90000,69000,80713.01149479437,79859.7621637969,0.10318876116895145,0,0,1,60
2025-08-24,IPHONE_16_256,Apple,Smartphones,90000,69000,81551.44408712785,82713.03791821348,0.09387284347635728,0,0,1,59
2025-08-25,IPHONE_16_256,Apple,Smartphones,90000,69000,85179.82148187194,85814.43957089509,0.05355753909031177,0,0,0,45
2025-08-26,IPHONE_16_256,Apple,Smartphones,90000,69000,87754.91615977952,86323.310556958,0.024945376002449865,0,0,0,47
2025-08-27,IPHONE_16_256,Apple,Smartphones,90000,69000,83205.96374286957,82979.03236263641,0.07548929174589362,0,0,0,41
2025-08-28,IPHONE_16_256,Apple,Smartphones,90000,69000,81837.15345877582,81159.43018422916,0.09069829490249086,0,0,0,45
2025-08-29,IPHONE_16_256,Apple,Smartphones,90000,69000,83982.53345642448,84719.83745773937,0.06686073937306133,0,0,0,48
2025-08-30,IPHONE_16_256,Apple,Smartphones,90000,69000,85344.09925690231,85362.08557413392,0.05173223047886323,0,0,1,48
2025-08-31,IPHONE_16_256,Apple,Smartphones,90000,69000,82287.19065298529,86185.60866274576,0.08569788163349694,0,0,1,55
2025-09-01,IPHONE_16_256,Apple,Smartphones,90000,69000,85327.15627689374,85103.95378488999,0.051920485812291785,1,0,0,57
2025-09-02,IPHONE_16_256,Apple,Smartphones,90000,69000,74225.97673409454,76535.25054926952,0.17526692517672726,1,0,0,95
2025-09-03,IPHONE_16_256,Apple,Smartphones,90000,69000,79329.52573537345,81098.56124211798,0.11856082516251731,1,0,0,71
2025-09-04,IPHONE_16_256,Apple,Smartphones,90000,69000,79420.27171430187,78520.04397871917,0.11755253650775713,1,0,0,50
2025-09-05,IPHONE_16_256,Apple,Smartphones,90000,69000,79759.22099844246,81961.24589390079,0.11378643335063943,1,0,0,68
2025-09-06,IPHONE_16_256,Apple,Smartphones,90000,69000,86257.47459416854,86340.22115369175,0.04158361562034956,1,0,1,63
2025-09-07,IPHONE_16_256,Apple,Smartphones,90000,69000,89315.38350360775,90408.14667917354,0.0076068499599138695,1,0,1,63
2025-09-08,IPHONE_16_256,Apple,Smartphones,90000,69000,79822.26792060703,79517.80714004776,0.1130859119932553,0,0,0,52
2025-09-09,IPHONE_16_256,Apple,Smartphones,90000,69000,85941.26910543215,84525.30693909938,0.045097009939642836,0,0,0,44
2025-09-10,IPHONE_16_256,Apple,Smartphones,90000,69000,82999.67803390966,84831.46043562269,0.07778135517878162,0,0,0,46
2025-09-11,IPHONE_16_256,Apple,Smartphones,90000,69000,78012.15118136995,74626.81417586748,0.13319832020700048,0,0,0,46
2025-09-12,IPHONE_16_256,Apple,Smartphones,90000,69000,78477.34535268483,79540.80064672735,0.1280294960812797,0,0,0,59
2025-09-13,IPHONE_16_256,Apple,Smartphones,90000,69000,79986.45670629715,82069.8921850616,0.11126159215225381,0,0,1,51
2025-09-14,IPHONE_16_256,Apple,Smartphones,90000,69000,82812.82943693252,83555.53701686343,0.07985745070074977,0,0,1,49
2025-09-15,IPHONE_16_256,Apple,Smartphones,90000,69000,81746.86977815646,81971.71177545738,0.09170144690937262,0,0,0,44
2025-09-16,IPHONE_16_256,Apple,Smartphones,90000,69000,83475.79364323158,76795.46565287445,0.07249118174187127,0,0,0,42
2025-09-17,IPHONE_16_256,Apple,Smartphones,90000,69000,81121.73289063374,80299.30721016765,0.09864741232629184,0,0,0,56
2025-09-18,IPHONE_16_256,Apple,Smartphones,90000,69000,79667.79271258142,82261.51991123687,0.11480230319353982,0,0,0,59
2025-09-19,IPHONE_16_256,Apple,Smartphones,90000,69000,83536.77807142882,83962.62097660227,0.07181357698412422,0,0,0,39
2025-09-20,IPHONE_16_256,Apple,Smartphones,90000,69000,78097.0402210039,78565.36837439457,0.13225510865551213,1,0,1,82
2025-09-21,IPHONE_16_256,Apple,Smartphones,90000,69000,79550.2906100882,77543.79541456068,0.11610788211013112,1,0,1,83
2025-09-22,IPHONE_16_256,Apple,Smartphones,90000,69000,79990.63148019364,78564.2088748839,0.11121520577562621,1,0,0,76
2025-09-23,IPHONE_16_256,Apple,Smartphones,90000,69000,85199.54516765033,85413.19142641839,0.0533383870261074,1,0,0,63
2025-09-24,IPHONE_16_256,Apple,Smartphones,90000,69000,85089.3385341766,84073.33490997893,0.054562905175815496,1,0,0,55
2025-09-25,IPHONE_16_256,Apple,Smartphones,90000,69000,83579.10828627372,85111.17714334205,0.07134324126362537,1,0,0,68
2025-09-26,IPHONE_16_256,Apple,Smartphones,90000,69000,85049.30512164386,88405.3917753782,0.05500772087062374,1,0,0,55
2025-09-27,IPHONE_16_256,Apple,Smartphones,90000,69000,83341.93028168623,87171.84451688195,0.07397855242570846,1,0,1,66
2025-09-28,IPHONE_16_256,Apple,Smartphones,90000,69000,86849.63720926624,84209.74158662533,0.03500403100815297,1,0,1,66
2025-09-29,IPHONE_16_256,Apple,Smartphones,90000,69000,84073.0950523598,84917.5985158356,0.06585449941822441,1,0,0,58
2025-09-30,IPHONE_16_256,Apple,Smartphones,90000,69000,74262.45532034508,75970.25232990191,0.17486160755172125,1,0,0,91
2025-10-01,IPHONE_16_256,Apple,Smartphones,90000,69000,80565.3554111522,81087.91542741924,0.10482938432053118,1,0,0,75
2025-10-02,IPHONE_16_256,Apple,Smartphones,90000,69000,81585.01085232593,80748.98864776417,0.09349987941860084,1,0,0,68
2025-10-03,IPHONE_16_256,Apple,Smartphones,90000,69000,80501.06900885695,84107.35768479528,0.10554367767936708,1,0,0,56
2025-10-04,IPHONE_16_256,Apple,Smartphones,90000,69000,80248.41419870574,79596.67452846006,0.10835095334771408,1,0,1,93
2025-10-05,IPHONE_16_256,Apple,Smartphones,90000,69000,85811.58443780268,91641.70240686687,0.046537950691081194,1,0,1,63
2025-10-06,IPHONE_16_256,Apple,Smartphones,90000,69000,69660.18628653372,71598.94464695867,0.22599793014962527,1,1,0,188
2025-10-07,IPHONE_16_256,Apple,Smartphones,90000,69000,69176.27109825847,69815.69667232627,0.23137476557490583,1,1,0,182
2025-10-08,IPHONE_16_256,Apple,Smartphones,90000,69000,71614.45612034382,74419.10799023318,0.20428382088506858,0,1,0,151
2025-10-09,IPHONE_16_256,Apple,Smartphones,90000,69000,74714.89066833512,76291.6460224848,0.16983454812960977,0,1,0,154
2025-10-10,IPHONE_16_256,Apple,Smartphones,90000,69000,70523.81764400082,69432.6908440627,0.21640202617776863,0,1,0,140
2025-10-11,IPHONE_16_256,Apple,Smartphones,90000,69000,75016.25524467135,77670.36953586969,0.16648605283698503,0,1,1,153
2025-10-12,IPHONE_16_256,Apple,Smartphones,90000,69000,73190.7699433524,74031.90001026087,0.18676922285164008,0,1,1,128
2025-10-13,IPHONE_16_256,Apple,Smartphones,90000,69000,82982.18532898942,86151.66505921917,0.07797571856678422,0,0,0,37
2025-10-14,IPHONE_16_256,Apple,Smartphones,90000,69000,85714.0165545077,85606.44141017487,0.04762203828324777,0,0,0,55
2025-10-15,IPHONE_16_256,Apple,Smartphones,90000,69000,87022.53922030427,87196.96224222587,0.03308289755217471,0,0,0,57
2025-10-16,IPHONE_16_256,Apple,Smartphones,90000,69000,82345.4234387795,79393.94572572784,0.08505085068022776,0,0,0,44
2025-10-17,IPHONE_16_256,Apple,Smartphones,90000,69000,85307.30667762907,86569.61925104017,0.05214103691523256,0,0,0,33
2025-10-18,IPHONE_16_256,Apple,Smartphones,90000,69000,81451.9177263592,85775.13040707508,0.09497869192934223,0,0,1,52
2025-10-19,IPHONE_16_256,Apple,Smartphones,90000,69000,80982.22262091932,81431.62680443707,0.10019752643422988,0,0,1,39
2025-10-20,IPHONE_16_256,Apple,Smartphones,90000,69000,82429.59581585531,83565.90303555755,0.08411560204605208,1,0,0,58
2025-10-21,IPHONE_16_256,Apple,Smartphones,90000,69000,84213.39140025138,85548.7194924247,0.06429565110831806,1,0,0,73
2025-10-22,IPHONE_16_256,Apple,Smartphones,90000,69000,84356.69857266077,85798.87032352349,0.06270334919265805,1,0,0,70
2025-10-23,IPHONE_16_256,Apple,Smartphones,90000,69000,82985.32349051429,83356.82445883365,0.07794085010539673,1,0,0,57
2025-10-24,IPHONE_16_256,Apple,Smartphones,90000,69000,83409.86995976185,85796.61502612075,0.07322366711375722,1,0,0,76
2025-10-25,IPHONE_16_256,Apple,Smartphones,90000,69000,80777.86654225235,81039.85419577487,0.10246814953052955,1,0,1,60
2025-10-26,IPHONE_16_256,Apple,Smartphones,90000,69000,80583.99973309117,81233.06066570083,0.10462222518787587,1,0,1,62
2025-10-27,IPHONE_16_256,Apple,Smartphones,90000,69000,82998.11568073455,82898.77182291997,0.07779871465850496,1,0,0,61
2025-10-28,IPHONE_16_256,Apple,Smartphones,90000,69000,77782.16309751375,81409.16578733837,0.13575374336095836,1,0,0,74
2025-10-29,IPHONE_16_256,Apple,Smartphones,90000,69000,84849.56835720902,85005.16642224391,0.057227018253233175,1,0,0,64
2025-10-30,IPHONE_16_256,Apple,Smartphones,90000,69000,81665.2879832061,83587.11984720387,0.09260791129771001,1,0,0,85
2025-10-31,IPHONE_16_256,Apple,Smartphones,90000,69000,85951.9825233222,84974.07356675062,0.044977971963086574,0,0,0,44
2025-11-01,IPHONE_16_256,Apple,Smartphones,90000,69000,90000.0,92125.31040178567,0.0,1,0,1,64
2025-11-02,IPHONE_16_256,Apple,Smartphones,90000,69000,87261.24690692291,86731.62265963787,0.03043058992307874,1,0,1,57
2025-11-03,IPHONE_16_256,Apple,Smartphones,90000,69000,80090.42468905526,82513.68071251064,0.11010639234383049,1,0,0,75
2025-11-04,IPHONE_16_256,Apple,Smartphones,90000,69000,77990.54010973162,82479.98406123031,0.1334384432252043,1,0,0,73
2025-11-05,IPHONE_16_256,Apple,Smartphones,90000,69000,73903.7056568551,73988.31359647037,0.1788477149238321,1,0,0,85
2025-11-06,IPHONE_16_256,Apple,Smartphones,90000,69000,84633.49320239299,86324.14062353848,0.05962785330674457,1,0,0,86
2025-11-07,IPHONE_16_256,Apple,Smartphones,90000,69000,86958.2431413725,87308.78790226455,0.03379729842919444,1,0,0,63
2025-11-08,IPHONE_16_256,Apple,Smartphones,90000,69000,82353.97327176937,84155.99886523877,0.0849558525358959,0,0,1,52
2025-11-09,IPHONE_16_256,Apple,Smartphones,90000,69000,80958.74923671207,81225.63149571866,0.10045834181431022,0,0,1,66
2025-11-10,IPHONE_16_256,Apple,Smartphones,90000,69000,86561.68795194732,85235.89952780503,0.03820346720058545,0,0,0,47
2025-11-11,IPHONE_16_256,Apple,Smartphones,90000,69000,78609.13811520673,79158.24812251792,0.1265651320532586,0,0,0,52
2025-11-12,IPHONE_16_256,Apple,Smartphones,90000,69000,87486.76436599546,85900.65972590425,0.02792484037782819,0,0,0,40
2025-11-13,IPHONE_16_256,Apple,Smartphones,90000,69000,79295.20193860959,79947.16651241257,0.11894220068211557,0,0,0,60
2025-11-14,IPHONE_16_256,Apple,Smartphones,90000,69000,81744.57879147666,83716.2357686023,0.091726902316926,0,0,0,65
2025-11-15,IPHONE_16_256,Apple,Smartphones,90000,69000,83864.31499274248,84707.63697926923,0.06817427785841676,0,0,1,43
2025-11-16,IPHONE_16_256,Apple,Smartphones,90000,69000,84970.70216282364,86813.90809743921,0.05588108707973734,0,0,1,65
2025-11-17,IPHONE_16_256,Apple,Smartphones,90000,69000,78671.59137463759,81761.61868271447,0.1258712069484712,0,0,0,59
2025-11-18,IPHONE_16_256,Apple,Smartphones,90000,69000,83802.19928009648,85898.78996913155,0.0688644524433725,0,0,0,52
2025-11-19,IPHONE_16_256,Apple,Smartphones,90000,69000,81811.77197387474,79593.43597591718,0.09098031140139175,0,0,0,58
2025-11-20,IPHONE_16_256,Apple,Smartphones,90000,69000,83350.14102889712,87017.89757737426,0.07388732190114303,1,0,0,82
2025-11-21,IPHONE_16_256,Apple,Smartphones,90000,69000,89788.49539274597,96115.84078402251,0.0023500511917115136,1,0,0,61
2025-11-22,IPHONE_16_256,Apple,Smartphones,90000,69000,89012.08043392803,90543.15134543883,0.010976884067466358,1,0,1,61
2025-11-23,IPHONE_16_256,Apple,Smartphones,90000,69000,87348.36547328233,89193.27986253152,0.029462605852418507,1,0,1,59
2025-11-24,IPHONE_16_256,Apple,Smartphones,90000,69000,79268.95387561471,81658.07001337348,0.11923384582650323,1,0,0,75
2025-11-25,IPHONE_16_256,Apple,Smartphones,90000,69000,87258.90081077817,90264.69130904801,0.03045665765802027,1,0,0,58
2025-11-26,IPHONE_16_256,Apple,Smartphones,90000,69000,78541.07599718087,83448.7298975737,0.1273213778091014,1,0,0,80
2025-11-27,IPHONE_16_256,Apple,Smartphones,90000,69000,82512.35860487424,82552.67434097509,0.08319601550139724,1,0,0,77
2025-11-28,IPHONE_16_256,Apple,Smartphones,90000,69000,85257.45322637148,87677.20747873466,0.052694964151427985,1,0,0,61
2025-11-29,IPHONE_16_256,Apple,Smartphones,90000,69000,79554.71346399587,79594.41753832807,0.11605873928893484,1,0,1,89
2025-11-30,IPHONE_16_256,Apple,Smartphones,90000,69000,77768.19852635189,79799.28962685849,0.1359089052627568,1,0,1,75
2025-12-01,IPHONE_16_256,Apple,Smartphones,90000,69000,82548.26691921888,84036.05509876709,0.08279703423090132,0,0,0,58
2025-12-02,IPHONE_16_256,Apple,Smartphones,90000,69000,82530.63301163526,79815.97700173828,0.08299296653738597,0,0,0,49
2025-12-03,IPHONE_16_256,Apple,Smartphones,90000,69000,83029.50171984932,87781.44366206214,0.07744998089056307,0,0,0,41
2025-12-04,IPHONE_16_256,Apple,Smartphones,90000,69000,82049.76038566016,81145.62968688725,0.088335995714887,0,0,0,42
2025-12-05,IPHONE_16_256,Apple,Smartphones,90000,69000,81777.01154546934,83781.708922065,0.09136653838367396,0,0,0,41
2025-12-06,IPHONE_16_256,Apple,Smartphones,90000,69000,78990.9234612446,79732.87237784172,0.12232307265283784,0,0,1,64
2025-12-07,IPHONE_16_256,Apple,Smartphones,90000,69000,85028.4345661584,90576.23310871367,0.05523961593157342,0,0,1,37
2025-12-08,IPHONE_16_256,Apple,Smartphones,90000,69000,81769.96728319919,80880.464371851,0.09144480796445342,0,0,0,56
2025-12-09,IPHONE_16_256,Apple,Smartphones,90000,69000,82904.02958071661,82689.20397441094,0.07884411576981538,0,0,0,67
2025-12-10,IPHONE_16_256,Apple,Smartphones,90000,69000,78774.75153665389,80685.99899561009,0.12472498292606798,0,0,0,65
2025-12-11,IPHONE_16_256,Apple,Smartphones,90000,69000,83785.43489011229,86782.68986655587,0.06905072344319672,0,0,0,64
2025-12-12,IPHONE_16_256,Apple,Smartphones,90000,69000,83157.72207908993,83873.18579281699,0.07602531023233419,0,0,0,61
2025-12-13,IPHONE_16_256,Apple,Smartphones,90000,69000,85108.71702004189,84384.7987574604,0.05434758866620127,0,0,1,68
2025-12-14,IPHONE_16_256,Apple,Smartphones,90000,69000,76118.8702675879,78740.87526814878,0.15423477480457884,0,0,1,65
2025-12-15,IPHONE_16_256,Apple,Smartphones,90000,69000,88507.76641332047,87289.2563318508,0.016580373185328096,0,0,0,50
2025-12-16,IPHONE_16_256,Apple,Smartphones,90000,69000,86397.11673035813,87390.47893426681,0.04003203632935409,0,0,0,52
2025-12-17,IPHONE_16_256,Apple,Smartphones,90000,69000,84106.98627607903,88106.17457460065,0.06547793026578855,0,0,0,56
2025-12-18,IPHONE_16_256,Apple,Smartphones,90000,69000,83828.83340908281,88827.924803372,0.06856851767685757,0,0,0,52
2025-12-19,IPHONE_16_256,Apple,Smartphones,90000,69000,83063.91676465055,88575.28677889142,0.07706759150388273,0,0,0,47
2025-12-20,IPHONE_16_256,Apple,Smartphones,90000,69000,87342.0176217522,90280.92276061026,0.029533137536086676,0,0,1,60
2025-12-21,IPHONE_16_256,Apple,Smartphones,90000,69000,84782.04511946919,84131.96444260301,0.05797727645034231,0,0,1,58
2025-12-22,IPHONE_16_256,Apple,Smartphones,90000,69000,86203.28308722729,84527.8867102601,0.04218574347525244,0,0,0,44
2025-12-23,IPHONE_16_256,Apple,Smartphones,90000,69000,84494.63236578916,86324.88030767273,0.06117075149123157,0,0,0,44
2025-12-24,IPHONE_16_256,Apple,Smartphones,90000,69000,82468.3723346845,83603.55461939242,0.08368475183683872,0,0,0,59
2025-12-25,IPHONE_16_256,Apple,Smartphones,90000,69000,85576.51617146503,86625.49128298546,0.04914982031705516,0,0,0,57
2025-12-26,IPHONE_16_256,Apple,Smartphones,90000,69000,82691.84982600817,82769.3754965582,0.08120166859990924,0,0,0,61
2025-12-27,IPHONE_16_256,Apple,Smartphones,90000,69000,84747.84981313901,83911.19012593247,0.058357224298455454,0,0,1,59
2025-12-28,IPHONE_16_256,Apple,Smartphones,90000,69000,83060.49789680797,86250.41840787276,0.07710557892435604,0,0,1,68
2025-12-29,IPHONE_16_256,Apple,Smartphones,90000,69000,84996.69731793593,88265.13977070437,0.055592252022934024,0,0,0,63
2025-12-30,IPHONE_16_256,Apple,Smartphones,90000,69000,87395.08893647169,88782.78158584169,0.02894345626142572,0,0,0,52
2025-12-31,IPHONE_16_256,Apple,Smartphones,90000,69000,81412.88491928457,81166.67495077882,0.09541238978572698,0,0,0,63
2026-01-01,IPHONE_16_256,Apple,Smartphones,90000,69000,83125.90778801781,82939.7667543782,0.07637880235535768,0,0,0,71
2026-01-02,IPHONE_16_256,Apple,Smartphones,90000,69000,82668.02784836403,88943.91407817967,0.08146635724039968,0,0,0,67
2026-01-03,IPHONE_16_256,Apple,Smartphones,90000,69000,79166.46602318814,82259.05190347118,0.12037259974235404,0,0,1,74
2026-01-04,IPHONE_16_256,Apple,Smartphones,90000,69000,90000.0,89372.29422045794,0.0,0,0,1,51
2026-01-05,IPHONE_16_256,Apple,Smartphones,90000,69000,86445.85973917862,83029.44054327972,0.03949044734245982,0,0,0,67
2026-01-06,IPHONE_16_256,Apple,Smartphones,90000,69000,79313.66026633336,80929.24871672437,0.11873710815185151,0,0,0,58
2026-01-07,IPHONE_16_256,Apple,Smartphones,90000,69000,88334.13640311472,86415.1157653365,0.018509595520947428,0,0,0,66
2026-01-08,IPHONE_16_256,Apple,Smartphones,90000,69000,85599.90804881237,86114.0457108251,0.04888991056875139,0,0,0,58
2026-01-09,IPHONE_16_256,Apple,Smartphones,90000,69000,83531.66153381835,84389.00066975114,0.07187042740201845,0,0,0,53
2026-01-10,IPHONE_16_256,Apple,Smartphones,90000,69000,81481.08057837904,82267.42754027786,0.09465466024023289,0,0,1,75
2026-01-11,IPHONE_16_256,Apple,Smartphones,90000,69000,80031.10541314543,78937.69885061885,0.11076549540949526,0,0,1,79
2026-01-12,IPHONE_16_256,Apple,Smartphones,90000,69000,83659.97125627115,85720.14266492143,0.07044476381920954,0,0,0,75
2026-01-13,IPHONE_16_256,Apple,Smartphones,90000,69000,81914.24514358262,86486.20936209722,0.08984172062685965,0,0,0,59
2026-01-14,IPHONE_16_256,Apple,Smartphones,90000,69000,85661.7829112634,87812.12378294842,0.04820241209707331,0,0,0,57
2026-01-15,IPHONE_16_256,Apple,Smartphones,90000,69000,84784.65255874729,84076.35761581096,0.05794830490280806,0,0,0,55
2026-01-16,IPHONE_16_256,Apple,Smartphones,90000,69000,79383.82332958358,80127.6722127992,0.11795751856018241,0,0,0,67
2026-01-17,IPHONE_16_256,Apple,Smartphones,90000,69000,81969.16990780889,81643.75318021725,0.08923144546879015,0,0,1,56
2026-01-18,IPHONE_16_256,Apple,Smartphones,90000,69000,84388.93145238608,82026.2675348594,0.06234520608459907,0,0,1,59
2026-01-19,IPHONE_16_256,Apple,Smartphones,90000,69000,82226.39052568004,80919.06917815318,0.08637343860355517,0,0,0,50
2026-01-20,IPHONE_16_256,Apple,Smartphones,90000,69000,83246.38247336075,85905.74233663446,0.07504019474043615,0,0,0,59
2026-01-21,IPHONE_16_256,Apple,Smartphones,90000,69000,88369.61275302616,95865.14665854198,0.018115413855264856,0,0,0,56
2026-01-22,IPHONE_16_256,Apple,Smartphones,90000,69000,85172.59191201156,85782.44436030557,0.05363786764431602,0,0,0,64
2026-01-23,IPHONE_16_256,Apple,Smartphones,90000,69000,81973.11589381672,81185.83818172806,0.08918760117981418,0,0,0,71
2026-01-24,IPHONE_16_256,Apple,Smartphones,90000,69000,84282.87856224307,87488.13144950666,0.06352357153063264,0,0,1,66
2026-01-25,IPHONE_16_256,Apple,Smartphones,90000,69000,80415.34899507997,80711.62956029076,0.10649612227688922,0,0,1,68
2026-01-26,IPHONE_16_256,Apple,Smartphones,90000,69000,82805.76059035893,83923.60129513558,0.07993599344045649,0,0,0,52
2026-01-27,IPHONE_16_256,Apple,Smartphones,90000,69000,81044.16304591877,83135.54072724514,0.09950929948979151,0,0,0,69
2026-01-28,IPHONE_16_256,Apple,Smartphones,90000,69000,80897.23731849689,80876.95352636119,0.10114180757225681,0,0,0,74
2026-01-29,IPHONE_16_256,Apple,Smartphones,90000,69000,82460.74673531415,85343.19853556239,0.08376948071873165,0,0,0,64
2026-01-30,IPHONE_16_256,Apple,Smartphones,90000,69000,75849.62271336328,76759.15371026048,0.15722641429596354,0,0,0,68
2026-01-31,IPHONE_16_256,Apple,Smartphones,90000,69000,84502.18546780922,83654.02874718654,0.061086828135453096,0,0,1,55
2026-02-01,IPHONE_16_256,Apple,Smartphones,90000,69000,80871.35009816801,78527.22167791653,0.10142944335368875,0,0,1,71
2026-02-02,IPHONE_16_256,Apple,Smartphones,90000,69000,80837.72630419808,82942.62276489212,0.10180304106446579,0,0,0,56
2026-02-03,IPHONE_16_256,Apple,Smartphones,90000,69000,84395.89972643195,85745.9656424194,0.062267780817422826,0,0,0,58
2026-02-04,IPHONE_16_256,Apple,Smartphones,90000,69000,83495.29558441885,81548.4390314535,0.07227449350645718,0,0,0,63
2026-02-05,IPHONE_16_256,Apple,Smartphones,90000,69000,81084.43259032708,82806.32845692185,0.09906186010747686,0,0,0,59
2026-02-06,IPHONE_16_256,Apple,Smartphones,90000,69000,84162.80817645062,89603.36692373056,0.06485768692832651,0,0,0,72
2026-02-07,IPHONE_16_256,Apple,Smartphones,90000,69000,82779.89814596556,79782.73080574263,0.08022335393371603,0,0,1,65
2026-02-08,IPHONE_16_256,Apple,Smartphones,90000,69000,79473.28105723954,81834.21697738468,0.11696354380844962,0,0,1,64
2026-02-09,IPHONE_16_256,Apple,Smartphones,90000,69000,77710.0016561147,76612.55517378941,0.13655553715428098,0,0,0,76
2026-02-10,IPHONE_16_256,Apple,Smartphones,90000,69000,85021.09813852278,83002.68609755427,0.05532113179419138,0,0,0,60
2026-02-11,IPHONE_16_256,Apple,Smartphones,90000,69000,84089.42281193867,82710.12173310923,0.06567307986734815,0,0,0,59
2026-02-12,IPHONE_16_256,Apple,Smartphones,90000,69000,82437.93341895874,86203.96336182687,0.08402296201156961,0,0,0,64
2026-02-13,IPHONE_16_256,Apple,Smartphones,90000,69000,83817.97814696282,85219.44063381714,0.06868913170041303,0,0,0,66
2026-02-14,IPHONE_16_256,Apple,Smartphones,90000,69000,83395.9490710165,84049.90287099555,0.0733783436553722,0,0,1,66
2026-02-15,IPHONE_16_256,Apple,Smartphones,90000,69000,80165.07496541044,78826.87420430065,0.10927694482877294,0,0,1,78
2026-02-16,IPHONE_16_256,Apple,Smartphones,90000,69000,87451.47025408187,90638.64129026743,0.028316997176868135,0,0,0,52
2026-02-17,IPHONE_16_256,Apple,Smartphones,90000,69000,84476.25325404527,84500.3961015685,0.06137496384394143,0,0,0,64
2026-02-18,IPHONE_16_256,Apple,Smartphones,90000,69000,75051.40324715745,77268.22889101152,0.1660955194760283,0,0,0,66
2026-02-19,IPHONE_16_256,Apple,Smartphones,90000,69000,85522.49857511268,88805.75130847789,0.049750015832081246,0,0,0,68
2026-02-20,IPHONE_16_256,Apple,Smartphones,90000,69000,80258.96933318226,75156.22131035384,0.10823367407575271,0,0,0,71
2026-02-21,IPHONE_16_256,Apple,Smartphones,90000,69000,82322.2795927432,81038.55430462214,0.08530800452507561,0,0,1,64
2026-02-22,IPHONE_16_256,Apple,Smartphones,90000,69000,83078.37585570815,88500.67241322248,0.07690693493657615,0,0,1,71
2026-02-23,IPHONE_16_256,Apple,Smartphones,90000,69000,80020.44916716155,82876.13762295974,0.11088389814264932,0,0,0,67
2026-02-24,IPHONE_16_256,Apple,Smartphones,90000,69000,83389.76606274667,86376.4904417253,0.07344704374725919,0,0,0,61
2026-02-25,IPHONE_16_256,Apple,Smartphones,90000,69000,85072.9426093711,86218.99431741373,0.054745082118098976,0,0,0,73
2026-02-26,IPHONE_16_256,Apple,Smartphones,90000,69000,80180.77856916527,82582.37539612605,0.10910246034260818,0,0,0,85
2026-02-27,IPHONE_16_256,Apple,Smartphones,90000,69000,87286.12794059094,92330.40651353933,0.03015413399343403,0,0,0,55
2026-02-28,IPHONE_16_256,Apple,Smartphones,90000,69000,85643.36123396164,92277.14362690563,0.048407097400426306,0,0,1,54
2026-03-01,IPHONE_16_256,Apple,Smartphones,90000,69000,80078.6408176183,82419.21092107818,0.11023732424868561,0,0,1,85
2026-03-02,IPHONE_16_256,Apple,Smartphones,90000,69000,85399.66967661722,85201.28992692755,0.051114781370919744,0,0,0,60
2026-03-03,IPHONE_16_256,Apple,Smartphones,90000,69000,77105.96296213735,81041.12096611244,0.143267078198474,0,0,0,77
2026-03-04,IPHONE_16_256,Apple,Smartphones,90000,69000,83304.23463281617,83630.34925521529,0.07439739296870933,0,0,0,73
2026-03-05,IPHONE_16_256,Apple,Smartphones,90000,69000,82327.07269003797,84616.75686721006,0.08525474788846711,0,0,0,68
2026-03-06,IPHONE_16_256,Apple,Smartphones,90000,69000,85856.35467661095,83811.11488355743,0.046040503593211636,0,0,0,73
2026-03-07,IPHONE_16_256,Apple,Smartphones,90000,69000,82331.34100035699,82802.16037958548,0.08520732221825568,0,0,1,68
2026-03-08,IPHONE_16_256,Apple,Smartphones,90000,69000,74661.74297047532,72925.43513039828,0.17042507810582985,0,0,1,81
2026-03-09,IPHONE_16_256,Apple,Smartphones,90000,69000,83985.73104695282,85489.21813491543,0.06682521058941317,0,0,0,70
2026-03-10,IPHONE_16_256,Apple,Smartphones,90000,69000,87547.7613342094,87204.75380624946,0.027247096286562154,0,0,0,69
2026-03-11,IPHONE_16_256,Apple,Smartphones,90000,69000,75890.63391659159,78462.76476086839,0.15677073426009352,0,0,0,59
2026-03-12,IPHONE_16_256,Apple,Smartphones,90000,69000,84577.51303606492,84170.0548980464,0.06024985515483433,0,0,0,66
2026-03-13,IPHONE_16_256,Apple,Smartphones,90000,69000,86969.49614815286,86891.43783120853,0.033672265020523735,0,0,0,64
2026-03-14,IPHONE_16_256,Apple,Smartphones,90000,69000,81008.76945955977,82594.3575674326,0.09990256156044697,0,0,1,73
2026-03-15,IPHONE_16_256,Apple,Smartphones,90000,69000,84015.9718132927,82932.68028833167,0.06648920207452558,0,0,1,66
2026-03-16,IPHONE_16_256,Apple,Smartphones,90000,69000,83380.51035577303,83785.2396450357,0.07354988493585508,0,0,0,61
2026-03-17,IPHONE_16_256,Apple,Smartphones,90000,69000,80249.57878003304,81514.93758490514,0.10833801355518845,0,0,0,77
2026-03-18,IPHONE_16_256,Apple,Smartphones,90000,69000,82411.19807763351,80230.98281435185,0.08432002135962771,0,0,0,67
2026-03-19,IPHONE_16_256,Apple,Smartphones,90000,69000,84656.14925200447,82850.00667110697,0.05937611942217263,0,0,0,60
2026-03-20,IPHONE_16_256,Apple,Smartphones,90000,69000,77841.4376239979,77946.70399994504,0.1350951375111343,0,0,0,77
2026-03-21,IPHONE_16_256,Apple,Smartphones,90000,69000,79885.36203794197,81021.03504731476,0.1123848662450891,0,0,1,73
2026-03-22,IPHONE_16_256,Apple,Smartphones,90000,69000,82063.32493182087,85274.03381460038,0.08818527853532365,0,0,1,68
2026-03-23,IPHONE_16_256,Apple,Smartphones,90000,69000,78540.05798033263,74682.06160778229,0.12733268910741527,0,0,0,69
2026-03-24,IPHONE_16_256,Apple,Smartphones,90000,69000,84775.34239803274,85536.37587060692,0.05805175113296964,0,0,0,74
2026-03-25,IPHONE_16_256,Apple,Smartphones,90000,69000,86132.18534862224,87555.01759851401,0.04297571834864179,0,0,0,67
2026-03-26,IPHONE_16_256,Apple,Smartphones,90000,69000,83004.03261836332,84026.9237932146,0.07773297090707432,0,0,0,57
2026-03-27,IPHONE_16_256,Apple,Smartphones,90000,69000,81895.0915808136,84646.18419087488,0.09005453799095994,0,0,0,58
2026-03-28,IPHONE_16_256,Apple,Smartphones,90000,69000,80867.60047813371,81610.56368697071,0.1014711057985143,0,0,1,66
2026-03-29,IPHONE_16_256,Apple,Smartphones,90000,69000,88405.2326150838,88111.27619526848,0.017719637610179917,0,0,1,63
2026-03-30,IPHONE_16_256,Apple,Smartphones,90000,69000,84806.06242495173,87225.1912950259,0.05771041750053636,0,0,0,69
2026-03-31,IPHONE_16_256,Apple,Smartphones,90000,69000,82303.45114091103,83527.6225753956,0.08551720954543304,0,0,0,72
2026-04-01,IPHONE_16_256,Apple,Smartphones,90000,69000,83545.0927576109,81641.20632563926,0.07172119158210127,0,0,0,52
2026-04-02,IPHONE_16_256,Apple,Smartphones,90000,69000,80704.19621629704,85969.34922769872,0.10328670870781063,0,0,0,72
2026-04-03,IPHONE_16_256,Apple,Smartphones,90000,69000,88329.84260441958,90215.4754673107,0.01855730439533803,0,0,0,76
2026-04-04,IPHONE_16_256,Apple,Smartphones,90000,69000,85589.99846936902,85108.9086031773,0.04900001700701086,0,0,1,72
2026-04-05,IPHONE_16_256,Apple,Smartphones,90000,69000,79626.99127395923,80469.81354378763,0.1152556525115642,0,0,1,80
2026-04-06,IPHONE_16_256,Apple,Smartphones,90000,69000,85163.79190242717,81412.25809951777,0.053735645528587034,0,0,0,54
2026-04-07,IPHONE_16_256,Apple,Smartphones,90000,69000,79685.88230047759,79723.45878254755,0.11460130777247113,0,0,0,76
2026-04-08,IPHONE_16_256,Apple,Smartphones,90000,69000,86607.90542355528,86248.61874009063,0.03768993973827473,0,0,0,68
2026-04-09,IPHONE_16_256,Apple,Smartphones,90000,69000,84873.9055615124,84461.19835347886,0.05695660487208441,0,0,0,54
2026-04-10,IPHONE_16_256,Apple,Smartphones,90000,69000,82319.5434688725,79949.69259933702,0.08533840590141659,0,0,0,65
2026-04-11,IPHONE_16_256,Apple,Smartphones,90000,69000,83813.52101756915,84583.59747823923,0.06873865536034271,0,0,1,68
2026-04-12,IPHONE_16_256,Apple,Smartphones,90000,69000,76551.33197324193,78765.91764783997,0.1494296447417563,0,0,1,68
2026-04-13,IPHONE_16_256,Apple,Smartphones,90000,69000,81000.90508758006,80345.83735758686,0.09998994347133258,0,0,0,63
2026-04-14,IPHONE_16_256,Apple,Smartphones,90000,69000,83156.44925753666,82833.65029092596,0.07603945269403706,0,0,0,70
2026-04-15,IPHONE_16_256,Apple,Smartphones,90000,69000,81113.30494565966,84376.10831876298,0.09874105615933718,0,0,0,69
2026-04-16,IPHONE_16_256,Apple,Smartphones,90000,69000,74907.83594812578,74811.12789221955,0.16769071168749128,0,0,0,74
2026-04-17,IPHONE_16_256,Apple,Smartphones,90000,69000,87123.09067331812,87328.63050523844,0.03196565918535425,0,0,0,54
2026-04-18,IPHONE_16_256,Apple,Smartphones,90000,69000,79498.15750182288,78627.3019266732,0.11668713886863466,0,0,1,83
2026-04-19,IPHONE_16_256,Apple,Smartphones,90000,69000,82790.36063227348,84828.29286535326,0.08010710408585005,0,0,1,85
2026-04-20,IPHONE_16_256,Apple,Smartphones,90000,69000,84161.74873530006,85490.93825558697,0.06486945849666606,0,0,0,57
2026-04-21,IPHONE_16_256,Apple,Smartphones,90000,69000,85721.2249679422,89339.58992789347,0.04754194480064232,0,0,0,70
2026-04-22,IPHONE_16_256,Apple,Smartphones,90000,69000,83535.86192709603,84793.07458316784,0.0718237563655997,0,0,0,56
2026-04-23,IPHONE_16_256,Apple,Smartphones,90000,69000,88295.9952209567,86849.43275157527,0.018933386433814446,0,0,0,66
2026-04-24,IPHONE_16_256,Apple,Smartphones,90000,69000,79617.30516315771,79526.2280221543,0.11536327596491422,0,0,0,64
2026-04-25,IPHONE_16_256,Apple,Smartphones,90000,69000,81287.79960360208,84911.59856401043,0.09680222662664364,0,0,1,76
2026-04-26,IPHONE_16_256,Apple,Smartphones,90000,69000,80788.58855060706,85025.19016242975,0.10234901610436598,0,0,1,85
2026-04-27,IPHONE_16_256,Apple,Smartphones,90000,69000,83810.4691648338,81794.73650812742,0.06877256483518003,0,0,0,64
2026-04-28,IPHONE_16_256,Apple,Smartphones,90000,69000,82608.5260766209,87412.8022191833,0.0821274880375456,0,0,0,75
2026-04-29,IPHONE_16_256,Apple,Smartphones,90000,69000,84170.4933109654,84356.35041762525,0.06477229654482894,0,0,0,60
2026-04-30,IPHONE_16_256,Apple,Smartphones,90000,69000,81140.00861720418,81966.74453093442,0.09844434869773136,0,0,0,69
2026-05-01,IPHONE_16_256,Apple,Smartphones,90000,69000,83910.22925465889,89255.93360589119,0.06766411939267904,0,0,0,74
2026-05-02,IPHONE_16_256,Apple,Smartphones,90000,69000,84063.80900061573,86395.7379681678,0.06595767777093628,0,0,1,58
2026-05-03,IPHONE_16_256,Apple,Smartphones,90000,69000,79876.75067367218,81091.8597091871,0.11248054807030905,0,0,1,91
2026-05-04,IPHONE_16_256,Apple,Smartphones,90000,69000,90000.0,90941.06803692626,0.0,0,0,0,61
2026-05-05,IPHONE_16_256,Apple,Smartphones,90000,69000,81395.60754302787,78704.95988134154,0.09560436063302363,0,0,0,72
2026-05-06,IPHONE_16_256,Apple,Smartphones,90000,69000,81507.29267812129,84797.47062376961,0.09436341468754122,0,0,0,84
2026-05-07,IPHONE_16_256,Apple,Smartphones,90000,69000,82748.42113791642,81534.20651931963,0.08057309846759528,0,0,0,65
2026-05-08,IPHONE_16_256,Apple,Smartphones,90000,69000,82252.06629349964,81803.43259283938,0.0860881522944484,0,0,0,67
2026-05-09,IPHONE_16_256,Apple,Smartphones,90000,69000,83637.64823371598,85638.41701954503,0.07069279740315568,0,0,1,68
2026-05-10,IPHONE_16_256,Apple,Smartphones,90000,69000,85003.74254741245,85408.83720464476,0.05551397169541726,0,0,1,65
2026-05-11,IPHONE_16_256,Apple,Smartphones,90000,69000,76702.0377691061,77729.56875912451,0.14775513589882117,0,0,0,54
2026-05-12,IPHONE_16_256,Apple,Smartphones,90000,69000,84174.2285513671,87221.58132796176,0.064730793873699,0,0,0,66
2026-05-13,IPHONE_16_256,Apple,Smartphones,90000,69000,84010.17224697697,83249.59991232544,0.06655364170025585,0,0,0,63
2026-05-14,IPHONE_16_256,Apple,Smartphones,90000,69000,80868.2135343174,83977.14506099813,0.10146429406314003,0,0,0,69
2026-05-15,IPHONE_16_256,Apple,Smartphones,90000,69000,90000.0,89170.27557741333,0.0,0,0,0,66
2026-05-16,IPHONE_16_256,Apple,Smartphones,90000,69000,82111.03746165431,82589.7145507048,0.08765513931495207,0,0,1,81
2026-05-17,IPHONE_16_256,Apple,Smartphones,90000,69000,82837.79163557733,81640.73786599911,0.07958009293802967,0,0,1,72
2026-05-18,IPHONE_16_256,Apple,Smartphones,90000,69000,80614.82574551101,84614.31745166684,0.10427971393876649,0,0,0,62
2026-05-19,IPHONE_16_256,Apple,Smartphones,90000,69000,85288.5538549679,87618.66957789985,0.052349401611467714,0,0,0,70
2026-05-20,IPHONE_16_256,Apple,Smartphones,90000,69000,79580.81725346386,80796.83084104587,0.11576869718373496,0,0,0,78
2026-05-21,IPHONE_16_256,Apple,Smartphones,90000,69000,80762.25075174183,80187.94957481157,0.10264165831397981,0,0,0,64
2026-05-22,IPHONE_16_256,Apple,Smartphones,90000,69000,78026.44648165314,81043.11891978931,0.1330394835371873,0,0,0,64
2026-05-23,IPHONE_16_256,Apple,Smartphones,90000,69000,78784.74587350962,77335.82367821524,0.12461393473878202,0,0,1,64
2026-05-24,IPHONE_16_256,Apple,Smartphones,90000,69000,77706.3084877567,76986.69989492361,0.1365965723582589,0,0,1,76
2026-05-25,IPHONE_16_256,Apple,Smartphones,90000,69000,82005.586209162,78786.23431558702,0.08882681989820004,0,0,0,64
2026-05-26,IPHONE_16_256,Apple,Smartphones,90000,69000,82022.24590023767,80535.18703641213,0.08864171221958142,0,0,0,68
2026-05-27,IPHONE_16_256,Apple,Smartphones,90000,69000,81027.00838656003,81558.25981904498,0.09969990681599958,0,0,0,59
2026-05-28,IPHONE_16_256,Apple,Smartphones,90000,69000,83921.19498882396,88217.7033855294,0.06754227790195602,0,0,0,78
2026-05-29,IPHONE_16_256,Apple,Smartphones,90000,69000,75536.26825420163,73649.10380626944,0.1607081305088709,0,0,0,77
2026-05-30,IPHONE_16_256,Apple,Smartphones,90000,69000,83823.30246847041,86462.96277959869,0.06862997257255088,0,0,1,62
2026-05-31,IPHONE_16_256,Apple,Smartphones,90000,69000,81587.35578944995,84032.05292936123,0.09347382456166721,0,0,1,73
2026-06-01,IPHONE_16_256,Apple,Smartphones,90000,69000,83012.45665944881,86319.69732840513,0.07763937045056862,0,0,0,73
2026-06-02,IPHONE_16_256,Apple,Smartphones,90000,69000,82146.41028676563,83883.14539490575,0.08726210792482636,0,0,0,58
2026-06-03,IPHONE_16_256,Apple,Smartphones,90000,69000,86340.98385541144,87425.73191396044,0.040655734939872935,0,0,0,61
2026-06-04,IPHONE_16_256,Apple,Smartphones,90000,69000,80054.59870619235,81509.93237623213,0.11050445882008497,0,0,0,70
2026-06-05,IPHONE_16_256,Apple,Smartphones,90000,69000,76382.78648488717,77427.46779742805,0.15130237239014255,0,0,0,91
2026-06-06,IPHONE_16_256,Apple,Smartphones,90000,69000,81191.8135578786,82413.21987464782,0.09786873824579327,0,0,1,67
2026-06-07,IPHONE_16_256,Apple,Smartphones,90000,69000,82908.87735550798,85615.26686552209,0.07879025160546689,0,0,1,66
2026-06-08,IPHONE_16_256,Apple,Smartphones,90000,69000,83127.00932586934,81505.07567501035,0.07636656304589616,0,0,0,71
2026-06-09,IPHONE_16_256,Apple,Smartphones,90000,69000,77785.12156948533,77420.04105031642,0.13572087145016293,0,0,0,70
2026-06-10,IPHONE_16_256,Apple,Smartphones,90000,69000,77305.4199885592,79360.96698675986,0.1410508890160089,0,0,0,83
2026-06-11,IPHONE_16_256,Apple,Smartphones,90000,69000,78343.2519120995,77414.4940904182,0.12951942319889442,0,0,0,46
2026-06-12,IPHONE_16_256,Apple,Smartphones,90000,69000,86478.77571796889,86633.6262148877,0.03912471424479014,0,0,0,62
2026-06-13,IPHONE_16_256,Apple,Smartphones,90000,69000,80770.42192465917,81873.89856777854,0.10255086750378702,0,0,1,60
2026-06-14,IPHONE_16_256,Apple,Smartphones,90000,69000,83774.95614067078,85014.83436534934,0.06916715399254697,0,0,1,76
2026-06-15,IPHONE_16_256,Apple,Smartphones,90000,69000,83235.75613835159,83282.73564530033,0.07515826512942678,0,0,0,61
2026-06-16,IPHONE_16_256,Apple,Smartphones,90000,69000,81498.58545074923,81838.41723728385,0.09446016165834178,0,0,0,60
2026-06-17,IPHONE_16_256,Apple,Smartphones,90000,69000,81877.58914270195,78847.22681197572,0.09024900952553393,0,0,0,60
2026-06-18,IPHONE_16_256,Apple,Smartphones,90000,69000,82147.51077414751,82477.59354604846,0.0872498802872499,0,0,0,59
2026-06-19,IPHONE_16_256,Apple,Smartphones,90000,69000,85166.73822925062,89254.936996279,0.05370290856388204,0,0,0,71
2026-06-20,IPHONE_16_256,Apple,Smartphones,90000,69000,76338.57212870118,75777.85688500795,0.1517936430144312,0,0,1,52
2026-06-21,IPHONE_16_256,Apple,Smartphones,90000,69000,88956.96796412232,89156.23868056641,0.01158924484308535,0,0,1,65
2026-06-22,IPHONE_16_256,Apple,Smartphones,90000,69000,80849.88801642778,80899.3904207454,0.10166791092858035,0,0,0,70
2026-06-23,IPHONE_16_256,Apple,Smartphones,90000,69000,84366.54901102665,85830.48166961469,0.06259389987748157,0,0,0,66
2026-06-24,IPHONE_16_256,Apple,Smartphones,90000,69000,79740.05107333207,77955.35186993614,0.11399943251853259,0,0,0,67
2026-06-25,IPHONE_16_256,Apple,Smartphones,90000,69000,83002.66358924437,82888.17846366606,0.07774818234172917,0,0,0,62
2026-06-26,IPHONE_16_256,Apple,Smartphones,90000,69000,82634.75923129826,85072.13062287285,0.08183600854113054,0,0,0,67
2026-06-27,IPHONE_16_256,Apple,Smartphones,90000,69000,85282.35001318397,87535.78487755632,0.05241833318684472,0,0,1,60
2026-06-28,IPHONE_16_256,Apple,Smartphones,90000,69000,83881.50580393522,87115.57276336527,0.06798326884516429,0,0,1,63
2026-06-29,IPHONE_16_256,Apple,Smartphones,90000,69000,85114.21394508211,87999.44923702364,0.05428651172130992,0,0,0,54
2026-06-30,IPHONE_16_256,Apple,Smartphones,90000,69000,86592.3279942441,87945.88878641701,0.03786302228617669,0,0,0,52
2026-07-01,IPHONE_16_256,Apple,Smartphones,90000,69000,80660.2244670556,80034.83225898174,0.10377528369938223,0,0,0,61
2026-07-02,IPHONE_16_256,Apple,Smartphones,90000,69000,82600.81873848374,82857.21176266264,0.08221312512795854,0,0,0,57
2026-07-03,IPHONE_16_256,Apple,Smartphones,90000,69000,84419.37973375888,87158.06211752396,0.062006891847123574,0,0,0,74
2026-07-04,IPHONE_16_256,Apple,Smartphones,90000,69000,78842.9780658469,81972.47935385889,0.12396691037947888,0,0,1,62
2026-07-05,IPHONE_16_256,Apple,Smartphones,90000,69000,81235.60096281333,83337.77525028263,0.09738221152429634,0,0,1,62
2026-07-06,IPHONE_16_256,Apple,Smartphones,90000,69000,85530.68644238292,86322.51074148667,0.049659039529078665,0,0,0,66
2026-07-07,IPHONE_16_256,Apple,Smartphones,90000,69000,82345.60140481158,83850.0222059688,0.0850488732798714,0,0,0,75
2026-07-08,IPHONE_16_256,Apple,Smartphones,90000,69000,81814.47319780363,82767.07523043228,0.09095029780218189,0,0,0,63
2026-07-09,IPHONE_16_256,Apple,Smartphones,90000,69000,81273.53715665628,82629.73930217528,0.09696069825937462,0,0,0,68
2026-07-10,IPHONE_16_256,Apple,Smartphones,90000,69000,81964.73364334824,81454.50620814398,0.08928073729613056,0,0,0,55
2026-07-11,IPHONE_16_256,Apple,Smartphones,90000,69000,86206.45214932875,87792.32169971138,0.04215053167412495,0,0,1,53
2026-07-12,IPHONE_16_256,Apple,Smartphones,90000,69000,84005.87506510825,83573.06874854867,0.06660138816546375,0,0,1,71
2026-07-13,IPHONE_16_256,Apple,Smartphones,90000,69000,80574.50778982615,81341.73386198489,0.10472769122415385,0,0,0,54
2026-07-14,IPHONE_16_256,Apple,Smartphones,90000,69000,78326.41744283686,80269.1356304508,0.12970647285736822,0,0,0,75
2026-07-15,IPHONE_16_256,Apple,Smartphones,90000,69000,85026.00767783039,87405.88456485911,0.05526658135744009,0,0,0,47
2026-07-16,IPHONE_16_256,Apple,Smartphones,90000,69000,83882.83303645684,84976.37382103842,0.06796852181714615,0,0,0,66
2026-07-17,IPHONE_16_256,Apple,Smartphones,90000,69000,76912.44051341347,76231.19216220947,0.14541732762873913,0,0,0,63
2026-07-18,IPHONE_16_256,Apple,Smartphones,90000,69000,83273.9746457092,82726.1056105638,0.07473361504767562,0,0,1,60
2026-07-19,IPHONE_16_256,Apple,Smartphones,90000,69000,81867.8102929098,82963.66994956497,0.09035766341211333,0,0,1,58
2026-07-20,IPHONE_16_256,Apple,Smartphones,90000,69000,81315.11752229028,84713.88522283056,0.09649869419677468,0,0,0,48
2026-07-21,IPHONE_16_256,Apple,Smartphones,90000,69000,82659.66067845088,80663.19412578458,0.0815593257949903,0,0,0,59
2026-07-22,IPHONE_16_256,Apple,Smartphones,90000,69000,88369.69427202268,88589.1286820468,0.018114508088636884,0,0,0,47
2026-07-23,IPHONE_16_256,Apple,Smartphones,90000,69000,83669.07152253654,81944.64734191717,0.07034364974959391,0,0,0,49
2026-07-24,IPHONE_16_256,Apple,Smartphones,90000,69000,89592.80293756585,89657.18125570174,0.004524411804823852,0,0,0,49
2026-07-25,IPHONE_16_256,Apple,Smartphones,90000,69000,77325.34729686091,78927.85315984793,0.1408294744793232,0,0,1,64
2026-07-26,IPHONE_16_256,Apple,Smartphones,90000,69000,83015.10155445752,83298.54907446986,0.07760998272824983,0,0,1,74
2026-07-27,IPHONE_16_256,Apple,Smartphones,90000,69000,85747.86837384028,84298.9569973368,0.047245906957330205,0,0,0,57
2026-07-28,IPHONE_16_256,Apple,Smartphones,90000,69000,81129.41985973768,82558.29595018817,0.09856200155847031,0,0,0,63
2026-07-29,IPHONE_16_256,Apple,Smartphones,90000,69000,83167.19974132799,84444.1675163786,0.0759200028741335,0,0,0,48
2026-07-30,IPHONE_16_256,Apple,Smartphones,90000,69000,85876.3539949702,87079.20016326892,0.045818288944775534,0,0,0,45
2026-07-31,IPHONE_16_256,Apple,Smartphones,90000,69000,80487.56504220716,78198.28176125503,0.10569372175325371,0,0,0,67
2025-01-01,SAMSUNG_S24,Samsung,Smartphones,75000,57000,71309.064648322,70559.73391311138,0.049212471355706576,0,0,0,74
2025-01-02,SAMSUNG_S24,Samsung,Smartphones,75000,57000,69585.4424133243,70771.93719949732,0.07219410115567593,0,0,0,72
2025-01-03,SAMSUNG_S24,Samsung,Smartphones,75000,57000,64372.17841208933,64198.82933504735,0.14170428783880898,0,0,0,64
2025-01-04,SAMSUNG_S24,Samsung,Smartphones,75000,57000,64581.29923819023,65861.2495102096,0.13891601015746355,0,0,1,46
2025-01-05,SAMSUNG_S24,Samsung,Smartphones,75000,57000,71855.34027280338,72351.33547759474,0.04192879636262162,0,0,1,62
2025-01-06,SAMSUNG_S24,Samsung,Smartphones,75000,57000,72547.13730708338,72728.27157245837,0.03270483590555479,0,0,0,54
2025-01-07,SAMSUNG_S24,Samsung,Smartphones,75000,57000,69961.64690248661,70970.42756784488,0.06717804130017849,0,0,0,45
2025-01-08,SAMSUNG_S24,Samsung,Smartphones,75000,57000,67354.44770823632,67945.87759664305,0.10194069722351577,0,0,0,75
2025-01-09,SAMSUNG_S24,Samsung,Smartphones,75000,57000,71594.88864564798,76321.80971347018,0.045401484724693485,0,0,0,51
2025-01-10,SAMSUNG_S24,Samsung,Smartphones,75000,57000,65285.08811740771,68944.01635745232,0.12953215843456384,0,0,0,55
2025-01-11,SAMSUNG_S24,Samsung,Smartphones,75000,57000,69381.54223357396,70677.93199033246,0.07491277021901402,0,0,1,60
2025-01-12,SAMSUNG_S24,Samsung,Smartphones,75000,57000,69522.53920361966,70539.00571292712,0.07303281061840455,0,0,1,73
2025-01-13,SAMSUNG_S24,Samsung,Smartphones,75000,57000,68376.1880272126,66990.3007702108,0.08831749297049857,0,0,0,54
2025-01-14,SAMSUNG_S24,Samsung,Smartphones,75000,57000,69740.88155379848,72270.33850262627,0.07012157928268699,0,0,0,55
2025-01-15,SAMSUNG_S24,Samsung,Smartphones,75000,57000,66498.35006718812,66664.7996359515,0.11335533243749174,0,0,0,58
2025-01-16,SAMSUNG_S24,Samsung,Smartphones,75000,57000,68325.9439495226,68618.93833345943,0.0889874140063653,0,0,0,56
2025-01-17,SAMSUNG_S24,Samsung,Smartphones,75000,57000,67248.95313408808,65323.857017149014,0.1033472915454924,0,0,0,68
2025-01-18,SAMSUNG_S24,Samsung,Smartphones,75000,57000,67599.04997398374,70798.09494758173,0.09867933368021675,0,0,1,72
2025-01-19,SAMSUNG_S24,Samsung,Smartphones,75000,57000,70729.93754498164,73786.61386312937,0.056934166066911526,0,0,1,55
2025-01-20,SAMSUNG_S24,Samsung,Smartphones,75000,57000,68194.02200221397,68788.6127798465,0.09074637330381377,0,0,0,56
2025-01-21,SAMSUNG_S24,Samsung,Smartphones,75000,57000,69806.52134236204,72893.87981106936,0.0692463821018394,0,0,0,71
2025-01-22,SAMSUNG_S24,Samsung,Smartphones,75000,57000,69591.54764824103,73187.10501517606,0.072112698023453,0,0,0,52
2025-01-23,SAMSUNG_S24,Samsung,Smartphones,75000,57000,64998.14239957076,64925.10660167685,0.13335810133905662,0,0,0,66
2025-01-24,SAMSUNG_S24,Samsung,Smartphones,75000,57000,69405.9554797222,66953.68088475708,0.07458726027037083,0,0,0,62
2025-01-25,SAMSUNG_S24,Samsung,Smartphones,75000,57000,70798.09134525234,72924.1257514795,0.056025448729968834,0,0,1,68
2025-01-26,SAMSUNG_S24,Samsung,Smartphones,75000,57000,67690.93898064419,65080.61105372725,0.09745414692474406,0,0,1,56
2025-01-27,SAMSUNG_S24,Samsung,Smartphones,75000,57000,69531.84015390994,71930.69600287447,0.07290879794786742,0,0,0,68
2025-01-28,SAMSUNG_S24,Samsung,Smartphones,75000,57000,68102.89595812696,66573.43100798302,0.09196138722497388,0,0,0,61
2025-01-29,SAMSUNG_S24,Samsung,Smartphones,75000,57000,69561.5569741718,68558.22587614635,0.07251257367770922,0,0,0,45
2025-01-30,SAMSUNG_S24,Samsung,Smartphones,75000,57000,73464.14653033487,72849.35591822001,0.020478046262201767,0,0,0,68
2025-01-31,SAMSUNG_S24,Samsung,Smartphones,75000,57000,68504.84341088404,71943.90171903637,0.0866020878548793,0,0,0,65
2025-02-01,SAMSUNG_S24,Samsung,Smartphones,75000,57000,68875.84079928709,70760.74720730426,0.08165545600950548,0,0,1,74
2025-02-02,SAMSUNG_S24,Samsung,Smartphones,75000,57000,68225.03500934374,67748.40641236378,0.0903328665420835,0,0,1,58
2025-02-03,SAMSUNG_S24,Samsung,Smartphones,75000,57000,69077.0482180537,70450.48515403934,0.07897269042595069,0,0,0,68
2025-02-04,SAMSUNG_S24,Samsung,Smartphones,75000,57000,66968.1902180635,67625.3477347662,0.10709079709248684,0,0,0,74
2025-02-05,SAMSUNG_S24,Samsung,Smartphones,75000,57000,67941.33853906208,65519.81072595283,0.09411548614583884,0,0,0,55
2025-02-06,SAMSUNG_S24,Samsung,Smartphones,75000,57000,65644.51251291885,66201.09671111712,0.12473983316108203,0,0,0,77
2025-02-07,SAMSUNG_S24,Samsung,Smartphones,75000,57000,67891.39740669407,66654.69702219527,0.09478136791074562,0,0,0,60
2025-02-08,SAMSUNG_S24,Samsung,Smartphones,75000,57000,69481.79334529322,69976.93635707702,0.0735760887294237,0,0,1,68
2025-02-09,SAMSUNG_S24,Samsung,Smartphones,75000,57000,69268.02052959002,70025.73141701275,0.07642639293879964,0,0,1,55
2025-02-10,SAMSUNG_S24,Samsung,Smartphones,75000,57000,67802.06557052667,67857.87574576687,0.09597245905964437,0,0,0,46
2025-02-11,SAMSUNG_S24,Samsung,Smartphones,75000,57000,71353.53704419888,73090.01008864181,0.048619506077348294,0,0,0,61
2025-02-12,SAMSUNG_S24,Samsung,Smartphones,75000,57000,66577.18389150637,66376.40273960531,0.11230421477991509,0,0,0,67
2025-02-13,SAMSUNG_S24,Samsung,Smartphones,75000,57000,63606.898415312506,66696.29624280623,0.1519080211291666,0,0,0,59
2025-02-14,SAMSUNG_S24,Samsung,Smartphones,75000,57000,71797.41708177637,69493.20001731523,0.042701105576315165,0,0,0,65
2025-02-15,SAMSUNG_S24,Samsung,Smartphones,75000,57000,69371.86440866464,70589.90063401614,0.07504180788447148,0,0,1,64
2025-02-16,SAMSUNG_S24,Samsung,Smartphones,75000,57000,63656.72992611106,67463.5526175067,0.15124360098518583,0,0,1,56
2025-02-17,SAMSUNG_S24,Samsung,Smartphones,75000,57000,67169.75012822542,67257.86854069974,0.10440333162366096,0,0,0,68
2025-02-18,SAMSUNG_S24,Samsung,Smartphones,75000,57000,65806.82560839767,66720.73698920543,0.1225756585546978,0,0,0,77
2025-02-19,SAMSUNG_S24,Samsung,Smartphones,75000,57000,72315.01997853647,70815.33979279883,0.035799733619513774,0,0,0,68
2025-02-20,SAMSUNG_S24,Samsung,Smartphones,75000,57000,67075.4042917658,70057.14527133634,0.10566127610978952,0,0,0,62
2025-02-21,SAMSUNG_S24,Samsung,Smartphones,75000,57000,67007.67304941721,68428.3669542893,0.10656435934110395,0,0,0,69
2025-02-22,SAMSUNG_S24,Samsung,Smartphones,75000,57000,64977.501495707496,66310.41212158662,0.13363331339056678,0,0,1,61
2025-02-23,SAMSUNG_S24,Samsung,Smartphones,75000,57000,64148.71360172293,65656.23692030439,0.14468381864369434,0,0,1,102
2025-02-24,SAMSUNG_S24,Samsung,Smartphones,75000,57000,66211.81045007976,66338.41579622406,0.11717586066560312,0,0,0,79
2025-02-25,SAMSUNG_S24,Samsung,Smartphones,75000,57000,64765.932302193236,66594.33439749813,0.1364542359707569,0,0,0,77
2025-02-26,SAMSUNG_S24,Samsung,Smartphones,75000,57000,69218.32590132837,72293.92978407186,0.07708898798228832,0,0,0,61
2025-02-27,SAMSUNG_S24,Samsung,Smartphones,75000,57000,67210.71016287047,67906.52308057426,0.10385719782839362,0,0,0,66
2025-02-28,SAMSUNG_S24,Samsung,Smartphones,75000,57000,67501.26755166483,66801.94965931418,0.09998309931113555,0,0,0,73
2025-03-01,SAMSUNG_S24,Samsung,Smartphones,75000,57000,65796.05466468052,69766.11342235253,0.12271927113759315,0,0,1,83
2025-03-02,SAMSUNG_S24,Samsung,Smartphones,75000,57000,72998.32771845635,72758.50740530025,0.026688963753915322,0,0,1,73
2025-03-03,SAMSUNG_S24,Samsung,Smartphones,75000,57000,70603.87795073527,72715.53406928344,0.058614960656862974,0,0,0,49
2025-03-04,SAMSUNG_S24,Samsung,Smartphones,75000,57000,70126.22277624324,67838.73009862474,0.06498369631675671,0,0,0,49
2025-03-05,SAMSUNG_S24,Samsung,Smartphones,75000,57000,70354.45009704134,71791.21647498156,0.061940665372782214,0,0,0,65
2025-03-06,SAMSUNG_S24,Samsung,Smartphones,75000,57000,66387.03512507014,68006.15172098967,0.1148395316657316,0,0,0,55
2025-03-07,SAMSUNG_S24,Samsung,Smartphones,75000,57000,68178.84162848702,69838.59946771279,0.09094877828683963,0,0,0,68
2025-03-08,SAMSUNG_S24,Samsung,Smartphones,75000,57000,70421.36664208131,70945.9947671862,0.061048444772249084,0,0,1,74
2025-03-09,SAMSUNG_S24,Samsung,Smartphones,75000,57000,66535.20514464991,67094.30407830568,0.11286393140466773,0,0,1,68
2025-03-10,SAMSUNG_S24,Samsung,Smartphones,75000,57000,68284.33702491154,69551.3965652596,0.0895421730011795,0,0,0,65
2025-03-11,SAMSUNG_S24,Samsung,Smartphones,75000,57000,67343.03606294906,66078.28896575025,0.10209285249401241,0,0,0,63
2025-03-12,SAMSUNG_S24,Samsung,Smartphones,75000,57000,65698.7655794863,65479.5740557103,0.12401645894018279,0,0,0,64
2025-03-13,SAMSUNG_S24,Samsung,Smartphones,75000,57000,69249.76382307797,69269.70791646035,0.0766698156922938,0,0,0,76
2025-03-14,SAMSUNG_S24,Samsung,Smartphones,75000,57000,69449.34584571555,70029.05274136618,0.07400872205712603,0,0,0,77
2025-03-15,SAMSUNG_S24,Samsung,Smartphones,75000,57000,73486.7192979068,74941.20154468859,0.020177076027909135,0,0,1,48
2025-03-16,SAMSUNG_S24,Samsung,Smartphones,75000,57000,69234.15865644063,72713.68223535764,0.07687788458079162,0,0,1,65
2025-03-17,SAMSUNG_S24,Samsung,Smartphones,75000,57000,67377.57020343364,68635.04961806224,0.10163239728755147,0,0,0,62
2025-03-18,SAMSUNG_S24,Samsung,Smartphones,75000,57000,64964.333581953746,67910.64539620043,0.13380888557395015,0,0,0,69
2025-03-19,SAMSUNG_S24,Samsung,Smartphones,75000,57000,64631.49585619226,64508.59493399647,0.13824672191743648,0,0,0,64
2025-03-20,SAMSUNG_S24,Samsung,Smartphones,75000,57000,71942.35455614142,69595.63857595374,0.040768605918114424,0,0,0,57
2025-03-21,SAMSUNG_S24,Samsung,Smartphones,75000,57000,68350.91243821452,70549.38449457154,0.08865450082380646,0,0,0,62
2025-03-22,SAMSUNG_S24,Samsung,Smartphones,75000,57000,65815.40463047207,67350.37078155106,0.12246127159370565,0,0,1,82
2025-03-23,SAMSUNG_S24,Samsung,Smartphones,75000,57000,65832.84372593246,66933.98476052539,0.12222875032090058,0,0,1,79
2025-03-24,SAMSUNG_S24,Samsung,Smartphones,75000,57000,71362.92059816836,71338.92712921821,0.048494392024421795,0,0,0,55
2025-03-25,SAMSUNG_S24,Samsung,Smartphones,75000,57000,66535.23740713352,64655.99274122101,0.11286350123821981,0,0,0,68
2025-03-26,SAMSUNG_S24,Samsung,Smartphones,75000,57000,70290.30408624312,69891.3211820065,0.06279594551675834,0,0,0,63
2025-03-27,SAMSUNG_S24,Samsung,Smartphones,75000,57000,69138.48215850201,70959.3806034527,0.0781535712199732,0,0,0,48
2025-03-28,SAMSUNG_S24,Samsung,Smartphones,75000,57000,65910.37332842537,64406.846812918484,0.1211950222876618,0,0,0,63
2025-03-29,SAMSUNG_S24,Samsung,Smartphones,75000,57000,71200.69993500212,69754.15601875333,0.05065733419997173,0,0,1,66
2025-03-30,SAMSUNG_S24,Samsung,Smartphones,75000,57000,69035.44601705656,67815.70534148482,0.07952738643924581,0,0,1,57
2025-03-31,SAMSUNG_S24,Samsung,Smartphones,75000,57000,67993.43058600769,66988.67273400332,0.09342092551989756,0,0,0,63
2025-04-01,SAMSUNG_S24,Samsung,Smartphones,75000,57000,71117.11456019848,74810.22722599252,0.05177180586402035,0,0,0,55
2025-04-02,SAMSUNG_S24,Samsung,Smartphones,75000,57000,68424.93714833862,68295.96941246356,0.0876675046888184,0,0,0,59
2025-04-03,SAMSUNG_S24,Samsung,Smartphones,75000,57000,61733.019285231894,61962.12302045162,0.17689307619690803,0,0,0,77
2025-04-04,SAMSUNG_S24,Samsung,Smartphones,75000,57000,67395.93887408475,66778.48014447441,0.10138748167886998,0,0,0,56
2025-04-05,SAMSUNG_S24,Samsung,Smartphones,75000,57000,71449.43760780113,73366.9132971206,0.04734083189598504,0,0,1,62
2025-04-06,SAMSUNG_S24,Samsung,Smartphones,75000,57000,64308.49509291275,64253.84820609723,0.1425533987611634,0,0,1,80
2025-04-07,SAMSUNG_S24,Samsung,Smartphones,75000,57000,71627.65005426739,74194.05060591555,0.0449646659431015,0,0,0,57
2025-04-08,SAMSUNG_S24,Samsung,Smartphones,75000,57000,70114.57018580813,71512.72045083628,0.06513906418922501,0,0,0,57
2025-04-09,SAMSUNG_S24,Samsung,Smartphones,75000,57000,65998.1391320624,66833.83063658082,0.12002481157250146,0,0,0,75
2025-04-10,SAMSUNG_S24,Samsung,Smartphones,75000,57000,68481.10163674511,64848.85578569689,0.08691864484339858,0,0,0,78
2025-04-11,SAMSUNG_S24,Samsung,Smartphones,75000,57000,70765.03315885707,72067.99395829212,0.05646622454857242,0,0,0,64
2025-04-12,SAMSUNG_S24,Samsung,Smartphones,75000,57000,63873.21829920777,62923.33355776203,0.14835708934389638,0,0,1,71
2025-04-13,SAMSUNG_S24,Samsung,Smartphones,75000,57000,70994.48059646791,70444.24596284366,0.053406925380427864,0,0,1,56
2025-04-14,SAMSUNG_S24,Samsung,Smartphones,75000,57000,67894.22563093618,70010.55644551988,0.09474365825418431,0,0,0,61
2025-04-15,SAMSUNG_S24,Samsung,Smartphones,75000,57000,66387.68487895865,68607.30304058018,0.11483086828055122,0,0,0,72
2025-04-16,SAMSUNG_S24,Samsung,Smartphones,75000,57000,68422.00305021153,70872.17684440389,0.08770662599717965,0,0,0,64
2025-04-17,SAMSUNG_S24,Samsung,Smartphones,75000,57000,66169.92083603873,66688.99558065247,0.11773438885281702,0,0,0,61
2025-04-18,SAMSUNG_S24,Samsung,Smartphones,75000,57000,69747.5721999779,68706.12768051744,0.07003237066696118,0,0,0,55
2025-04-19,SAMSUNG_S24,Samsung,Smartphones,75000,57000,70178.38451669665,70167.66414207859,0.06428820644404477,0,0,1,62
2025-04-20,SAMSUNG_S24,Samsung,Smartphones,75000,57000,72794.48513783148,74181.06406425637,0.02940686482891368,0,0,1,71
2025-04-21,SAMSUNG_S24,Samsung,Smartphones,75000,57000,68408.6669797105,70130.44839624167,0.08788444027052664,0,0,0,64
2025-04-22,SAMSUNG_S24,Samsung,Smartphones,75000,57000,70508.02760171772,72749.65862688216,0.059892965310430354,0,0,0,59
2025-04-23,SAMSUNG_S24,Samsung,Smartphones,75000,57000,65347.42283674065,65654.156598613,0.12870102884345797,0,0,0,70
2025-04-24,SAMSUNG_S24,Samsung,Smartphones,75000,57000,65333.50453432896,66713.62306592881,0.1288866062089472,0,0,0,56
2025-04-25,SAMSUNG_S24,Samsung,Smartphones,75000,57000,68918.4585057028,69328.92429939492,0.0810872199239626,0,0,0,76
2025-04-26,SAMSUNG_S24,Samsung,Smartphones,75000,57000,67400.7480689144,67515.55705098883,0.10132335908114136,0,0,1,84
2025-04-27,SAMSUNG_S24,Samsung,Smartphones,75000,57000,71643.88684225832,72661.64295708032,0.04474817543655576,0,0,1,67
2025-04-28,SAMSUNG_S24,Samsung,Smartphones,75000,57000,67266.59948177297,69196.38762252642,0.10311200690969385,0,0,0,80
2025-04-29,SAMSUNG_S24,Samsung,Smartphones,75000,57000,70036.9979869451,71278.48578087581,0.06617336017406514,0,0,0,50
2025-04-30,SAMSUNG_S24,Samsung,Smartphones,75000,57000,65262.12115545444,68221.3825188262,0.12983838459394084,0,0,0,65
2025-05-01,SAMSUNG_S24,Samsung,Smartphones,75000,57000,69848.0738245272,72878.73015717718,0.06869234900630414,0,0,0,66
2025-05-02,SAMSUNG_S24,Samsung,Smartphones,75000,57000,72952.81006399289,73591.31087085028,0.02729586581342828,0,0,0,51
2025-05-03,SAMSUNG_S24,Samsung,Smartphones,75000,57000,70548.52791515608,71837.87087621773,0.05935296113125234,0,0,1,61
2025-05-04,SAMSUNG_S24,Samsung,Smartphones,75000,57000,74420.27135391955,77437.64997239516,0.007729715281072538,0,0,1,67
2025-05-05,SAMSUNG_S24,Samsung,Smartphones,75000,57000,69005.87505574472,67854.45349109881,0.07992166592340366,0,0,0,60
2025-05-06,SAMSUNG_S24,Samsung,Smartphones,75000,57000,70898.31715192716,72257.094472713,0.05468910464097125,0,0,0,66
2025-05-07,SAMSUNG_S24,Samsung,Smartphones,75000,57000,66303.72853078049,68306.69711949577,0.11595028625626029,0,0,0,75
2025-05-08,SAMSUNG_S24,Samsung,Smartphones,75000,57000,69572.26478169295,70213.61424493516,0.07236980291076066,0,0,0,78
2025-05-09,SAMSUNG_S24,Samsung,Smartphones,75000,57000,67328.11629261715,67201.66520552631,0.10229178276510449,0,0,0,75
2025-05-10,SAMSUNG_S24,Samsung,Smartphones,75000,57000,67122.50396728552,67133.66119604689,0.10503328043619314,0,0,1,71
2025-05-11,SAMSUNG_S24,Samsung,Smartphones,75000,57000,67363.24477808212,71077.34564965915,0.10182340295890506,0,0,1,56
2025-05-12,SAMSUNG_S24,Samsung,Smartphones,75000,57000,72144.63965114423,72096.7153146307,0.03807147131807683,0,0,0,67
2025-05-13,SAMSUNG_S24,Samsung,Smartphones,75000,57000,69091.72143870391,68215.4198057388,0.07877704748394786,0,0,0,51
2025-05-14,SAMSUNG_S24,Samsung,Smartphones,75000,57000,67533.42488233023,67525.59350371147,0.09955433490226367,0,0,0,80
2025-05-15,SAMSUNG_S24,Samsung,Smartphones,75000,57000,72214.01659256463,71324.3880978643,0.03714644543247159,0,0,0,61
2025-05-16,SAMSUNG_S24,Samsung,Smartphones,75000,57000,68717.12985443708,68975.00164564128,0.083771601940839,0,0,0,64
2025-05-17,SAMSUNG_S24,Samsung,Smartphones,75000,57000,71567.08944332568,71187.02724250287,0.04577214075565764,0,0,1,66
2025-05-18,SAMSUNG_S24,Samsung,Smartphones,75000,57000,66735.2691961242,66017.7474394802,0.11019641071834405,0,0,1,58
2025-05-19,SAMSUNG_S24,Samsung,Smartphones,75000,57000,64950.81357014295,63294.76728111777,0.1339891523980941,0,0,0,59
2025-05-20,SAMSUNG_S24,Samsung,Smartphones,75000,57000,66829.54859438857,67324.07183687015,0.108939352074819,0,0,0,65
2025-05-21,SAMSUNG_S24,Samsung,Smartphones,75000,57000,71551.92582210123,72409.79682562653,0.04597432237198362,0,0,0,58
2025-05-22,SAMSUNG_S24,Samsung,Smartphones,75000,57000,71100.58468042474,70829.17072316004,0.05199220426100337,0,0,0,49
2025-05-23,SAMSUNG_S24,Samsung,Smartphones,75000,57000,70001.78162545968,71997.05231956662,0.06664291166053761,0,0,0,78
2025-05-24,SAMSUNG_S24,Samsung,Smartphones,75000,57000,70642.65423979591,71755.14243306065,0.058097943469387826,0,0,1,59
2025-05-25,SAMSUNG_S24,Samsung,Smartphones,75000,57000,66948.9349355079,67706.08181201134,0.10734753419322801,0,0,1,69
2025-05-26,SAMSUNG_S24,Samsung,Smartphones,75000,57000,67999.23278019948,68610.1952929956,0.09334356293067346,0,0,0,85
2025-05-27,SAMSUNG_S24,Samsung,Smartphones,75000,57000,67590.88039328462,66155.30938457994,0.09878826142287164,0,0,0,50
2025-05-28,SAMSUNG_S24,Samsung,Smartphones,75000,57000,65236.71177685307,62856.121350161266,0.13017717630862574,0,0,0,66
2025-05-29,SAMSUNG_S24,Samsung,Smartphones,75000,57000,67917.56558114938,71272.9862624629,0.0944324589180082,0,0,0,63
2025-05-30,SAMSUNG_S24,Samsung,Smartphones,75000,57000,74582.93790547307,75387.72877744271,0.0055608279270257105,0,0,0,62
2025-05-31,SAMSUNG_S24,Samsung,Smartphones,75000,57000,68683.33375265468,71162.84525047246,0.0842222166312709,0,0,1,61
2025-06-01,SAMSUNG_S24,Samsung,Smartphones,75000,57000,72698.5219603291,73925.3136954701,0.03068637386227862,0,0,1,66
2025-06-02,SAMSUNG_S24,Samsung,Smartphones,75000,57000,69425.41301784666,72194.05928361964,0.07432782642871116,0,0,0,67
2025-06-03,SAMSUNG_S24,Samsung,Smartphones,75000,57000,68450.45924949645,69057.881577883,0.0873272100067141,0,0,0,71
2025-06-04,SAMSUNG_S24,Samsung,Smartphones,75000,57000,71431.17856664342,69985.70557861781,0.04758428577808771,0,0,0,63
2025-06-05,SAMSUNG_S24,Samsung,Smartphones,75000,57000,68827.03452741912,72380.47517910355,0.0823062063010784,0,0,0,70
2025-06-06,SAMSUNG_S24,Samsung,Smartphones,75000,57000,68539.11802706971,67468.62139214505,0.08614509297240376,0,0,0,64
2025-06-07,SAMSUNG_S24,Samsung,Smartphones,75000,57000,69317.68020640011,71271.0026290556,0.07576426391466524,0,0,1,77
2025-06-08,SAMSUNG_S24,Samsung,Smartphones,75000,57000,75000.0,73837.87249932264,0.0,0,0,1,57
2025-06-09,SAMSUNG_S24,Samsung,Smartphones,75000,57000,68455.20147591706,66834.89139455151,0.08726398032110597,0,0,0,64
2025-06-10,SAMSUNG_S24,Samsung,Smartphones,75000,57000,69526.79869823524,69518.63650086394,0.07297601735686346,0,0,0,64
2025-06-11,SAMSUNG_S24,Samsung,Smartphones,75000,57000,66496.3793284952,70771.7684717262,0.11338160895339738,0,0,0,59
2025-06-12,SAMSUNG_S24,Samsung,Smartphones,75000,57000,72120.97043489004,73638.68530805565,0.038387060868132795,0,0,0,50
2025-06-13,SAMSUNG_S24,Samsung,Smartphones,75000,57000,66875.69610117633,69604.77389466616,0.10832405198431545,0,0,0,62
2025-06-14,SAMSUNG_S24,Samsung,Smartphones,75000,57000,66847.12306542697,66733.91966202235,0.1087050257943071,0,0,1,76
2025-06-15,SAMSUNG_S24,Samsung,Smartphones,75000,57000,72384.93768302545,72563.04117002025,0.0348674975596607,0,0,1,51
2025-06-16,SAMSUNG_S24,Samsung,Smartphones,75000,57000,66944.21640296541,66661.58298363815,0.10741044796046112,0,0,0,63
2025-06-17,SAMSUNG_S24,Samsung,Smartphones,75000,57000,67237.91589114844,69164.32244514594,0.10349445478468738,0,0,0,60
2025-06-18,SAMSUNG_S24,Samsung,Smartphones,75000,57000,68053.01614400743,68856.53230679531,0.09262645141323422,0,0,0,58
2025-06-19,SAMSUNG_S24,Samsung,Smartphones,75000,57000,70129.87270935188,74352.52035145329,0.06493503054197494,0,0,0,62
2025-06-20,SAMSUNG_S24,Samsung,Smartphones,75000,57000,70508.3298777314,70621.53343787046,0.05988893496358132,0,0,0,48
2025-06-21,SAMSUNG_S24,Samsung,Smartphones,75000,57000,67500.53644812987,70522.27153098064,0.09999284735826838,0,0,1,55
2025-06-22,SAMSUNG_S24,Samsung,Smartphones,75000,57000,67766.21413922751,68619.02144295601,0.09645047814363315,0,0,1,71
2025-06-23,SAMSUNG_S24,Samsung,Smartphones,75000,57000,63339.58221671059,63370.15207829447,0.15547223711052546,0,0,0,41
2025-06-24,SAMSUNG_S24,Samsung,Smartphones,75000,57000,69986.95689579865,69705.10344413992,0.06684057472268469,0,0,0,57
2025-06-25,SAMSUNG_S24,Samsung,Smartphones,75000,57000,67936.78211212876,67180.04758401404,0.09417623850494995,0,0,0,64
2025-06-26,SAMSUNG_S24,Samsung,Smartphones,75000,57000,71840.29668573508,71950.44751986027,0.042129377523532234,0,0,0,54
2025-06-27,SAMSUNG_S24,Samsung,Smartphones,75000,57000,73023.07036581912,74244.94019023635,0.026359061789078327,0,0,0,52
2025-06-28,SAMSUNG_S24,Samsung,Smartphones,75000,57000,67929.81444080241,69595.79235870518,0.0942691407893012,0,0,1,67
2025-06-29,SAMSUNG_S24,Samsung,Smartphones,75000,57000,66698.90956541427,66846.00471720831,0.11068120579447628,0,0,1,72
2025-06-30,SAMSUNG_S24,Samsung,Smartphones,75000,57000,68729.31544499233,68640.92028349651,0.08360912740010218,0,0,0,60
2025-07-01,SAMSUNG_S24,Samsung,Smartphones,75000,57000,67504.38283577653,67632.34269077961,0.09994156218964627,0,0,0,62
2025-07-02,SAMSUNG_S24,Samsung,Smartphones,75000,57000,68500.66404265715,68535.55743035315,0.08665781276457128,0,0,0,65
2025-07-03,SAMSUNG_S24,Samsung,Smartphones,75000,57000,75000.0,76564.24434360389,0.0,0,0,0,55
2025-07-04,SAMSUNG_S24,Samsung,Smartphones,75000,57000,68664.19109376673,70442.12419707666,0.08447745208311028,0,0,0,55
2025-07-05,SAMSUNG_S24,Samsung,Smartphones,75000,57000,70182.21650204874,71597.8753873874,0.06423711330601661,0,0,1,57
2025-07-06,SAMSUNG_S24,Samsung,Smartphones,75000,57000,66303.96637945833,65893.09348048028,0.11594711494055562,0,0,1,57
2025-07-07,SAMSUNG_S24,Samsung,Smartphones,75000,57000,68521.80210225574,70734.84669266459,0.08637597196992355,0,0,0,56
2025-07-08,SAMSUNG_S24,Samsung,Smartphones,75000,57000,68514.47320822702,73313.19892533378,0.08647369055697303,0,0,0,62
2025-07-09,SAMSUNG_S24,Samsung,Smartphones,75000,57000,63738.38882785268,64220.711317113615,0.15015481562863098,0,0,0,53
2025-07-10,SAMSUNG_S24,Samsung,Smartphones,75000,57000,69179.03164212326,67437.93475512881,0.07761291143835658,0,0,0,65
2025-07-11,SAMSUNG_S24,Samsung,Smartphones,75000,57000,70604.09828900138,70885.23621140653,0.05861202281331488,0,0,0,58
2025-07-12,SAMSUNG_S24,Samsung,Smartphones,75000,57000,68305.73557700265,69097.57384631748,0.08925685897329809,0,0,1,52
2025-07-13,SAMSUNG_S24,Samsung,Smartphones,75000,57000,67682.51188653574,68310.57750591231,0.09756650817952352,0,0,1,53
2025-07-14,SAMSUNG_S24,Samsung,Smartphones,75000,57000,66051.00337137362,67829.41689029035,0.11931995504835166,0,0,0,69
2025-07-15,SAMSUNG_S24,Samsung,Smartphones,75000,57000,67896.79511122653,70790.83267005374,0.09470939851697965,0,0,0,55
2025-07-16,SAMSUNG_S24,Samsung,Smartphones,75000,57000,65574.80874628676,66452.16073807681,0.12566921671617653,0,0,0,69
2025-07-17,SAMSUNG_S24,Samsung,Smartphones,75000,57000,70553.67467415062,73506.82618061813,0.059284337677991766,0,0,0,37
2025-07-18,SAMSUNG_S24,Samsung,Smartphones,75000,57000,71427.9302662631,72622.16202703996,0.047627596449825414,0,0,0,68
2025-07-19,SAMSUNG_S24,Samsung,Smartphones,75000,57000,68508.84386217163,69859.19533105977,0.08654874850437821,0,0,1,59
2025-07-20,SAMSUNG_S24,Samsung,Smartphones,75000,57000,67357.82283092028,70531.45714672063,0.1018956955877296,0,0,1,68
2025-07-21,SAMSUNG_S24,Samsung,Smartphones,75000,57000,68254.73347081701,68925.22888883401,0.08993688705577334,0,0,0,51
2025-07-22,SAMSUNG_S24,Samsung,Smartphones,75000,57000,66407.21264569793,65783.63835782134,0.114570498057361,0,0,0,67
2025-07-23,SAMSUNG_S24,Samsung,Smartphones,75000,57000,73942.83154751328,71865.78145647851,0.014095579366489572,0,0,0,47
2025-07-24,SAMSUNG_S24,Samsung,Smartphones,75000,57000,62357.77961981556,62626.085567100825,0.16856293840245914,0,0,0,53
2025-07-25,SAMSUNG_S24,Samsung,Smartphones,75000,57000,68674.74460663219,70417.29969154332,0.0843367385782375,0,0,0,54
2025-07-26,SAMSUNG_S24,Samsung,Smartphones,75000,57000,69645.73776318372,71119.97020422258,0.07139016315755048,0,0,1,61
2025-07-27,SAMSUNG_S24,Samsung,Smartphones,75000,57000,67576.13707997823,66885.23207775035,0.09898483893362356,0,0,1,66
2025-07-28,SAMSUNG_S24,Samsung,Smartphones,75000,57000,72530.43544104608,71306.29748985895,0.032927527452718965,0,0,0,57
2025-07-29,SAMSUNG_S24,Samsung,Smartphones,75000,57000,72372.41038684585,72497.20876663082,0.03503452817538864,0,0,0,52
2025-07-30,SAMSUNG_S24,Samsung,Smartphones,75000,57000,68320.42027125414,67183.22224482695,0.08906106304994471,0,0,0,50
2025-07-31,SAMSUNG_S24,Samsung,Smartphones,75000,57000,69852.1266452946,70965.79958087989,0.06863831139607206,0,0,0,68
2025-08-01,SAMSUNG_S24,Samsung,Smartphones,75000,57000,68729.41966848153,69457.91718493086,0.08360773775357969,0,0,0,53
2025-08-02,SAMSUNG_S24,Samsung,Smartphones,75000,57000,68994.26807405277,67312.38577474827,0.08007642567929626,0,0,1,68
2025-08-03,SAMSUNG_S24,Samsung,Smartphones,75000,57000,72353.27108509402,75168.86544019105,0.035289718865413,0,0,1,53
2025-08-04,SAMSUNG_S24,Samsung,Smartphones,75000,57000,65436.248463243384,65855.72493503295,0.12751668715675488,0,0,0,51
2025-08-05,SAMSUNG_S24,Samsung,Smartphones,75000,57000,66577.00732852975,67918.69051353904,0.11230656895293667,0,0,0,53
2025-08-06,SAMSUNG_S24,Samsung,Smartphones,75000,57000,72833.2938924242,73903.83729728824,0.0288894147676772,0,0,0,59
2025-08-07,SAMSUNG_S24,Samsung,Smartphones,75000,57000,69309.70037334437,67998.02043519985,0.07587066168874178,0,0,0,62
2025-08-08,SAMSUNG_S24,Samsung,Smartphones,75000,57000,70272.1499820752,71226.82811322901,0.06303800023899715,0,0,0,57
2025-08-09,SAMSUNG_S24,Samsung,Smartphones,75000,57000,70201.42197440758,72740.45421679539,0.06398104034123228,0,0,1,54
2025-08-10,SAMSUNG_S24,Samsung,Smartphones,75000,57000,69332.49307178763,69070.56143014634,0.07556675904283178,0,0,1,57
2025-08-11,SAMSUNG_S24,Samsung,Smartphones,75000,57000,68479.67951473284,69721.31796482728,0.0869376064702287,0,0,0,42
2025-08-12,SAMSUNG_S24,Samsung,Smartphones,75000,57000,66550.70015998241,67321.92611753296,0.1126573312002345,0,0,0,54
2025-08-13,SAMSUNG_S24,Samsung,Smartphones,75000,57000,75000.0,76282.1025521964,0.0,0,0,0,49
2025-08-14,SAMSUNG_S24,Samsung,Smartphones,75000,57000,69793.00473268959,73260.67122394303,0.06942660356413881,0,0,0,73
2025-08-15,SAMSUNG_S24,Samsung,Smartphones,75000,57000,67950.00904852303,68911.26219830198,0.09399987935302623,0,0,0,60
2025-08-16,SAMSUNG_S24,Samsung,Smartphones,75000,57000,70201.40210659464,72783.89394334404,0.06398130524540485,0,0,1,61
2025-08-17,SAMSUNG_S24,Samsung,Smartphones,75000,57000,73062.37070960781,74165.50995974841,0.025835057205229106,0,0,1,61
2025-08-18,SAMSUNG_S24,Samsung,Smartphones,75000,57000,73108.05647028468,72740.89469537276,0.025225913729537718,0,0,0,34
2025-08-19,SAMSUNG_S24,Samsung,Smartphones,75000,57000,66840.45863024288,68069.18219665108,0.10879388493009504,0,0,0,48
2025-08-20,SAMSUNG_S24,Samsung,Smartphones,75000,57000,68526.69924023906,67573.9456389041,0.0863106767968126,0,0,0,62
2025-08-21,SAMSUNG_S24,Samsung,Smartphones,75000,57000,69135.21163360406,70475.32805073194,0.07819717821861252,0,0,0,46
2025-08-22,SAMSUNG_S24,Samsung,Smartphones,75000,57000,66548.74763155314,68051.47223182561,0.11268336491262489,0,0,0,57
2025-08-23,SAMSUNG_S24,Samsung,Smartphones,75000,57000,66840.74608184873,65317.53911244072,0.10879005224201682,0,0,1,73
2025-08-24,SAMSUNG_S24,Samsung,Smartphones,75000,57000,74439.35467975328,74802.37219816406,0.007475270936622952,0,0,1,46
2025-08-25,SAMSUNG_S24,Samsung,Smartphones,75000,57000,67988.8167878192,70573.55733496473,0.0934824428290774,0,0,0,68
2025-08-26,SAMSUNG_S24,Samsung,Smartphones,75000,57000,68699.93952321948,69390.03643789206,0.08400080635707367,0,0,0,59
2025-08-27,SAMSUNG_S24,Samsung,Smartphones,75000,57000,68225.11215858306,69580.88412878824,0.09033183788555926,0,0,0,51
2025-08-28,SAMSUNG_S24,Samsung,Smartphones,75000,57000,69462.3522689908,67492.87804465817,0.07383530308012276,0,0,0,52
2025-08-29,SAMSUNG_S24,Samsung,Smartphones,75000,57000,67628.38298808872,67200.40117921904,0.09828822682548366,0,0,0,51
2025-08-30,SAMSUNG_S24,Samsung,Smartphones,75000,57000,70195.27386075644,70276.245929283,0.06406301518991406,0,0,1,59
2025-08-31,SAMSUNG_S24,Samsung,Smartphones,75000,57000,66309.96795526046,68910.28079751594,0.11586709392986048,0,0,1,57
2025-09-01,SAMSUNG_S24,Samsung,Smartphones,75000,57000,71905.5345152769,75023.54928121898,0.04125953979630801,1,0,0,62
2025-09-02,SAMSUNG_S24,Samsung,Smartphones,75000,57000,70131.365025577,70414.33538478777,0.06491513299230654,1,0,0,64
2025-09-03,SAMSUNG_S24,Samsung,Smartphones,75000,57000,71173.97398016795,73105.7359759723,0.051013680264427215,1,0,0,68
2025-09-04,SAMSUNG_S24,Samsung,Smartphones,75000,57000,67197.21806492869,66790.97492458831,0.10403709246761743,1,0,0,84
2025-09-05,SAMSUNG_S24,Samsung,Smartphones,75000,57000,71251.54958858818,71278.6393856961,0.04997933881882432,1,0,0,74
2025-09-06,SAMSUNG_S24,Samsung,Smartphones,75000,57000,67410.81317499779,68881.44707579764,0.10118915766669614,1,0,1,89
2025-09-07,SAMSUNG_S24,Samsung,Smartphones,75000,57000,67606.64584285908,66468.84243176637,0.09857805542854553,1,0,1,71
2025-09-08,SAMSUNG_S24,Samsung,Smartphones,75000,57000,68846.15159189905,67421.33131812744,0.08205131210801275,0,0,0,61
2025-09-09,SAMSUNG_S24,Samsung,Smartphones,75000,57000,68163.12810847582,68809.10830577796,0.09115829188698896,0,0,0,53
2025-09-10,SAMSUNG_S24,Samsung,Smartphones,75000,57000,71912.32083304632,75710.57035392975,0.04116905555938231,0,0,0,54
2025-09-11,SAMSUNG_S24,Samsung,Smartphones,75000,57000,67570.79284249041,66397.6044778341,0.09905609543346118,0,0,0,39
2025-09-12,SAMSUNG_S24,Samsung,Smartphones,75000,57000,68328.05999065073,67099.43564818217,0.088959200124657,0,0,0,58
2025-09-13,SAMSUNG_S24,Samsung,Smartphones,75000,57000,69953.33584167364,70274.38892964885,0.06728885544435144,0,0,1,44
2025-09-14,SAMSUNG_S24,Samsung,Smartphones,75000,57000,70164.00222286697,70391.56097813824,0.06447997036177375,0,0,1,59
2025-09-15,SAMSUNG_S24,Samsung,Smartphones,75000,57000,66546.53139324137,67827.4283676478,0.11271291475678183,0,0,0,56
2025-09-16,SAMSUNG_S24,Samsung,Smartphones,75000,57000,66452.46779351488,65026.62272748131,0.1139670960864683,0,0,0,59
2025-09-17,SAMSUNG_S24,Samsung,Smartphones,75000,57000,66212.73130427695,69215.52689755434,0.11716358260964062,0,0,0,67
2025-09-18,SAMSUNG_S24,Samsung,Smartphones,75000,57000,70884.36468767935,73003.5658524492,0.05487513749760876,0,0,0,49
2025-09-19,SAMSUNG_S24,Samsung,Smartphones,75000,57000,69491.02598074336,70351.7801204559,0.07345298692342181,0,0,0,55
2025-09-20,SAMSUNG_S24,Samsung,Smartphones,75000,57000,73512.19233400385,76171.41233483999,0.01983743554661535,1,0,1,68
2025-09-21,SAMSUNG_S24,Samsung,Smartphones,75000,57000,67193.31825922242,68785.36142984699,0.10408908987703448,1,0,1,72
2025-09-22,SAMSUNG_S24,Samsung,Smartphones,75000,57000,67275.64089591092,66733.48768999569,0.10299145472118766,1,0,0,94
2025-09-23,SAMSUNG_S24,Samsung,Smartphones,75000,57000,68180.83690421731,70325.58517875806,0.09092217461043585,1,0,0,71
2025-09-24,SAMSUNG_S24,Samsung,Smartphones,75000,57000,70489.54911322442,74369.16773392557,0.060139345157007695,1,0,0,72
2025-09-25,SAMSUNG_S24,Samsung,Smartphones,75000,57000,69506.5760903718,67104.92391258109,0.07324565212837586,1,0,0,71
2025-09-26,SAMSUNG_S24,Samsung,Smartphones,75000,57000,69519.94327914207,72475.62781465403,0.07306742294477239,1,0,0,75
2025-09-27,SAMSUNG_S24,Samsung,Smartphones,75000,57000,71335.8425237205,70335.75046728352,0.04885543301706004,1,0,1,87
2025-09-28,SAMSUNG_S24,Samsung,Smartphones,75000,57000,67971.31168660535,66892.95029390266,0.09371584417859546,1,0,1,85
2025-09-29,SAMSUNG_S24,Samsung,Smartphones,75000,57000,71810.49931624922,71120.54229687505,0.04252667578334376,1,0,0,65
2025-09-30,SAMSUNG_S24,Samsung,Smartphones,75000,57000,64828.488333204295,66288.95955220582,0.13562015555727602,1,0,0,79
2025-10-01,SAMSUNG_S24,Samsung,Smartphones,75000,57000,68833.61859432599,68268.51125503222,0.08221841874232014,1,0,0,79
2025-10-02,SAMSUNG_S24,Samsung,Smartphones,75000,57000,66781.1575952645,68456.99980800007,0.10958456539647335,1,0,0,74
2025-10-03,SAMSUNG_S24,Samsung,Smartphones,75000,57000,64605.03923906328,63795.98852606661,0.13859947681248957,1,0,0,75
2025-10-04,SAMSUNG_S24,Samsung,Smartphones,75000,57000,70170.2126987954,69988.25723787192,0.06439716401606141,1,0,1,73
2025-10-05,SAMSUNG_S24,Samsung,Smartphones,75000,57000,69975.08780535517,67567.97584161097,0.06699882926193101,1,0,1,70
2025-10-06,SAMSUNG_S24,Samsung,Smartphones,75000,57000,57736.73432297001,58590.445144279016,0.23017687569373313,1,1,0,193
2025-10-07,SAMSUNG_S24,Samsung,Smartphones,75000,57000,58365.18698208827,60847.3154816887,0.22179750690548972,1,1,0,198
2025-10-08,SAMSUNG_S24,Samsung,Smartphones,75000,57000,60198.61537083429,61770.383841141425,0.19735179505554284,0,1,0,162
2025-10-09,SAMSUNG_S24,Samsung,Smartphones,75000,57000,63068.1252852435,63872.90301855968,0.15909166286342,0,1,0,153
2025-10-10,SAMSUNG_S24,Samsung,Smartphones,75000,57000,58872.84619335791,58311.09316306845,0.2150287174218945,0,1,0,184
2025-10-11,SAMSUNG_S24,Samsung,Smartphones,75000,57000,59079.91700773001,60928.24688789467,0.21226777323026658,0,1,1,175
2025-10-12,SAMSUNG_S24,Samsung,Smartphones,75000,57000,59339.65494599128,59994.67845757327,0.20880460072011625,0,1,1,184
2025-10-13,SAMSUNG_S24,Samsung,Smartphones,75000,57000,70876.3690548526,74764.86788121989,0.05498174593529853,0,0,0,54
2025-10-14,SAMSUNG_S24,Samsung,Smartphones,75000,57000,65427.357399979344,66187.60914450287,0.1276352346669421,0,0,0,64
2025-10-15,SAMSUNG_S24,Samsung,Smartphones,75000,57000,68355.56596028994,68603.03503152623,0.08859245386280094,0,0,0,69
2025-10-16,SAMSUNG_S24,Samsung,Smartphones,75000,57000,73474.63264021493,74056.67383505526,0.02033823146380094,0,0,0,56
2025-10-17,SAMSUNG_S24,Samsung,Smartphones,75000,57000,67676.04170248918,67436.97761640947,0.09765277730014435,0,0,0,55
2025-10-18,SAMSUNG_S24,Samsung,Smartphones,75000,57000,69798.90528651663,69950.84185582421,0.0693479295131117,0,0,1,62
2025-10-19,SAMSUNG_S24,Samsung,Smartphones,75000,57000,68675.73584516713,68990.3878260848,0.08432352206443826,0,0,1,64
2025-10-20,SAMSUNG_S24,Samsung,Smartphones,75000,57000,71174.27112091455,72099.88995233706,0.05100971838780603,1,0,0,79
2025-10-21,SAMSUNG_S24,Samsung,Smartphones,75000,57000,73651.22879089692,75560.39782245774,0.017983616121374467,1,0,0,60
2025-10-22,SAMSUNG_S24,Samsung,Smartphones,75000,57000,71899.18604811936,73397.4601313747,0.041344186025075134,1,0,0,64
2025-10-23,SAMSUNG_S24,Samsung,Smartphones,75000,57000,67745.15073512025,65984.44049695967,0.09673132353172992,1,0,0,91
2025-10-24,SAMSUNG_S24,Samsung,Smartphones,75000,57000,66675.36016055051,70311.97563291229,0.11099519785932657,1,0,0,77
2025-10-25,SAMSUNG_S24,Samsung,Smartphones,75000,57000,69725.38014949107,71178.71799456974,0.07032826467345239,1,0,1,63
2025-10-26,SAMSUNG_S24,Samsung,Smartphones,75000,57000,70157.3682451035,68900.76058318684,0.06456842339862005,1,0,1,67
2025-10-27,SAMSUNG_S24,Samsung,Smartphones,75000,57000,66406.86334618292,67833.28971303163,0.11457515538422783,1,0,0,75
2025-10-28,SAMSUNG_S24,Samsung,Smartphones,75000,57000,70724.19310532288,69524.86096135949,0.05701075859569493,1,0,0,62
2025-10-29,SAMSUNG_S24,Samsung,Smartphones,75000,57000,64147.25944396281,62691.689840668085,0.14470320741382925,1,0,0,90
2025-10-30,SAMSUNG_S24,Samsung,Smartphones,75000,57000,67427.3893819325,68397.79377116065,0.10096814157423331,1,0,0,72
2025-10-31,SAMSUNG_S24,Samsung,Smartphones,75000,57000,66978.61846409134,70170.39618349749,0.10695175381211551,0,0,0,50
2025-11-01,SAMSUNG_S24,Samsung,Smartphones,75000,57000,75000.0,73911.06591813275,0.0,1,0,1,78
2025-11-02,SAMSUNG_S24,Samsung,Smartphones,75000,57000,67233.02405788845,68418.14965732634,0.1035596792281539,1,0,1,71
2025-11-03,SAMSUNG_S24,Samsung,Smartphones,75000,57000,65310.1750565416,66291.03353804514,0.12919766591277873,1,0,0,80
2025-11-04,SAMSUNG_S24,Samsung,Smartphones,75000,57000,71252.81708340051,70992.27401610535,0.049962438887993066,1,0,0,70
2025-11-05,SAMSUNG_S24,Samsung,Smartphones,75000,57000,69201.77169338461,72166.15615620388,0.07730971075487184,1,0,0,80
2025-11-06,SAMSUNG_S24,Samsung,Smartphones,75000,57000,70762.1824273491,71627.60072814481,0.056504234302011985,1,0,0,78
2025-11-07,SAMSUNG_S24,Samsung,Smartphones,75000,57000,67832.94601293304,69246.98353354879,0.09556071982755951,1,0,0,70
2025-11-08,SAMSUNG_S24,Samsung,Smartphones,75000,57000,62429.17404887251,62298.09722501495,0.16761101268169987,0,0,1,64
2025-11-09,SAMSUNG_S24,Samsung,Smartphones,75000,57000,69733.98338974977,70209.57023040182,0.07021355480333631,0,0,1,58
2025-11-10,SAMSUNG_S24,Samsung,Smartphones,75000,57000,68563.88089066937,67278.75129455334,0.08581492145774157,0,0,0,47
2025-11-11,SAMSUNG_S24,Samsung,Smartphones,75000,57000,71245.64207680465,71470.72912776245,0.050058105642604656,0,0,0,51
2025-11-12,SAMSUNG_S24,Samsung,Smartphones,75000,57000,72132.6113924262,69548.1532111389,0.03823184810098396,0,0,0,49
2025-11-13,SAMSUNG_S24,Samsung,Smartphones,75000,57000,69469.03732997096,71471.29316941301,0.07374616893372057,0,0,0,49
2025-11-14,SAMSUNG_S24,Samsung,Smartphones,75000,57000,68406.12501724802,71002.0242883826,0.08791833310335975,0,0,0,56
2025-11-15,SAMSUNG_S24,Samsung,Smartphones,75000,57000,73547.79831178923,73560.29959203686,0.01936268917614354,0,0,1,44
2025-11-16,SAMSUNG_S24,Samsung,Smartphones,75000,57000,70199.60356379123,68430.1755778516,0.06400528581611689,0,0,1,71
2025-11-17,SAMSUNG_S24,Samsung,Smartphones,75000,57000,71880.00265814747,71479.86147885547,0.04159996455803377,0,0,0,61
2025-11-18,SAMSUNG_S24,Samsung,Smartphones,75000,57000,72919.62325704844,73341.12650302117,0.027738356572687403,0,0,0,53
2025-11-19,SAMSUNG_S24,Samsung,Smartphones,75000,57000,65011.74207838706,65851.46909110705,0.13317677228817254,0,0,0,58
2025-11-20,SAMSUNG_S24,Samsung,Smartphones,75000,57000,64353.978197404074,66461.51071725298,0.14194695736794577,1,0,0,91
2025-11-21,SAMSUNG_S24,Samsung,Smartphones,75000,57000,70735.48491950131,71088.15227558227,0.056860201073315964,1,0,0,97
2025-11-22,SAMSUNG_S24,Samsung,Smartphones,75000,57000,65039.08790254938,67507.87109116641,0.13281216129934162,1,0,1,90
2025-11-23,SAMSUNG_S24,Samsung,Smartphones,75000,57000,67065.99621893428,68774.26829516183,0.10578671708087639,1,0,1,87
2025-11-24,SAMSUNG_S24,Samsung,Smartphones,75000,57000,72352.34697611918,71116.58978753774,0.03530204031841084,1,0,0,77
2025-11-25,SAMSUNG_S24,Samsung,Smartphones,75000,57000,71195.01148309845,71433.82025931016,0.050733180225354016,1,0,0,75
2025-11-26,SAMSUNG_S24,Samsung,Smartphones,75000,57000,69878.33511814203,71565.25560612063,0.06828886509143965,1,0,0,88
2025-11-27,SAMSUNG_S24,Samsung,Smartphones,75000,57000,65609.89416620342,66769.55406475677,0.12520141111728772,1,0,0,92
2025-11-28,SAMSUNG_S24,Samsung,Smartphones,75000,57000,67716.03228879563,68486.59102907102,0.09711956948272507,1,0,0,92
2025-11-29,SAMSUNG_S24,Samsung,Smartphones,75000,57000,65020.19502656801,63219.86231501015,0.1330640663124265,1,0,1,71
2025-11-30,SAMSUNG_S24,Samsung,Smartphones,75000,57000,69816.30009952594,71217.01791286631,0.06911599867298747,1,0,1,81
2025-12-01,SAMSUNG_S24,Samsung,Smartphones,75000,57000,74022.51837864736,72976.86595682302,0.0130330882847019,0,0,0,52
2025-12-02,SAMSUNG_S24,Samsung,Smartphones,75000,57000,65883.00372683475,67400.33869950741,0.12155995030887,0,0,0,62
2025-12-03,SAMSUNG_S24,Samsung,Smartphones,75000,57000,74411.18923806012,75955.896029394,0.007850810159198321,0,0,0,57
2025-12-04,SAMSUNG_S24,Samsung,Smartphones,75000,57000,70739.56514415609,71600.39681433933,0.05680579807791876,0,0,0,49
2025-12-05,SAMSUNG_S24,Samsung,Smartphones,75000,57000,66492.1050006529,65166.36494610148,0.1134385999912948,0,0,0,57
2025-12-06,SAMSUNG_S24,Samsung,Smartphones,75000,57000,72911.89974866,73907.90235036158,0.027841336684533362,0,0,1,70
2025-12-07,SAMSUNG_S24,Samsung,Smartphones,75000,57000,65951.05449773482,66305.74461704977,0.12065260669686917,0,0,1,71
2025-12-08,SAMSUNG_S24,Samsung,Smartphones,75000,57000,64575.032895658194,64177.50524110645,0.138999561391224,0,0,0,74
2025-12-09,SAMSUNG_S24,Samsung,Smartphones,75000,57000,64742.58141206424,64548.62211367523,0.1367655811724768,0,0,0,68
2025-12-10,SAMSUNG_S24,Samsung,Smartphones,75000,57000,66902.44630800147,67581.7259969198,0.10796738255998048,0,0,0,71
2025-12-11,SAMSUNG_S24,Samsung,Smartphones,75000,57000,67613.90548806159,66991.12138260264,0.09848126015917875,0,0,0,54
2025-12-12,SAMSUNG_S24,Samsung,Smartphones,75000,57000,67199.53755185046,67430.98356254149,0.1040061659753272,0,0,0,79
2025-12-13,SAMSUNG_S24,Samsung,Smartphones,75000,57000,70143.74093500993,70787.52986011244,0.0647501208665342,0,0,1,77
2025-12-14,SAMSUNG_S24,Samsung,Smartphones,75000,57000,67448.38735527129,67859.13238827461,0.10068816859638276,0,0,1,72
2025-12-15,SAMSUNG_S24,Samsung,Smartphones,75000,57000,70119.82404525085,70602.39190293361,0.0650690127299887,0,0,0,86
2025-12-16,SAMSUNG_S24,Samsung,Smartphones,75000,57000,69389.0850832132,70959.46649231466,0.07481219889049077,0,0,0,51
2025-12-17,SAMSUNG_S24,Samsung,Smartphones,75000,57000,63832.012062735856,65969.96234852976,0.14890650583018855,0,0,0,74
2025-12-18,SAMSUNG_S24,Samsung,Smartphones,75000,57000,68689.33107765517,70048.60909621386,0.08414225229793121,0,0,0,71
2025-12-19,SAMSUNG_S24,Samsung,Smartphones,75000,57000,68092.74659528995,68667.97931139442,0.09209671206280061,0,0,0,64
2025-12-20,SAMSUNG_S24,Samsung,Smartphones,75000,57000,68681.11872926123,69907.11550767935,0.08425175027651703,0,0,1,68
2025-12-21,SAMSUNG_S24,Samsung,Smartphones,75000,57000,70540.07329549993,69920.7892602188,0.05946568939333445,0,0,1,60
2025-12-22,SAMSUNG_S24,Samsung,Smartphones,75000,57000,71309.25807363447,71711.67933100759,0.049209892351540524,0,0,0,60
2025-12-23,SAMSUNG_S24,Samsung,Smartphones,75000,57000,66147.98967741274,67546.62252510976,0.11802680430116336,0,0,0,64
2025-12-24,SAMSUNG_S24,Samsung,Smartphones,75000,57000,64044.984058356735,63140.005894980546,0.14606687922191017,0,0,0,60
2025-12-25,SAMSUNG_S24,Samsung,Smartphones,75000,57000,68961.42799919604,70316.80710787344,0.08051429334405284,0,0,0,76
2025-12-26,SAMSUNG_S24,Samsung,Smartphones,75000,57000,68740.08707009595,68529.71709291264,0.08346550573205401,0,0,0,57
2025-12-27,SAMSUNG_S24,Samsung,Smartphones,75000,57000,70487.88495923115,72621.75372672324,0.060161533876918125,0,0,1,73
2025-12-28,SAMSUNG_S24,Samsung,Smartphones,75000,57000,65790.38154381618,63703.65231697417,0.12279491274911758,0,0,1,75
2025-12-29,SAMSUNG_S24,Samsung,Smartphones,75000,57000,68338.49012684493,70045.38774516137,0.08882013164206749,0,0,0,61
2025-12-30,SAMSUNG_S24,Samsung,Smartphones,75000,57000,68521.5144132131,66955.45600707253,0.08637980782382544,0,0,0,81
2025-12-31,SAMSUNG_S24,Samsung,Smartphones,75000,57000,67645.07206481801,70123.29109065112,0.09806570580242643,0,0,0,59
2026-01-01,SAMSUNG_S24,Samsung,Smartphones,75000,57000,64024.29321677269,64423.919451924216,0.14634275710969744,0,0,0,63
2026-01-02,SAMSUNG_S24,Samsung,Smartphones,75000,57000,68474.91130830513,69044.94775479067,0.08700118255593148,0,0,0,69
2026-01-03,SAMSUNG_S24,Samsung,Smartphones,75000,57000,70385.21620629159,69105.46248554613,0.0615304505827788,0,0,1,58
2026-01-04,SAMSUNG_S24,Samsung,Smartphones,75000,57000,70183.19322791972,67372.87218258418,0.0642240902944037,0,0,1,59
2026-01-05,SAMSUNG_S24,Samsung,Smartphones,75000,57000,67379.24984381576,66918.68868486173,0.10161000208245635,0,0,0,71
2026-01-06,SAMSUNG_S24,Samsung,Smartphones,75000,57000,66949.41474224505,67258.40589262961,0.10734113677006597,0,0,0,91
2026-01-07,SAMSUNG_S24,Samsung,Smartphones,75000,57000,68629.57444614782,66699.39350363752,0.08493900738469576,0,0,0,52
2026-01-08,SAMSUNG_S24,Samsung,Smartphones,75000,57000,67177.39324948308,72169.93715662349,0.10430142334022546,0,0,0,62
2026-01-09,SAMSUNG_S24,Samsung,Smartphones,75000,57000,69948.22925640023,70861.91213221227,0.06735694324799694,0,0,0,48
2026-01-10,SAMSUNG_S24,Samsung,Smartphones,75000,57000,68356.10917557804,66916.3571958536,0.08858521099229273,0,0,1,76
2026-01-11,SAMSUNG_S24,Samsung,Smartphones,75000,57000,71666.11598105954,73347.06552440915,0.04445178691920609,0,0,1,69
2026-01-12,SAMSUNG_S24,Samsung,Smartphones,75000,57000,71032.45854631063,71345.59346952815,0.052900552715858085,0,0,0,51
2026-01-13,SAMSUNG_S24,Samsung,Smartphones,75000,57000,68623.55935218782,70296.87060405438,0.08501920863749565,0,0,0,71
2026-01-14,SAMSUNG_S24,Samsung,Smartphones,75000,57000,69451.00246748202,69890.919399634,0.07398663376690641,0,0,0,78
2026-01-15,SAMSUNG_S24,Samsung,Smartphones,75000,57000,62833.59003518429,64954.04944286812,0.16221879953087615,0,0,0,75
2026-01-16,SAMSUNG_S24,Samsung,Smartphones,75000,57000,69879.75073929275,70342.12018335967,0.06826999014276326,0,0,0,62
2026-01-17,SAMSUNG_S24,Samsung,Smartphones,75000,57000,64244.666095365974,65817.1768461568,0.14340445206178698,0,0,1,79
2026-01-18,SAMSUNG_S24,Samsung,Smartphones,75000,57000,66139.72250236345,66207.043969237,0.11813703330182065,0,0,1,67
2026-01-19,SAMSUNG_S24,Samsung,Smartphones,75000,57000,70234.4212551992,73568.0038768945,0.0635410499306775,0,0,0,59
2026-01-20,SAMSUNG_S24,Samsung,Smartphones,75000,57000,69166.170959801,69721.94121390475,0.07778438720265321,0,0,0,66
2026-01-21,SAMSUNG_S24,Samsung,Smartphones,75000,57000,70106.65356753077,72639.35483151466,0.06524461909958976,0,0,0,50
2026-01-22,SAMSUNG_S24,Samsung,Smartphones,75000,57000,65968.13140357826,66947.20033585136,0.12042491461895663,0,0,0,67
2026-01-23,SAMSUNG_S24,Samsung,Smartphones,75000,57000,68990.59567018895,69344.75252001302,0.08012539106414741,0,0,0,68
2026-01-24,SAMSUNG_S24,Samsung,Smartphones,75000,57000,66755.87720307944,67439.11585351884,0.10992163729227408,0,0,1,78
2026-01-25,SAMSUNG_S24,Samsung,Smartphones,75000,57000,68964.7712258553,69631.51730833306,0.0804697169885961,0,0,1,77
2026-01-26,SAMSUNG_S24,Samsung,Smartphones,75000,57000,69105.53742815799,68929.33219761615,0.07859283429122674,0,0,0,62
2026-01-27,SAMSUNG_S24,Samsung,Smartphones,75000,57000,70109.05172551014,72611.45191570176,0.06521264365986482,0,0,0,64
2026-01-28,SAMSUNG_S24,Samsung,Smartphones,75000,57000,68341.11569923087,69331.06097176645,0.08878512401025514,0,0,0,67
2026-01-29,SAMSUNG_S24,Samsung,Smartphones,75000,57000,64756.630656901405,64336.80672649677,0.13657825790798123,0,0,0,61
2026-01-30,SAMSUNG_S24,Samsung,Smartphones,75000,57000,69228.4149612101,68911.48237731535,0.07695446718386519,0,0,0,76
2026-01-31,SAMSUNG_S24,Samsung,Smartphones,75000,57000,67722.30355683509,68733.58956247735,0.0970359525755321,0,0,1,68
2026-02-01,SAMSUNG_S24,Samsung,Smartphones,75000,57000,69893.39376756761,70197.91468590533,0.06808808309909839,0,0,1,62
2026-02-02,SAMSUNG_S24,Samsung,Smartphones,75000,57000,66596.40876382185,69237.6482922071,0.11204788314904204,0,0,0,67
2026-02-03,SAMSUNG_S24,Samsung,Smartphones,75000,57000,70396.32020926673,75733.04096583274,0.06138239720977677,0,0,0,72
2026-02-04,SAMSUNG_S24,Samsung,Smartphones,75000,57000,72324.90898715485,71258.74767560422,0.03566788017126866,0,0,0,56
2026-02-05,SAMSUNG_S24,Samsung,Smartphones,75000,57000,69703.23417716606,69165.16319283853,0.07062354430445254,0,0,0,45
2026-02-06,SAMSUNG_S24,Samsung,Smartphones,75000,57000,71150.77168092826,73922.93381073311,0.05132304425428992,0,0,0,70
2026-02-07,SAMSUNG_S24,Samsung,Smartphones,75000,57000,67624.50274159113,68457.54036165887,0.09833996344545148,0,0,1,66
2026-02-08,SAMSUNG_S24,Samsung,Smartphones,75000,57000,68047.1362784892,66731.05295971887,0.09270484962014407,0,0,1,81
2026-02-09,SAMSUNG_S24,Samsung,Smartphones,75000,57000,64010.79626547952,65280.28260216877,0.14652271646027304,0,0,0,74
2026-02-10,SAMSUNG_S24,Samsung,Smartphones,75000,57000,72511.39473848017,74346.24413299863,0.03318140348693105,0,0,0,75
2026-02-11,SAMSUNG_S24,Samsung,Smartphones,75000,57000,71587.54921274712,70918.59832309451,0.0454993438300384,0,0,0,66
2026-02-12,SAMSUNG_S24,Samsung,Smartphones,75000,57000,71855.7191567868,71345.1084993964,0.04192374457617596,0,0,0,62
2026-02-13,SAMSUNG_S24,Samsung,Smartphones,75000,57000,72904.35792181044,73792.34209982988,0.02794189437586081,0,0,0,65
2026-02-14,SAMSUNG_S24,Samsung,Smartphones,75000,57000,64954.03199489653,67769.78633601009,0.13394624006804623,0,0,1,82
2026-02-15,SAMSUNG_S24,Samsung,Smartphones,75000,57000,68940.93648085571,70946.77263542896,0.08078751358859039,0,0,1,70
2026-02-16,SAMSUNG_S24,Samsung,Smartphones,75000,57000,67708.48935797974,66471.00054423211,0.09722014189360359,0,0,0,71
2026-02-17,SAMSUNG_S24,Samsung,Smartphones,75000,57000,69249.70280357786,67497.55442977516,0.07667062928562855,0,0,0,81
2026-02-18,SAMSUNG_S24,Samsung,Smartphones,75000,57000,71961.89662194769,74970.77343585942,0.0405080450406976,0,0,0,68
2026-02-19,SAMSUNG_S24,Samsung,Smartphones,75000,57000,70079.55863001915,71035.47358798578,0.06560588493307809,0,0,0,68
2026-02-20,SAMSUNG_S24,Samsung,Smartphones,75000,57000,68400.23428348974,68936.89892365554,0.08799687622013672,0,0,0,62
2026-02-21,SAMSUNG_S24,Samsung,Smartphones,75000,57000,66032.36762371456,66743.54800154215,0.11956843168380589,0,0,1,78
2026-02-22,SAMSUNG_S24,Samsung,Smartphones,75000,57000,70141.33607010207,72272.92118097961,0.0647821857319724,0,0,1,71
2026-02-23,SAMSUNG_S24,Samsung,Smartphones,75000,57000,66119.10195019795,64843.112496069814,0.11841197399736073,0,0,0,76
2026-02-24,SAMSUNG_S24,Samsung,Smartphones,75000,57000,72658.77132566979,73719.80627042016,0.031216382324402804,0,0,0,64
2026-02-25,SAMSUNG_S24,Samsung,Smartphones,75000,57000,69701.7071858155,71180.10348300947,0.0706439041891267,0,0,0,80
2026-02-26,SAMSUNG_S24,Samsung,Smartphones,75000,57000,70017.16470162677,71964.52487045822,0.06643780397830981,0,0,0,63
2026-02-27,SAMSUNG_S24,Samsung,Smartphones,75000,57000,72406.53698616324,70483.9434872258,0.034579506851156856,0,0,0,62
2026-02-28,SAMSUNG_S24,Samsung,Smartphones,75000,57000,68280.64804329559,68509.51761618712,0.08959135942272561,0,0,1,86
2026-03-01,SAMSUNG_S24,Samsung,Smartphones,75000,57000,70150.87183894009,71924.99012634867,0.06465504214746542,0,0,1,74
2026-03-02,SAMSUNG_S24,Samsung,Smartphones,75000,57000,65616.0289319767,67348.95902610471,0.12511961424031057,0,0,0,61
2026-03-03,SAMSUNG_S24,Samsung,Smartphones,75000,57000,70258.75311090842,73823.18782841654,0.06321662518788757,0,0,0,68
2026-03-04,SAMSUNG_S24,Samsung,Smartphones,75000,57000,72172.26578620632,73637.51337788848,0.03770312285058233,0,0,0,70
2026-03-05,SAMSUNG_S24,Samsung,Smartphones,75000,57000,69489.39559153159,69351.53915370718,0.07347472544624561,0,0,0,53
2026-03-06,SAMSUNG_S24,Samsung,Smartphones,75000,57000,71857.66646302998,77608.74627585357,0.04189778049293364,0,0,0,48
2026-03-07,SAMSUNG_S24,Samsung,Smartphones,75000,57000,70278.8138554515,67085.32860030196,0.06294914859397993,0,0,1,69
2026-03-08,SAMSUNG_S24,Samsung,Smartphones,75000,57000,66831.36775789365,68037.09361505933,0.10891509656141805,0,0,1,71
2026-03-09,SAMSUNG_S24,Samsung,Smartphones,75000,57000,69733.29439852442,69783.97114627359,0.07022274135300775,0,0,0,48
2026-03-10,SAMSUNG_S24,Samsung,Smartphones,75000,57000,69213.13210835561,71350.66451485,0.07715823855525857,0,0,0,83
2026-03-11,SAMSUNG_S24,Samsung,Smartphones,75000,57000,67688.65786584585,69862.21248315349,0.0974845617887221,0,0,0,85
2026-03-12,SAMSUNG_S24,Samsung,Smartphones,75000,57000,65879.38361686796,65442.85707416266,0.12160821844176048,0,0,0,70
2026-03-13,SAMSUNG_S24,Samsung,Smartphones,75000,57000,68519.84927049682,66029.61141929693,0.08640200972670896,0,0,0,70
2026-03-14,SAMSUNG_S24,Samsung,Smartphones,75000,57000,66021.57078796973,65572.76058893626,0.119712389493737,0,0,1,93
2026-03-15,SAMSUNG_S24,Samsung,Smartphones,75000,57000,65369.26892720735,64911.435043771744,0.12840974763723534,0,0,1,99
2026-03-16,SAMSUNG_S24,Samsung,Smartphones,75000,57000,68019.15981024448,68252.84701501518,0.09307786919674019,0,0,0,71
2026-03-17,SAMSUNG_S24,Samsung,Smartphones,75000,57000,70105.46686635286,71591.58136363726,0.06526044178196205,0,0,0,78
2026-03-18,SAMSUNG_S24,Samsung,Smartphones,75000,57000,65854.65834284663,66043.09877184339,0.12193788876204505,0,0,0,73
2026-03-19,SAMSUNG_S24,Samsung,Smartphones,75000,57000,66556.42062017143,70234.5322167747,0.11258105839771432,0,0,0,76
2026-03-20,SAMSUNG_S24,Samsung,Smartphones,75000,57000,69870.91927590182,67899.52649199138,0.06838774298797573,0,0,0,61
2026-03-21,SAMSUNG_S24,Samsung,Smartphones,75000,57000,71081.97849198658,69676.78409197176,0.05224028677351221,0,0,1,74
2026-03-22,SAMSUNG_S24,Samsung,Smartphones,75000,57000,68281.76172444002,67939.48806685238,0.08957651034079968,0,0,1,77
2026-03-23,SAMSUNG_S24,Samsung,Smartphones,75000,57000,71067.77138732199,72180.5012790746,0.052429714835706825,0,0,0,70
2026-03-24,SAMSUNG_S24,Samsung,Smartphones,75000,57000,69952.49602185572,67980.77762113849,0.06730005304192375,0,0,0,81
2026-03-25,SAMSUNG_S24,Samsung,Smartphones,75000,57000,70017.39983954586,67802.42628538237,0.06643466880605504,0,0,0,76
2026-03-26,SAMSUNG_S24,Samsung,Smartphones,75000,57000,65235.74736520754,64442.0906177014,0.13019003513056615,0,0,0,70
2026-03-27,SAMSUNG_S24,Samsung,Smartphones,75000,57000,65313.66975976325,66367.23778692637,0.12915106986982333,0,0,0,74
2026-03-28,SAMSUNG_S24,Samsung,Smartphones,75000,57000,67221.20260744717,67880.51813877767,0.10371729856737108,0,0,1,88
2026-03-29,SAMSUNG_S24,Samsung,Smartphones,75000,57000,68827.31519012878,68481.75106838942,0.08230246413161624,0,0,1,78
2026-03-30,SAMSUNG_S24,Samsung,Smartphones,75000,57000,71291.06050301006,70364.00539791942,0.04945252662653251,0,0,0,67
2026-03-31,SAMSUNG_S24,Samsung,Smartphones,75000,57000,66105.43337905475,67060.37561227626,0.11859422161260325,0,0,0,87
2026-04-01,SAMSUNG_S24,Samsung,Smartphones,75000,57000,71185.2511320239,72066.79197394129,0.05086331823968139,0,0,0,84
2026-04-02,SAMSUNG_S24,Samsung,Smartphones,75000,57000,73140.2244736637,72317.03536900316,0.024797007017817473,0,0,0,66
2026-04-03,SAMSUNG_S24,Samsung,Smartphones,75000,57000,65820.00280296487,65646.48941209087,0.12239996262713507,0,0,0,87
2026-04-04,SAMSUNG_S24,Samsung,Smartphones,75000,57000,66195.05740905483,66710.43381107942,0.1173992345459355,0,0,1,75
2026-04-05,SAMSUNG_S24,Samsung,Smartphones,75000,57000,65382.81737344578,69548.85732732173,0.1282291016873895,0,0,1,96
2026-04-06,SAMSUNG_S24,Samsung,Smartphones,75000,57000,67631.8085481296,64783.948704474176,0.09824255269160537,0,0,0,83
2026-04-07,SAMSUNG_S24,Samsung,Smartphones,75000,57000,70106.3928675617,73037.18808748237,0.0652480950991773,0,0,0,63
2026-04-08,SAMSUNG_S24,Samsung,Smartphones,75000,57000,68915.30487172546,68064.48819782223,0.08112926837699384,0,0,0,56
2026-04-09,SAMSUNG_S24,Samsung,Smartphones,75000,57000,65916.25027438827,70062.40228517452,0.12111666300815635,0,0,0,75
2026-04-10,SAMSUNG_S24,Samsung,Smartphones,75000,57000,69643.57760735988,67696.31584439326,0.0714189652352015,0,0,0,61
2026-04-11,SAMSUNG_S24,Samsung,Smartphones,75000,57000,68878.69454036384,70857.12503109462,0.0816174061284821,0,0,1,80
2026-04-12,SAMSUNG_S24,Samsung,Smartphones,75000,57000,69507.03246523015,66764.31117425827,0.07323956713026473,0,0,1,67
2026-04-13,SAMSUNG_S24,Samsung,Smartphones,75000,57000,67322.73836269155,66803.5317690104,0.10236348849744609,0,0,0,70
2026-04-14,SAMSUNG_S24,Samsung,Smartphones,75000,57000,70142.01307561914,68251.68186844181,0.0647731589917449,0,0,0,70
2026-04-15,SAMSUNG_S24,Samsung,Smartphones,75000,57000,73122.10526241417,74468.85411276069,0.02503859650114442,0,0,0,59
2026-04-16,SAMSUNG_S24,Samsung,Smartphones,75000,57000,71584.08424620992,66514.91918236313,0.04554554338386758,0,0,0,66
2026-04-17,SAMSUNG_S24,Samsung,Smartphones,75000,57000,70082.60268335602,68234.36297101212,0.06556529755525325,0,0,0,73
2026-04-18,SAMSUNG_S24,Samsung,Smartphones,75000,57000,71169.2088738229,71183.0341841551,0.051077215015694594,0,0,1,75
2026-04-19,SAMSUNG_S24,Samsung,Smartphones,75000,57000,69477.05053624176,68536.71081444468,0.0736393261834433,0,0,1,77
2026-04-20,SAMSUNG_S24,Samsung,Smartphones,75000,57000,68145.60158014788,70700.35371619421,0.09139197893136163,0,0,0,73
2026-04-21,SAMSUNG_S24,Samsung,Smartphones,75000,57000,70524.44536271069,71223.55269346238,0.05967406183052424,0,0,0,62
2026-04-22,SAMSUNG_S24,Samsung,Smartphones,75000,57000,67928.7478462539,67074.04607588213,0.09428336204994806,0,0,0,78
2026-04-23,SAMSUNG_S24,Samsung,Smartphones,75000,57000,69839.55969333621,73333.12302184619,0.06880587075551722,0,0,0,74
2026-04-24,SAMSUNG_S24,Samsung,Smartphones,75000,57000,75000.0,78710.52204884621,0.0,0,0,0,68
2026-04-25,SAMSUNG_S24,Samsung,Smartphones,75000,57000,65751.65544669946,69003.63809885702,0.12331126071067386,0,0,1,90
2026-04-26,SAMSUNG_S24,Samsung,Smartphones,75000,57000,63765.4251805721,64748.29705656667,0.1497943309257054,0,0,1,86
2026-04-27,SAMSUNG_S24,Samsung,Smartphones,75000,57000,67976.39280161848,68783.4214259148,0.09364809597842029,0,0,0,70
2026-04-28,SAMSUNG_S24,Samsung,Smartphones,75000,57000,70945.55200516642,73087.64574211068,0.05405930659778098,0,0,0,72
2026-04-29,SAMSUNG_S24,Samsung,Smartphones,75000,57000,66224.2533713254,66752.69713020035,0.11700995504899478,0,0,0,75
2026-04-30,SAMSUNG_S24,Samsung,Smartphones,75000,57000,69679.256581165,69510.1929528634,0.07094324558446674,0,0,0,68
2026-05-01,SAMSUNG_S24,Samsung,Smartphones,75000,57000,73997.36843981706,73844.05011157111,0.013368420802439218,0,0,0,82
2026-05-02,SAMSUNG_S24,Samsung,Smartphones,75000,57000,68885.26020789605,71679.94885748593,0.08152986389471943,0,0,1,86
2026-05-03,SAMSUNG_S24,Samsung,Smartphones,75000,57000,68238.51926345698,68995.79714047196,0.09015307648724014,0,0,1,73
2026-05-04,SAMSUNG_S24,Samsung,Smartphones,75000,57000,70509.86443031424,71193.9849390428,0.05986847426247693,0,0,0,77
2026-05-05,SAMSUNG_S24,Samsung,Smartphones,75000,57000,70872.1297989611,71981.81762658482,0.05503826934718535,0,0,0,88
2026-05-06,SAMSUNG_S24,Samsung,Smartphones,75000,57000,70206.82116204048,70313.73159236122,0.06390905117279364,0,0,0,88
2026-05-07,SAMSUNG_S24,Samsung,Smartphones,75000,57000,69011.03002790178,72643.36064802525,0.07985293296130953,0,0,0,71
2026-05-08,SAMSUNG_S24,Samsung,Smartphones,75000,57000,73130.77618305708,74542.3491283448,0.024922984225905533,0,0,0,64
2026-05-09,SAMSUNG_S24,Samsung,Smartphones,75000,57000,69976.66885399474,71167.83117628958,0.0669777486134036,0,0,1,67
2026-05-10,SAMSUNG_S24,Samsung,Smartphones,75000,57000,65230.87678177452,66347.24908073297,0.13025497624300644,0,0,1,79
2026-05-11,SAMSUNG_S24,Samsung,Smartphones,75000,57000,64680.943250289296,64947.48552917667,0.13758742332947607,0,0,0,70
2026-05-12,SAMSUNG_S24,Samsung,Smartphones,75000,57000,70441.45701259765,70098.9394387634,0.060780573165364796,0,0,0,66
2026-05-13,SAMSUNG_S24,Samsung,Smartphones,75000,57000,71176.96598269859,72941.39139894524,0.05097378689735205,0,0,0,82
2026-05-14,SAMSUNG_S24,Samsung,Smartphones,75000,57000,70000.74787909129,70338.21852867023,0.06665669494544943,0,0,0,74
2026-05-15,SAMSUNG_S24,Samsung,Smartphones,75000,57000,69740.57797573655,69338.06410902234,0.07012562699017928,0,0,0,76
2026-05-16,SAMSUNG_S24,Samsung,Smartphones,75000,57000,69537.356487996,69560.83422864684,0.07283524682671993,0,0,1,69
2026-05-17,SAMSUNG_S24,Samsung,Smartphones,75000,57000,68159.84724733024,66599.94393814933,0.09120203670226357,0,0,1,74
2026-05-18,SAMSUNG_S24,Samsung,Smartphones,75000,57000,69392.79435366095,67767.30638458194,0.07476274195118726,0,0,0,78
2026-05-19,SAMSUNG_S24,Samsung,Smartphones,75000,57000,68533.54262980062,67857.35782927816,0.0862194316026584,0,0,0,79
2026-05-20,SAMSUNG_S24,Samsung,Smartphones,75000,57000,65590.93011114225,66709.12104215751,0.12545426518476985,0,0,0,83
2026-05-21,SAMSUNG_S24,Samsung,Smartphones,75000,57000,65274.95591493651,62746.220159663746,0.12966725446751323,0,0,0,85
2026-05-22,SAMSUNG_S24,Samsung,Smartphones,75000,57000,72514.14972860589,71633.70434326936,0.033144670285254925,0,0,0,60
2026-05-23,SAMSUNG_S24,Samsung,Smartphones,75000,57000,70264.50725870575,71393.31150926485,0.0631399032172566,0,0,1,81
2026-05-24,SAMSUNG_S24,Samsung,Smartphones,75000,57000,71199.28553556543,70407.72214098604,0.05067619285912764,0,0,1,76
2026-05-25,SAMSUNG_S24,Samsung,Smartphones,75000,57000,68782.47979009389,70284.23634600156,0.08290026946541487,0,0,0,84
2026-05-26,SAMSUNG_S24,Samsung,Smartphones,75000,57000,69078.23492736003,70674.95187600509,0.07895686763519957,0,0,0,78
2026-05-27,SAMSUNG_S24,Samsung,Smartphones,75000,57000,72965.18338221993,72440.22753605842,0.027130888237067628,0,0,0,60
2026-05-28,SAMSUNG_S24,Samsung,Smartphones,75000,57000,71432.09729379685,71193.61476197782,0.04757203608270882,0,0,0,69
2026-05-29,SAMSUNG_S24,Samsung,Smartphones,75000,57000,69216.59798714242,66958.04723021261,0.0771120268381012,0,0,0,74
2026-05-30,SAMSUNG_S24,Samsung,Smartphones,75000,57000,70425.4326092627,69902.62683951641,0.06099423187649736,0,0,1,76
2026-05-31,SAMSUNG_S24,Samsung,Smartphones,75000,57000,71100.76986421936,71779.910254245,0.05198973514374182,0,0,1,70
2026-06-01,SAMSUNG_S24,Samsung,Smartphones,75000,57000,64733.50793867761,63177.192983203975,0.13688656081763184,0,0,0,75
2026-06-02,SAMSUNG_S24,Samsung,Smartphones,75000,57000,68907.15003014232,67724.16790745711,0.08123799959810236,0,0,0,64
2026-06-03,SAMSUNG_S24,Samsung,Smartphones,75000,57000,71744.94929855452,72087.67858506179,0.04340067601927307,0,0,0,71
2026-06-04,SAMSUNG_S24,Samsung,Smartphones,75000,57000,72060.68223741121,72966.28777719072,0.03919090350118386,0,0,0,56
2026-06-05,SAMSUNG_S24,Samsung,Smartphones,75000,57000,67197.0778244363,67199.88832057611,0.10403896234084935,0,0,0,57
2026-06-06,SAMSUNG_S24,Samsung,Smartphones,75000,57000,75000.0,76987.21802269606,0.0,0,0,1,62
2026-06-07,SAMSUNG_S24,Samsung,Smartphones,75000,57000,67194.25703240745,67283.0181556971,0.10407657290123394,0,0,1,84
2026-06-08,SAMSUNG_S24,Samsung,Smartphones,75000,57000,70692.93720834603,72801.81797583662,0.057427503888719575,0,0,0,70
2026-06-09,SAMSUNG_S24,Samsung,Smartphones,75000,57000,70819.01213689444,73343.86473163491,0.055746504841407474,0,0,0,70
2026-06-10,SAMSUNG_S24,Samsung,Smartphones,75000,57000,70760.17579871879,71199.9547280745,0.05653098935041609,0,0,0,67
2026-06-11,SAMSUNG_S24,Samsung,Smartphones,75000,57000,68082.25975605048,68990.30590675643,0.09223653658599348,0,0,0,70
2026-06-12,SAMSUNG_S24,Samsung,Smartphones,75000,57000,70963.73882997774,72190.80642733396,0.05381681560029681,0,0,0,70
2026-06-13,SAMSUNG_S24,Samsung,Smartphones,75000,57000,67332.4804664146,66278.31915385652,0.10223359378113848,0,0,1,84
2026-06-14,SAMSUNG_S24,Samsung,Smartphones,75000,57000,68008.91882630049,68379.49869204327,0.09321441564932686,0,0,1,77
2026-06-15,SAMSUNG_S24,Samsung,Smartphones,75000,57000,71541.8816410406,72701.40648134916,0.046108244786125435,0,0,0,87
2026-06-16,SAMSUNG_S24,Samsung,Smartphones,75000,57000,67024.73113518018,66709.53292850225,0.10633691819759765,0,0,0,74
2026-06-17,SAMSUNG_S24,Samsung,Smartphones,75000,57000,75000.0,76311.88495750862,0.0,0,0,0,75
2026-06-18,SAMSUNG_S24,Samsung,Smartphones,75000,57000,70065.82653033338,71707.43348816867,0.06578897959555496,0,0,0,77
2026-06-19,SAMSUNG_S24,Samsung,Smartphones,75000,57000,66521.43604433899,67511.21189571304,0.11304751940881351,0,0,0,71
2026-06-20,SAMSUNG_S24,Samsung,Smartphones,75000,57000,67359.85321448358,69388.97208678591,0.10186862380688563,0,0,1,91
2026-06-21,SAMSUNG_S24,Samsung,Smartphones,75000,57000,70561.0165913007,70521.2053265758,0.059186445449324096,0,0,1,73
2026-06-22,SAMSUNG_S24,Samsung,Smartphones,75000,57000,68146.21435088235,70836.73449390713,0.09138380865490205,0,0,0,65
2026-06-23,SAMSUNG_S24,Samsung,Smartphones,75000,57000,72092.72167925247,73593.78298598561,0.038763710943300306,0,0,0,68
2026-06-24,SAMSUNG_S24,Samsung,Smartphones,75000,57000,66153.24649724962,66464.34945253351,0.11795671337000507,0,0,0,61
2026-06-25,SAMSUNG_S24,Samsung,Smartphones,75000,57000,69146.7282248607,69702.33809686352,0.07804362366852416,0,0,0,53
2026-06-26,SAMSUNG_S24,Samsung,Smartphones,75000,57000,66528.25008942734,67320.79790985431,0.11295666547430219,0,0,0,56
2026-06-27,SAMSUNG_S24,Samsung,Smartphones,75000,57000,72496.2719147766,75591.79782787057,0.03338304113631199,0,0,1,62
2026-06-28,SAMSUNG_S24,Samsung,Smartphones,75000,57000,66996.75146063716,69211.80001747416,0.10670998052483799,0,0,1,82
2026-06-29,SAMSUNG_S24,Samsung,Smartphones,75000,57000,68431.11093942744,66691.55184825466,0.08758518747430091,0,0,0,75
2026-06-30,SAMSUNG_S24,Samsung,Smartphones,75000,57000,73377.62132375101,75928.53347598769,0.021631715683319827,0,0,0,56
2026-07-01,SAMSUNG_S24,Samsung,Smartphones,75000,57000,69298.79002730713,70741.89042828031,0.07601613296923831,0,0,0,55
2026-07-02,SAMSUNG_S24,Samsung,Smartphones,75000,57000,68569.69933306726,67982.29843379896,0.08573734222577004,0,0,0,59
2026-07-03,SAMSUNG_S24,Samsung,Smartphones,75000,57000,69589.7847417784,72155.94496196268,0.07213620344295454,0,0,0,79
2026-07-04,SAMSUNG_S24,Samsung,Smartphones,75000,57000,65179.57148846875,64873.1973259006,0.1309390468204167,0,0,1,61
2026-07-05,SAMSUNG_S24,Samsung,Smartphones,75000,57000,69489.75478927033,73956.5438250492,0.07346993614306224,0,0,1,68
2026-07-06,SAMSUNG_S24,Samsung,Smartphones,75000,57000,67983.73567034012,68664.52478632351,0.09355019106213174,0,0,0,61
2026-07-07,SAMSUNG_S24,Samsung,Smartphones,75000,57000,71203.97197660676,70712.53868972356,0.05061370697857647,0,0,0,80
2026-07-08,SAMSUNG_S24,Samsung,Smartphones,75000,57000,70501.31243377089,72643.36115358376,0.05998250088305485,0,0,0,60
2026-07-09,SAMSUNG_S24,Samsung,Smartphones,75000,57000,73696.15752506629,76288.63694432945,0.017384566332449558,0,0,0,64
2026-07-10,SAMSUNG_S24,Samsung,Smartphones,75000,57000,65663.54598899325,65783.26141715064,0.12448605348008993,0,0,0,82
2026-07-11,SAMSUNG_S24,Samsung,Smartphones,75000,57000,65129.48473063208,66446.0947640443,0.13160687025823894,0,0,1,71
2026-07-12,SAMSUNG_S24,Samsung,Smartphones,75000,57000,71927.20643949165,72778.14026683684,0.04097058080677793,0,0,1,70
2026-07-13,SAMSUNG_S24,Samsung,Smartphones,75000,57000,70451.42554262011,69292.24168510812,0.06064765943173181,0,0,0,50
2026-07-14,SAMSUNG_S24,Samsung,Smartphones,75000,57000,72089.7080325643,75626.34712349185,0.03880389289914251,0,0,0,65
2026-07-15,SAMSUNG_S24,Samsung,Smartphones,75000,57000,67582.62888551786,67531.9564295636,0.0988982815264286,0,0,0,67
2026-07-16,SAMSUNG_S24,Samsung,Smartphones,75000,57000,68420.29035298782,69031.24184525436,0.08772946196016233,0,0,0,66
2026-07-17,SAMSUNG_S24,Samsung,Smartphones,75000,57000,67711.1146418609,68946.54296542943,0.09718513810852138,0,0,0,89
2026-07-18,SAMSUNG_S24,Samsung,Smartphones,75000,57000,70567.8572065964,72361.30287091623,0.059095237245381335,0,0,1,69
2026-07-19,SAMSUNG_S24,Samsung,Smartphones,75000,57000,67525.86963975085,67865.74568534917,0.09965507146998866,0,0,1,61
2026-07-20,SAMSUNG_S24,Samsung,Smartphones,75000,57000,71535.2952736019,72673.98895506143,0.04619606301864125,0,0,0,57
2026-07-21,SAMSUNG_S24,Samsung,Smartphones,75000,57000,67629.69583283424,67387.57898500282,0.09827072222887684,0,0,0,92
2026-07-22,SAMSUNG_S24,Samsung,Smartphones,75000,57000,69506.11597918195,67873.55993518616,0.07325178694424056,0,0,0,70
2026-07-23,SAMSUNG_S24,Samsung,Smartphones,75000,57000,68913.73364330194,68943.40375923943,0.08115021808930746,0,0,0,84
2026-07-24,SAMSUNG_S24,Samsung,Smartphones,75000,57000,67843.70194757123,68394.88623072342,0.09541730736571682,0,0,0,70
2026-07-25,SAMSUNG_S24,Samsung,Smartphones,75000,57000,67914.89842353271,68686.77124999468,0.09446802101956385,0,0,1,75
2026-07-26,SAMSUNG_S24,Samsung,Smartphones,75000,57000,66215.39981150939,68366.67421501744,0.11712800251320818,0,0,1,67
2026-07-27,SAMSUNG_S24,Samsung,Smartphones,75000,57000,70840.7800540607,73277.94851073355,0.05545626594585733,0,0,0,63
2026-07-28,SAMSUNG_S24,Samsung,Smartphones,75000,57000,68048.32438588097,70706.7139358421,0.09268900818825365,0,0,0,57
2026-07-29,SAMSUNG_S24,Samsung,Smartphones,75000,57000,71518.30677170132,70120.13188097169,0.0464225763773157,0,0,0,57
2026-07-30,SAMSUNG_S24,Samsung,Smartphones,75000,57000,72059.28400633027,75429.24809793678,0.03920954658226301,0,0,0,63
2026-07-31,SAMSUNG_S24,Samsung,Smartphones,75000,57000,65888.94704247173,68027.54174101091,0.12148070610037692,0,0,0,72
2025-01-01,ONEPLUS_13,OnePlus,Smartphones,70000,54000,67529.55927719902,69742.68363542925,0.03529201032572837,0,0,0,62
2025-01-02,ONEPLUS_13,OnePlus,Smartphones,70000,54000,66944.4250997376,69476.26023716824,0.04365107000374854,0,0,0,59
2025-01-03,ONEPLUS_13,OnePlus,Smartphones,70000,54000,62793.89182219329,66256.45514539357,0.10294440254009585,0,0,0,66
2025-01-04,ONEPLUS_13,OnePlus,Smartphones,70000,54000,69159.29790002164,73930.62251587793,0.012010029999690766,0,0,1,67
2025-01-05,ONEPLUS_13,OnePlus,Smartphones,70000,54000,67512.69620167547,69813.57367259658,0.03553291140463624,0,0,1,58
2025-01-06,ONEPLUS_13,OnePlus,Smartphones,70000,54000,62208.57583439243,63350.686012685685,0.11130605950867953,0,0,0,69
2025-01-07,ONEPLUS_13,OnePlus,Smartphones,70000,54000,62780.1753247797,64208.820177588634,0.10314035250314713,0,0,0,82
2025-01-08,ONEPLUS_13,OnePlus,Smartphones,70000,54000,65286.2066201523,66230.68548289704,0.06733990542639574,0,0,0,67
2025-01-09,ONEPLUS_13,OnePlus,Smartphones,70000,54000,62528.43787398967,62543.45334814247,0.10673660180014756,0,0,0,62
2025-01-10,ONEPLUS_13,OnePlus,Smartphones,70000,54000,61941.753562813596,63410.49052163934,0.1151178062455201,0,0,0,88
2025-01-11,ONEPLUS_13,OnePlus,Smartphones,70000,54000,62377.734235333446,60309.5786838785,0.10888951092380797,0,0,1,62
2025-01-12,ONEPLUS_13,OnePlus,Smartphones,70000,54000,65087.40068116646,64735.88389876299,0.07017999026905067,0,0,1,85
2025-01-13,ONEPLUS_13,OnePlus,Smartphones,70000,54000,69086.48581570218,72847.02691840564,0.013050202632825969,0,0,0,62
2025-01-14,ONEPLUS_13,OnePlus,Smartphones,70000,54000,62178.25634138633,60543.22508103984,0.11173919512305241,0,0,0,71
2025-01-15,ONEPLUS_13,OnePlus,Smartphones,70000,54000,61054.377092441166,61593.95036842533,0.12779461296512623,0,0,0,61
2025-01-16,ONEPLUS_13,OnePlus,Smartphones,70000,54000,63297.36605559639,62997.36977804085,0.09575191349148013,0,0,0,77
2025-01-17,ONEPLUS_13,OnePlus,Smartphones,70000,54000,61960.95960539842,62454.39192224433,0.114843434208594,0,0,0,81
2025-01-18,ONEPLUS_13,OnePlus,Smartphones,70000,54000,63158.860204341676,65546.19147819336,0.09773056850940465,0,0,1,76
2025-01-19,ONEPLUS_13,OnePlus,Smartphones,70000,54000,62827.39629937946,62853.948851573616,0.10246576715172193,0,0,1,75
2025-01-20,ONEPLUS_13,OnePlus,Smartphones,70000,54000,64586.881471761975,62549.8419263853,0.07733026468911461,0,0,0,69
2025-01-21,ONEPLUS_13,OnePlus,Smartphones,70000,54000,57748.69849825851,60494.474615201834,0.17501859288202126,0,0,0,82
2025-01-22,ONEPLUS_13,OnePlus,Smartphones,70000,54000,63657.718909711155,63356.68093952486,0.09060401557555492,0,0,0,64
2025-01-23,ONEPLUS_13,OnePlus,Smartphones,70000,54000,64630.968157215866,65570.47794417781,0.0767004548969162,0,0,0,71
2025-01-24,ONEPLUS_13,OnePlus,Smartphones,70000,54000,63999.55302078718,64845.70650533695,0.0857206711316117,0,0,0,82
2025-01-25,ONEPLUS_13,OnePlus,Smartphones,70000,54000,65266.4487594598,66290.03211328875,0.0676221605791457,0,0,1,62
2025-01-26,ONEPLUS_13,OnePlus,Smartphones,70000,54000,61221.62104188241,61712.34885319896,0.1254054136873941,0,0,1,77
2025-01-27,ONEPLUS_13,OnePlus,Smartphones,70000,54000,61368.44400576918,61586.72456266137,0.12330794277472598,0,0,0,75
2025-01-28,ONEPLUS_13,OnePlus,Smartphones,70000,54000,66505.67632244765,68300.28739028105,0.04991890967931941,0,0,0,87
2025-01-29,ONEPLUS_13,OnePlus,Smartphones,70000,54000,65146.43619270136,66808.4861103953,0.06933662581855204,0,0,0,71
2025-01-30,ONEPLUS_13,OnePlus,Smartphones,70000,54000,65526.032981955825,64439.5152177254,0.06391381454348818,0,0,0,62
2025-01-31,ONEPLUS_13,OnePlus,Smartphones,70000,54000,64517.56519738392,62957.32649655625,0.07832049718022967,0,0,0,80
2025-02-01,ONEPLUS_13,OnePlus,Smartphones,70000,54000,63711.72518247783,65637.39393297645,0.08983249739317392,0,0,1,84
2025-02-02,ONEPLUS_13,OnePlus,Smartphones,70000,54000,59818.1602025878,59669.808176955645,0.1454548542487457,0,0,1,69
2025-02-03,ONEPLUS_13,OnePlus,Smartphones,70000,54000,66160.28576364474,68117.74640076028,0.054853060519360924,0,0,0,77
2025-02-04,ONEPLUS_13,OnePlus,Smartphones,70000,54000,62664.74776183937,64506.58266434542,0.104789317688009,0,0,0,84
2025-02-05,ONEPLUS_13,OnePlus,Smartphones,70000,54000,59771.25798708688,60385.96041075986,0.14612488589875883,0,0,0,70
2025-02-06,ONEPLUS_13,OnePlus,Smartphones,70000,54000,59168.46324625891,59262.32673368958,0.15473623933915853,0,0,0,71
2025-02-07,ONEPLUS_13,OnePlus,Smartphones,70000,54000,65979.99485367863,65436.58848398915,0.057428644947448176,0,0,0,63
2025-02-08,ONEPLUS_13,OnePlus,Smartphones,70000,54000,66324.02890464493,70218.84633713485,0.05251387279078666,0,0,1,83
2025-02-09,ONEPLUS_13,OnePlus,Smartphones,70000,54000,61515.83847082856,64951.70499541385,0.12120230755959202,0,0,1,82
2025-02-10,ONEPLUS_13,OnePlus,Smartphones,70000,54000,66369.12296919199,66253.42533324611,0.05186967186868602,0,0,0,60
2025-02-11,ONEPLUS_13,OnePlus,Smartphones,70000,54000,65136.39500693386,65059.896296033025,0.06948007132951628,0,0,0,69
2025-02-12,ONEPLUS_13,OnePlus,Smartphones,70000,54000,66832.52832817781,66583.17841504852,0.045249595311745563,0,0,0,60
2025-02-13,ONEPLUS_13,OnePlus,Smartphones,70000,54000,65602.47584291623,64403.61128055118,0.06282177367262529,0,0,0,61
2025-02-14,ONEPLUS_13,OnePlus,Smartphones,70000,54000,66479.81640810764,64969.58755307967,0.05028833702703374,0,0,0,57
2025-02-15,ONEPLUS_13,OnePlus,Smartphones,70000,54000,62178.378546645195,63431.04012000385,0.11173744933364002,0,0,1,67
2025-02-16,ONEPLUS_13,OnePlus,Smartphones,70000,54000,63467.725251975055,65198.33286140666,0.0933182106860706,0,0,1,89
2025-02-17,ONEPLUS_13,OnePlus,Smartphones,70000,54000,63273.8885707167,65351.814488468925,0.09608730613261857,0,0,0,71
2025-02-18,ONEPLUS_13,OnePlus,Smartphones,70000,54000,64072.764731936855,65795.7846180379,0.08467478954375923,0,0,0,70
2025-02-19,ONEPLUS_13,OnePlus,Smartphones,70000,54000,63544.05929396817,64722.9596304208,0.0922277243718833,0,0,0,85
2025-02-20,ONEPLUS_13,OnePlus,Smartphones,70000,54000,67891.17937094776,66916.17284720005,0.030126008986460576,0,0,0,56
2025-02-21,ONEPLUS_13,OnePlus,Smartphones,70000,54000,56124.467808841066,57409.32471604203,0.19822188844512767,0,0,0,107
2025-02-22,ONEPLUS_13,OnePlus,Smartphones,70000,54000,64591.91057987889,64405.45105583499,0.0772584202874445,0,0,1,63
2025-02-23,ONEPLUS_13,OnePlus,Smartphones,70000,54000,65576.39759382296,66281.5744695148,0.06319432008824344,0,0,1,88
2025-02-24,ONEPLUS_13,OnePlus,Smartphones,70000,54000,61007.96284150496,62002.4444619866,0.1284576736927862,0,0,0,84
2025-02-25,ONEPLUS_13,OnePlus,Smartphones,70000,54000,60592.008018052984,63272.872786060565,0.13439988545638593,0,0,0,88
2025-02-26,ONEPLUS_13,OnePlus,Smartphones,70000,54000,64269.2085324264,65921.09263645262,0.08186844953676577,0,0,0,80
2025-02-27,ONEPLUS_13,OnePlus,Smartphones,70000,54000,61142.64110227222,60853.094910649445,0.12653369853896837,0,0,0,86
2025-02-28,ONEPLUS_13,OnePlus,Smartphones,70000,54000,66510.5364021875,67337.74280690304,0.04984947996874997,0,0,0,87
2025-03-01,ONEPLUS_13,OnePlus,Smartphones,70000,54000,65510.48583857025,68979.98604951544,0.06413591659185353,0,0,1,84
2025-03-02,ONEPLUS_13,OnePlus,Smartphones,70000,54000,66273.88060935486,63960.95078224131,0.05323027700921639,0,0,1,68
2025-03-03,ONEPLUS_13,OnePlus,Smartphones,70000,54000,67118.54295136243,64968.439202775575,0.04116367212339392,0,0,0,84
2025-03-04,ONEPLUS_13,OnePlus,Smartphones,70000,54000,62966.86394193821,63685.79857740923,0.10047337225802555,0,0,0,91
2025-03-05,ONEPLUS_13,OnePlus,Smartphones,70000,54000,63226.823445616545,63816.075101495706,0.09675966506262074,0,0,0,74
2025-03-06,ONEPLUS_13,OnePlus,Smartphones,70000,54000,64897.762896012464,65286.08955279633,0.07288910148553623,0,0,0,82
2025-03-07,ONEPLUS_13,OnePlus,Smartphones,70000,54000,62917.424111390574,63105.73169426027,0.10117965555156323,0,0,0,81
2025-03-08,ONEPLUS_13,OnePlus,Smartphones,70000,54000,63113.33518250768,59975.76386469977,0.0983809259641759,0,0,1,78
2025-03-09,ONEPLUS_13,OnePlus,Smartphones,70000,54000,64110.04200724758,63463.55565003083,0.08414225703932027,0,0,1,66
2025-03-10,ONEPLUS_13,OnePlus,Smartphones,70000,54000,65965.51338246337,64843.65923657306,0.05763552310766629,0,0,0,85
2025-03-11,ONEPLUS_13,OnePlus,Smartphones,70000,54000,66288.01397780707,69470.89941608494,0.05302837174561314,0,0,0,81
2025-03-12,ONEPLUS_13,OnePlus,Smartphones,70000,54000,65973.21157588743,63290.44758088165,0.057525548915893884,0,0,0,55
2025-03-13,ONEPLUS_13,OnePlus,Smartphones,70000,54000,64484.70195244026,64305.33862793759,0.07878997210799633,0,0,0,89
2025-03-14,ONEPLUS_13,OnePlus,Smartphones,70000,54000,63948.66778765127,65563.29393140553,0.08644760303355327,0,0,0,94
2025-03-15,ONEPLUS_13,OnePlus,Smartphones,70000,54000,64968.077841233186,65062.2533810131,0.07188460226809736,0,0,1,79
2025-03-16,ONEPLUS_13,OnePlus,Smartphones,70000,54000,70000.0,69667.11155896515,0.0,0,0,1,95
2025-03-17,ONEPLUS_13,OnePlus,Smartphones,70000,54000,65058.26079993614,66274.31930755083,0.07059627428662651,0,0,0,76
2025-03-18,ONEPLUS_13,OnePlus,Smartphones,70000,54000,68514.78184263784,67130.26336668692,0.021217402248030877,0,0,0,80
2025-03-19,ONEPLUS_13,OnePlus,Smartphones,70000,54000,63490.54342949836,64154.386261680775,0.09299223672145206,0,0,0,61
2025-03-20,ONEPLUS_13,OnePlus,Smartphones,70000,54000,65732.75936276307,67092.40212524924,0.06096058053195608,0,0,0,78
2025-03-21,ONEPLUS_13,OnePlus,Smartphones,70000,54000,65351.84231444119,67354.15263204678,0.06640225265084015,0,0,0,71
2025-03-22,ONEPLUS_13,OnePlus,Smartphones,70000,54000,65824.87286990669,65075.24656622133,0.05964467328704737,0,0,1,79
2025-03-23,ONEPLUS_13,OnePlus,Smartphones,70000,54000,58418.92317909991,59893.2852059843,0.1654439545842869,0,0,1,97
2025-03-24,ONEPLUS_13,OnePlus,Smartphones,70000,54000,66217.51574447076,66247.69239625175,0.05403548936470336,0,0,0,81
2025-03-25,ONEPLUS_13,OnePlus,Smartphones,70000,54000,65814.48793848541,63988.14713506325,0.05979302945020832,0,0,0,75
2025-03-26,ONEPLUS_13,OnePlus,Smartphones,70000,54000,65198.06028829741,66034.77057144139,0.0685991387386083,0,0,0,82
2025-03-27,ONEPLUS_13,OnePlus,Smartphones,70000,54000,61246.97914901477,61668.74348704502,0.12504315501407468,0,0,0,81
2025-03-28,ONEPLUS_13,OnePlus,Smartphones,70000,54000,65537.78436445429,68526.14174575033,0.06374593765065312,0,0,0,76
2025-03-29,ONEPLUS_13,OnePlus,Smartphones,70000,54000,67532.90284430717,66138.5302946383,0.03524424508132602,0,0,1,67
2025-03-30,ONEPLUS_13,OnePlus,Smartphones,70000,54000,65852.35812128769,66472.36801630407,0.05925202683874736,0,0,1,80
2025-03-31,ONEPLUS_13,OnePlus,Smartphones,70000,54000,65936.27457134602,68586.09387226266,0.05805322040934273,0,0,0,77
2025-04-01,ONEPLUS_13,OnePlus,Smartphones,70000,54000,63844.97026021906,66555.05598042523,0.08792899628258487,0,0,0,78
2025-04-02,ONEPLUS_13,OnePlus,Smartphones,70000,54000,65564.93761591414,65132.48259271965,0.0633580340583695,0,0,0,62
2025-04-03,ONEPLUS_13,OnePlus,Smartphones,70000,54000,63043.612847072334,64336.49521077708,0.09937695932753812,0,0,0,88
2025-04-04,ONEPLUS_13,OnePlus,Smartphones,70000,54000,59835.970652569566,60620.814237829865,0.1452004192490062,0,0,0,83
2025-04-05,ONEPLUS_13,OnePlus,Smartphones,70000,54000,61496.73289022161,63743.683846608015,0.12147524442540555,0,0,1,90
2025-04-06,ONEPLUS_13,OnePlus,Smartphones,70000,54000,66037.47750177767,64395.57376826718,0.05660746426031889,0,0,1,89
2025-04-07,ONEPLUS_13,OnePlus,Smartphones,70000,54000,65159.12000834198,67089.66514351868,0.06915542845225744,0,0,0,73
2025-04-08,ONEPLUS_13,OnePlus,Smartphones,70000,54000,61174.95514807718,57338.27493494376,0.12607206931318318,0,0,0,79
2025-04-09,ONEPLUS_13,OnePlus,Smartphones,70000,54000,66408.3018060251,67630.6511127988,0.05130997419964135,0,0,0,86
2025-04-10,ONEPLUS_13,OnePlus,Smartphones,70000,54000,62939.6003393754,62074.01629620311,0.10086285229463705,0,0,0,83
2025-04-11,ONEPLUS_13,OnePlus,Smartphones,70000,54000,65944.06858043377,64014.42141384797,0.05794187742237463,0,0,0,80
2025-04-12,ONEPLUS_13,OnePlus,Smartphones,70000,54000,60584.95582023828,61474.0517420304,0.1345006311394531,0,0,1,99
2025-04-13,ONEPLUS_13,OnePlus,Smartphones,70000,54000,65971.46868555741,68463.00932374602,0.0575504473491798,0,0,1,94
2025-04-14,ONEPLUS_13,OnePlus,Smartphones,70000,54000,63944.07209885396,66655.71113251123,0.08651325573065774,0,0,0,70
2025-04-15,ONEPLUS_13,OnePlus,Smartphones,70000,54000,60842.77975082893,60009.94744383457,0.13081743213101527,0,0,0,83
2025-04-16,ONEPLUS_13,OnePlus,Smartphones,70000,54000,61518.77308626562,63879.20014021338,0.12116038448191974,0,0,0,93
2025-04-17,ONEPLUS_13,OnePlus,Smartphones,70000,54000,63364.55988787821,60808.077502430395,0.09479200160173981,0,0,0,68
2025-04-18,ONEPLUS_13,OnePlus,Smartphones,70000,54000,63980.59149782313,62792.243908660705,0.08599155003109821,0,0,0,82
2025-04-19,ONEPLUS_13,OnePlus,Smartphones,70000,54000,61779.85389909573,62391.25423077133,0.11743065858434665,0,0,1,75
2025-04-20,ONEPLUS_13,OnePlus,Smartphones,70000,54000,63003.80287885017,62568.991006503,0.09994567315928331,0,0,1,84
2025-04-21,ONEPLUS_13,OnePlus,Smartphones,70000,54000,65428.62513978651,66118.42771486183,0.06530535514590699,0,0,0,82
2025-04-22,ONEPLUS_13,OnePlus,Smartphones,70000,54000,65716.53834381783,67143.44745999669,0.06119230937403101,0,0,0,71
2025-04-23,ONEPLUS_13,OnePlus,Smartphones,70000,54000,64719.909870373165,66113.54102327907,0.075429858994669,0,0,0,87
2025-04-24,ONEPLUS_13,OnePlus,Smartphones,70000,54000,63039.27279140324,65376.86638482518,0.0994389601228109,0,0,0,71
2025-04-25,ONEPLUS_13,OnePlus,Smartphones,70000,54000,65153.56460443117,64228.7873860812,0.06923479136526897,0,0,0,68
2025-04-26,ONEPLUS_13,OnePlus,Smartphones,70000,54000,58684.10977528091,61172.2101952697,0.1616555746388441,0,0,1,111
2025-04-27,ONEPLUS_13,OnePlus,Smartphones,70000,54000,68410.16456756144,73409.87583489803,0.022711934749122295,0,0,1,71
2025-04-28,ONEPLUS_13,OnePlus,Smartphones,70000,54000,65846.0257998912,66306.12916227918,0.05934248857298287,0,0,0,76
2025-04-29,ONEPLUS_13,OnePlus,Smartphones,70000,54000,67110.54318483891,67952.20295110143,0.041277954502301185,0,0,0,89
2025-04-30,ONEPLUS_13,OnePlus,Smartphones,70000,54000,65733.47236066511,64619.710805306306,0.060950394847641164,0,0,0,78
2025-05-01,ONEPLUS_13,OnePlus,Smartphones,70000,54000,67539.65288352862,66950.68740396222,0.03514781594959114,0,0,0,74
2025-05-02,ONEPLUS_13,OnePlus,Smartphones,70000,54000,63229.90739209514,62412.24724878632,0.09671560868435518,0,0,0,80
2025-05-03,ONEPLUS_13,OnePlus,Smartphones,70000,54000,65256.09112905749,67381.90319093368,0.06777012672775024,0,0,1,95
2025-05-04,ONEPLUS_13,OnePlus,Smartphones,70000,54000,65170.38728622919,67981.67522577189,0.06899446733958298,0,0,1,69
2025-05-05,ONEPLUS_13,OnePlus,Smartphones,70000,54000,59065.56506644656,56961.387170662296,0.15620621333647777,0,0,0,79
2025-05-06,ONEPLUS_13,OnePlus,Smartphones,70000,54000,58254.64963101142,61468.64440803743,0.16779071955697972,0,0,0,87
2025-05-07,ONEPLUS_13,OnePlus,Smartphones,70000,54000,58455.86389058765,59578.73089450235,0.16491623013446213,0,0,0,94
2025-05-08,ONEPLUS_13,OnePlus,Smartphones,70000,54000,62005.70474275735,62904.315258797644,0.11420421796060928,0,0,0,97
2025-05-09,ONEPLUS_13,OnePlus,Smartphones,70000,54000,63500.360493000306,64085.40301410174,0.09285199295713858,0,0,0,70
2025-05-10,ONEPLUS_13,OnePlus,Smartphones,70000,54000,60701.66621788781,56806.51151682683,0.1328333397444599,0,0,1,100
2025-05-11,ONEPLUS_13,OnePlus,Smartphones,70000,54000,61589.940972774835,62105.9546768702,0.12014370038893094,0,0,1,101
2025-05-12,ONEPLUS_13,OnePlus,Smartphones,70000,54000,60746.642309513554,60897.694932788894,0.13219082414980632,0,0,0,90
2025-05-13,ONEPLUS_13,OnePlus,Smartphones,70000,54000,69603.86633590318,69099.21638007263,0.0056590523442402035,0,0,0,72
2025-05-14,ONEPLUS_13,OnePlus,Smartphones,70000,54000,63120.0092332296,63043.32335624575,0.0982855823824343,0,0,0,73
2025-05-15,ONEPLUS_13,OnePlus,Smartphones,70000,54000,60607.37985899421,60261.24703805301,0.13418028772865426,0,0,0,101
2025-05-16,ONEPLUS_13,OnePlus,Smartphones,70000,54000,64151.51373761283,63584.24171665165,0.08354980374838802,0,0,0,71
2025-05-17,ONEPLUS_13,OnePlus,Smartphones,70000,54000,64639.105030878316,62565.18821856562,0.0765842138445955,0,0,1,82
2025-05-18,ONEPLUS_13,OnePlus,Smartphones,70000,54000,67646.63503023452,71883.15207048897,0.03361949956807833,0,0,1,76
2025-05-19,ONEPLUS_13,OnePlus,Smartphones,70000,54000,64359.0828751945,64415.18317884489,0.08058453035436426,0,0,0,72
2025-05-20,ONEPLUS_13,OnePlus,Smartphones,70000,54000,67105.1563688266,66169.16049603031,0.04135490901676283,0,0,0,69
2025-05-21,ONEPLUS_13,OnePlus,Smartphones,70000,54000,59617.77373068232,60330.112670773844,0.14831751813310984,0,0,0,88
2025-05-22,ONEPLUS_13,OnePlus,Smartphones,70000,54000,61671.037124943556,57970.82993484885,0.11898518392937772,0,0,0,89
2025-05-23,ONEPLUS_13,OnePlus,Smartphones,70000,54000,65800.75276573587,69358.06181783897,0.05998924620377332,0,0,0,72
2025-05-24,ONEPLUS_13,OnePlus,Smartphones,70000,54000,65632.75062166358,64625.93464088241,0.06238927683337751,0,0,1,72
2025-05-25,ONEPLUS_13,OnePlus,Smartphones,70000,54000,63349.41260793914,61676.91448193488,0.0950083913151552,0,0,1,92
2025-05-26,ONEPLUS_13,OnePlus,Smartphones,70000,54000,68469.9507927006,71807.55039345044,0.021857845818562704,0,0,0,79
2025-05-27,ONEPLUS_13,OnePlus,Smartphones,70000,54000,66258.7297437798,67952.26828644465,0.05344671794600297,0,0,0,72
2025-05-28,ONEPLUS_13,OnePlus,Smartphones,70000,54000,59495.289974841515,60155.78383038445,0.15006728607369263,0,0,0,86
2025-05-29,ONEPLUS_13,OnePlus,Smartphones,70000,54000,62965.47224450067,60964.221329218286,0.10049325364999037,0,0,0,66
2025-05-30,ONEPLUS_13,OnePlus,Smartphones,70000,54000,66473.67584915533,70036.83635093867,0.050376059297780926,0,0,0,61
2025-05-31,ONEPLUS_13,OnePlus,Smartphones,70000,54000,65279.87248886674,63810.34058570191,0.06743039301618939,0,0,1,76
2025-06-01,ONEPLUS_13,OnePlus,Smartphones,70000,54000,63103.21516183801,65873.61465768707,0.09852549768802843,0,0,1,88
2025-06-02,ONEPLUS_13,OnePlus,Smartphones,70000,54000,65625.37406897609,67154.48208794056,0.06249465615748447,0,0,0,75
2025-06-03,ONEPLUS_13,OnePlus,Smartphones,70000,54000,62105.86867018928,62427.877602123386,0.11277330471158178,0,0,0,77
2025-06-04,ONEPLUS_13,OnePlus,Smartphones,70000,54000,65232.96011976122,69070.1985761377,0.06810056971769683,0,0,0,60
2025-06-05,ONEPLUS_13,OnePlus,Smartphones,70000,54000,67402.5600694265,68303.73469588981,0.03710628472247842,0,0,0,59
2025-06-06,ONEPLUS_13,OnePlus,Smartphones,70000,54000,62260.988137486354,63831.4973538357,0.1105573123216235,0,0,0,77
2025-06-07,ONEPLUS_13,OnePlus,Smartphones,70000,54000,63665.50255830025,61666.979785869975,0.09049282059571073,0,0,1,88
2025-06-08,ONEPLUS_13,OnePlus,Smartphones,70000,54000,66669.28582584194,66899.66033906133,0.04758163105940072,0,0,1,84
2025-06-09,ONEPLUS_13,OnePlus,Smartphones,70000,54000,64167.18168108342,67581.40413208312,0.08332597598452256,0,0,0,89
2025-06-10,ONEPLUS_13,OnePlus,Smartphones,70000,54000,68657.33118570108,69490.39170302983,0.019180983061412978,0,0,0,84
2025-06-11,ONEPLUS_13,OnePlus,Smartphones,70000,54000,64859.868934391394,63824.16314229956,0.07343044379440872,0,0,0,62
2025-06-12,ONEPLUS_13,OnePlus,Smartphones,70000,54000,69116.89242083934,71064.47250328789,0.012615822559438009,0,0,0,74
2025-06-13,ONEPLUS_13,OnePlus,Smartphones,70000,54000,61207.82536623276,60802.27472477763,0.1256024947681034,0,0,0,78
2025-06-14,ONEPLUS_13,OnePlus,Smartphones,70000,54000,65251.375734279485,64529.865634263835,0.06783748951029314,0,0,1,58
2025-06-15,ONEPLUS_13,OnePlus,Smartphones,70000,54000,68898.21294422424,68827.28793395807,0.015739815082510905,0,0,1,74
2025-06-16,ONEPLUS_13,OnePlus,Smartphones,70000,54000,66007.2851576896,68501.75240186379,0.05703878346157708,0,0,0,73
2025-06-17,ONEPLUS_13,OnePlus,Smartphones,70000,54000,68200.01414585914,71448.37399771376,0.0257140836305838,0,0,0,68
2025-06-18,ONEPLUS_13,OnePlus,Smartphones,70000,54000,61158.83090717795,60926.92405416246,0.12630241561174363,0,0,0,77
2025-06-19,ONEPLUS_13,OnePlus,Smartphones,70000,54000,60163.21287819035,58522.141035406436,0.14052553031156648,0,0,0,72
2025-06-20,ONEPLUS_13,OnePlus,Smartphones,70000,54000,64222.9896211213,63962.625861046035,0.0825287196982671,0,0,0,74
2025-06-21,ONEPLUS_13,OnePlus,Smartphones,70000,54000,61770.251873009816,63730.797229216645,0.11756783038557403,0,0,1,76
2025-06-22,ONEPLUS_13,OnePlus,Smartphones,70000,54000,65096.26031127921,68298.6570202788,0.07005342412458275,0,0,1,85
2025-06-23,ONEPLUS_13,OnePlus,Smartphones,70000,54000,62219.85046812554,63496.54978785414,0.11114499331249232,0,0,0,93
2025-06-24,ONEPLUS_13,OnePlus,Smartphones,70000,54000,65738.10695533415,64070.88500674841,0.06088418635236931,0,0,0,77
2025-06-25,ONEPLUS_13,OnePlus,Smartphones,70000,54000,67139.66825142228,69190.65332538952,0.0408618821225389,0,0,0,68
2025-06-26,ONEPLUS_13,OnePlus,Smartphones,70000,54000,66404.10535261728,67272.3700300737,0.05136992353403888,0,0,0,61
2025-06-27,ONEPLUS_13,OnePlus,Smartphones,70000,54000,63338.69903518472,61432.63256171723,0.095161442354504,0,0,0,74
2025-06-28,ONEPLUS_13,OnePlus,Smartphones,70000,54000,64454.655920335455,65652.79478086294,0.07921920113806491,0,0,1,78
2025-06-29,ONEPLUS_13,OnePlus,Smartphones,70000,54000,62934.47823167975,62028.95660647841,0.10093602526171781,0,0,1,74
2025-06-30,ONEPLUS_13,OnePlus,Smartphones,70000,54000,64225.01896017633,64692.49902455669,0.08249972914033826,0,0,0,59
2025-07-01,ONEPLUS_13,OnePlus,Smartphones,70000,54000,61869.21312446063,60461.724789938395,0.11615409822199109,0,0,0,75
2025-07-02,ONEPLUS_13,OnePlus,Smartphones,70000,54000,63252.09842058244,64125.40334341369,0.09639859399167935,0,0,0,76
2025-07-03,ONEPLUS_13,OnePlus,Smartphones,70000,54000,65781.42841305665,62615.00621219176,0.0602653083849049,0,0,0,80
2025-07-04,ONEPLUS_13,OnePlus,Smartphones,70000,54000,65360.517067534434,66060.39791514646,0.06627832760665099,0,0,0,60
2025-07-05,ONEPLUS_13,OnePlus,Smartphones,70000,54000,62873.0720532349,66075.0746803347,0.10181325638235861,0,0,1,68
2025-07-06,ONEPLUS_13,OnePlus,Smartphones,70000,54000,64563.172516203835,61618.471867705455,0.07766896405423092,0,0,1,88
2025-07-07,ONEPLUS_13,OnePlus,Smartphones,70000,54000,60294.69108007837,60605.21658865544,0.13864727028459467,0,0,0,66
2025-07-08,ONEPLUS_13,OnePlus,Smartphones,70000,54000,65273.24644528644,63437.13378768897,0.06752505078162224,0,0,0,56
2025-07-09,ONEPLUS_13,OnePlus,Smartphones,70000,54000,63666.9605730822,63311.06722897214,0.09047199181311136,0,0,0,88
2025-07-10,ONEPLUS_13,OnePlus,Smartphones,70000,54000,65212.173501333804,65995.31028493894,0.068397521409517,0,0,0,85
2025-07-11,ONEPLUS_13,OnePlus,Smartphones,70000,54000,64695.57543361809,64776.63033802164,0.07577749380545579,0,0,0,55
2025-07-12,ONEPLUS_13,OnePlus,Smartphones,70000,54000,65281.78217923834,69249.54151798843,0.0674031117251665,0,0,1,71
2025-07-13,ONEPLUS_13,OnePlus,Smartphones,70000,54000,65349.347225010744,65599.02810944273,0.06643789678556083,0,0,1,83
2025-07-14,ONEPLUS_13,OnePlus,Smartphones,70000,54000,68589.9289984099,71054.31622989765,0.020143871451287196,0,0,0,57
2025-07-15,ONEPLUS_13,OnePlus,Smartphones,70000,54000,69959.23931873338,68949.95110933135,0.0005822954466659508,0,0,0,64
2025-07-16,ONEPLUS_13,OnePlus,Smartphones,70000,54000,63069.02043581303,60849.63792707642,0.09901399377409957,0,0,0,76
2025-07-17,ONEPLUS_13,OnePlus,Smartphones,70000,54000,66089.65598700731,66662.63275668959,0.05586205732846696,0,0,0,59
2025-07-18,ONEPLUS_13,OnePlus,Smartphones,70000,54000,64730.7260585438,64216.7007584903,0.07527534202080285,0,0,0,71
2025-07-19,ONEPLUS_13,OnePlus,Smartphones,70000,54000,62504.00092506509,64443.25205314642,0.10708570107049878,0,0,1,92
2025-07-20,ONEPLUS_13,OnePlus,Smartphones,70000,54000,62992.753439722,62839.41406488087,0.10010352228968566,0,0,1,81
2025-07-21,ONEPLUS_13,OnePlus,Smartphones,70000,54000,64071.84238676757,63732.753178566556,0.08468796590332046,0,0,0,71
2025-07-22,ONEPLUS_13,OnePlus,Smartphones,70000,54000,58422.30755588552,59446.5126519643,0.16539560634449257,0,0,0,70
2025-07-23,ONEPLUS_13,OnePlus,Smartphones,70000,54000,65604.8282010077,69831.90054725867,0.0627881685570329,0,0,0,77
2025-07-24,ONEPLUS_13,OnePlus,Smartphones,70000,54000,65321.02420140483,66400.75548696787,0.06684251140850253,0,0,0,61
2025-07-25,ONEPLUS_13,OnePlus,Smartphones,70000,54000,65970.72355267429,69366.35163877158,0.05756109210465306,0,0,0,72
2025-07-26,ONEPLUS_13,OnePlus,Smartphones,70000,54000,62471.17308184886,63813.64030952874,0.10755467025930199,0,0,1,98
2025-07-27,ONEPLUS_13,OnePlus,Smartphones,70000,54000,59456.44925772109,60116.2795433621,0.15062215346112728,0,0,1,75
2025-07-28,ONEPLUS_13,OnePlus,Smartphones,70000,54000,66421.15368214854,65091.37063565784,0.05112637596930657,0,0,0,64
2025-07-29,ONEPLUS_13,OnePlus,Smartphones,70000,54000,65385.65955574417,61145.879133017836,0.06591914920365471,0,0,0,62
2025-07-30,ONEPLUS_13,OnePlus,Smartphones,70000,54000,61007.06582020459,62222.06414826202,0.12847048828279156,0,0,0,64
2025-07-31,ONEPLUS_13,OnePlus,Smartphones,70000,54000,66441.19673215596,68876.2063297786,0.05084004668348618,0,0,0,83
2025-08-01,ONEPLUS_13,OnePlus,Smartphones,70000,54000,67346.54519404138,66353.16056282933,0.03790649722798028,0,0,0,64
2025-08-02,ONEPLUS_13,OnePlus,Smartphones,70000,54000,64209.17996889734,67329.89486160805,0.08272600044432361,0,0,1,71
2025-08-03,ONEPLUS_13,OnePlus,Smartphones,70000,54000,63756.527129714355,62082.89222224838,0.08919246957550916,0,0,1,68
2025-08-04,ONEPLUS_13,OnePlus,Smartphones,70000,54000,66025.17889260514,64415.56856619323,0.056783158677069435,0,0,0,57
2025-08-05,ONEPLUS_13,OnePlus,Smartphones,70000,54000,63526.164362237876,67714.08081373498,0.09248336625374465,0,0,0,67
2025-08-06,ONEPLUS_13,OnePlus,Smartphones,70000,54000,70000.0,70173.36323730227,0.0,0,0,0,67
2025-08-07,ONEPLUS_13,OnePlus,Smartphones,70000,54000,64210.45886080396,66280.06376320959,0.08270773055994339,0,0,0,78
2025-08-08,ONEPLUS_13,OnePlus,Smartphones,70000,54000,58162.16638694016,61233.571804206644,0.16911190875799773,0,0,0,88
2025-08-09,ONEPLUS_13,OnePlus,Smartphones,70000,54000,65680.17627705362,63954.258899137385,0.061711767470662704,0,0,1,60
2025-08-10,ONEPLUS_13,OnePlus,Smartphones,70000,54000,63294.19850773165,62058.07303379145,0.09579716417526214,0,0,1,88
2025-08-11,ONEPLUS_13,OnePlus,Smartphones,70000,54000,64646.704888402084,63763.770176511294,0.0764756444513988,0,0,0,63
2025-08-12,ONEPLUS_13,OnePlus,Smartphones,70000,54000,65203.097886899784,65787.21980120619,0.06852717304428879,0,0,0,65
2025-08-13,ONEPLUS_13,OnePlus,Smartphones,70000,54000,65301.742791252014,65289.35285542897,0.06711796012497118,0,0,0,73
2025-08-14,ONEPLUS_13,OnePlus,Smartphones,70000,54000,65983.99477471746,68040.66823326919,0.05737150321832199,0,0,0,56
2025-08-15,ONEPLUS_13,OnePlus,Smartphones,70000,54000,62836.449100215876,63798.98744338188,0.10233644142548745,0,0,0,76
2025-08-16,ONEPLUS_13,OnePlus,Smartphones,70000,54000,63060.85517206284,65516.31812930359,0.09913064039910235,0,0,1,78
2025-08-17,ONEPLUS_13,OnePlus,Smartphones,70000,54000,67162.59783046147,71945.56038725696,0.04053431670769329,0,0,1,71
2025-08-18,ONEPLUS_13,OnePlus,Smartphones,70000,54000,63343.35464862856,62117.43527741351,0.09509493359102045,0,0,0,61
2025-08-19,ONEPLUS_13,OnePlus,Smartphones,70000,54000,61201.32234626421,60721.94631119802,0.12569539505336833,0,0,0,68
2025-08-20,ONEPLUS_13,OnePlus,Smartphones,70000,54000,60149.831156847235,59141.6173665051,0.14071669775932522,0,0,0,69
2025-08-21,ONEPLUS_13,OnePlus,Smartphones,70000,54000,64640.10236861918,66595.24243246803,0.0765699661625831,0,0,0,66
2025-08-22,ONEPLUS_13,OnePlus,Smartphones,70000,54000,62795.05885680521,63939.32853053025,0.1029277306170684,0,0,0,64
2025-08-23,ONEPLUS_13,OnePlus,Smartphones,70000,54000,61765.29314167979,64097.704816484256,0.11763866940457449,0,0,1,71
2025-08-24,ONEPLUS_13,OnePlus,Smartphones,70000,54000,64812.42720388112,65848.56239537155,0.07410818280169831,0,0,1,73
2025-08-25,ONEPLUS_13,OnePlus,Smartphones,70000,54000,64430.077507080336,65531.715677270986,0.07957032132742385,0,0,0,59
2025-08-26,ONEPLUS_13,OnePlus,Smartphones,70000,54000,65879.87321941319,66899.70055386896,0.058858954008383015,0,0,0,66
2025-08-27,ONEPLUS_13,OnePlus,Smartphones,70000,54000,63550.52616020722,63650.57633578758,0.09213534056846827,0,0,0,73
2025-08-28,ONEPLUS_13,OnePlus,Smartphones,70000,54000,62673.265866024485,64568.41437448873,0.10466763048536454,0,0,0,61
2025-08-29,ONEPLUS_13,OnePlus,Smartphones,70000,54000,66959.43300004654,68390.48297249434,0.043436671427906484,0,0,0,64
2025-08-30,ONEPLUS_13,OnePlus,Smartphones,70000,54000,61315.72879593008,62074.02254385962,0.12406101720099877,0,0,1,75
2025-08-31,ONEPLUS_13,OnePlus,Smartphones,70000,54000,66371.64194361189,69621.02323588394,0.051833686519830176,0,0,1,62
2025-09-01,ONEPLUS_13,OnePlus,Smartphones,70000,54000,62463.5418624881,63901.003634190194,0.10766368767874143,1,0,0,89
2025-09-02,ONEPLUS_13,OnePlus,Smartphones,70000,54000,62959.06201921048,61525.72690892169,0.10058482829699308,1,0,0,95
2025-09-03,ONEPLUS_13,OnePlus,Smartphones,70000,54000,61104.46292465112,60796.04248503114,0.1270791010764126,1,0,0,97
2025-09-04,ONEPLUS_13,OnePlus,Smartphones,70000,54000,68406.46116167531,67519.54324598127,0.022764840547495654,1,0,0,94
2025-09-05,ONEPLUS_13,OnePlus,Smartphones,70000,54000,64767.20118212931,67215.87491583813,0.0747542688267241,1,0,0,78
2025-09-06,ONEPLUS_13,OnePlus,Smartphones,70000,54000,64743.77475871554,68657.22266198619,0.0750889320183494,1,0,1,103
2025-09-07,ONEPLUS_13,OnePlus,Smartphones,70000,54000,65517.612451326146,66995.97605821642,0.06403410783819793,1,0,1,104
2025-09-08,ONEPLUS_13,OnePlus,Smartphones,70000,54000,63984.25176297036,65395.05305029516,0.08593926052899493,0,0,0,59
2025-09-09,ONEPLUS_13,OnePlus,Smartphones,70000,54000,62083.53160358448,62581.13672579641,0.11309240566307882,0,0,0,58
2025-09-10,ONEPLUS_13,OnePlus,Smartphones,70000,54000,62198.11940366657,61874.984654887616,0.11145543709047755,0,0,0,82
2025-09-11,ONEPLUS_13,OnePlus,Smartphones,70000,54000,61526.22913704755,61335.868074608894,0.12105386947074931,0,0,0,70
2025-09-12,ONEPLUS_13,OnePlus,Smartphones,70000,54000,66955.1742414314,68242.47458928317,0.04349751083669418,0,0,0,71
2025-09-13,ONEPLUS_13,OnePlus,Smartphones,70000,54000,64504.997806767824,65269.823390405894,0.07850003133188817,0,0,1,76
2025-09-14,ONEPLUS_13,OnePlus,Smartphones,70000,54000,67232.51204952002,66041.2109402552,0.03953554214971387,0,0,1,72
2025-09-15,ONEPLUS_13,OnePlus,Smartphones,70000,54000,65263.8530878078,67060.19548587516,0.06765924160274575,0,0,0,68
2025-09-16,ONEPLUS_13,OnePlus,Smartphones,70000,54000,65162.46030847552,64036.70270146399,0.06910770987892115,0,0,0,63
2025-09-17,ONEPLUS_13,OnePlus,Smartphones,70000,54000,61513.68594702268,60400.03297301863,0.12123305789967612,0,0,0,61
2025-09-18,ONEPLUS_13,OnePlus,Smartphones,70000,54000,64140.12218785225,65916.46942511677,0.08371254017353934,0,0,0,68
2025-09-19,ONEPLUS_13,OnePlus,Smartphones,70000,54000,65416.97377497705,67224.36079595728,0.06547180321461349,0,0,0,65
2025-09-20,ONEPLUS_13,OnePlus,Smartphones,70000,54000,66091.3620720094,66610.40413881601,0.05583768468557988,1,0,1,98
2025-09-21,ONEPLUS_13,OnePlus,Smartphones,70000,54000,64585.95202344517,65361.49944528252,0.07734354252221187,1,0,1,92
2025-09-22,ONEPLUS_13,OnePlus,Smartphones,70000,54000,69387.96129675671,69140.24805868887,0.008743410046332833,1,0,0,78
2025-09-23,ONEPLUS_13,OnePlus,Smartphones,70000,54000,69268.91006282975,68452.24611465659,0.010444141959574993,1,0,0,81
2025-09-24,ONEPLUS_13,OnePlus,Smartphones,70000,54000,64398.678561559245,65530.42465359682,0.08001887769201076,1,0,0,78
2025-09-25,ONEPLUS_13,OnePlus,Smartphones,70000,54000,63141.8726453259,66807.61283128544,0.09797324792391574,1,0,0,79
2025-09-26,ONEPLUS_13,OnePlus,Smartphones,70000,54000,67898.76458145834,67036.33659047719,0.03001764883630942,1,0,0,91
2025-09-27,ONEPLUS_13,OnePlus,Smartphones,70000,54000,63760.87787193116,65673.5245454068,0.08913031611526916,1,0,1,101
2025-09-28,ONEPLUS_13,OnePlus,Smartphones,70000,54000,66013.26030839008,66960.42436321812,0.05695342416585604,1,0,1,90
2025-09-29,ONEPLUS_13,OnePlus,Smartphones,70000,54000,63589.384348886066,66894.09891154016,0.09158022358734191,1,0,0,111
2025-09-30,ONEPLUS_13,OnePlus,Smartphones,70000,54000,67608.8433372007,69098.78612030664,0.03415938089713287,1,0,0,85
2025-10-01,ONEPLUS_13,OnePlus,Smartphones,70000,54000,62359.28366507865,63899.082329081815,0.10915309049887645,1,0,0,103
2025-10-02,ONEPLUS_13,OnePlus,Smartphones,70000,54000,61219.08050005022,60166.910967157775,0.1254417071421396,1,0,0,94
2025-10-03,ONEPLUS_13,OnePlus,Smartphones,70000,54000,69694.84715375068,72536.03740585297,0.004359326374990147,1,0,0,76
2025-10-04,ONEPLUS_13,OnePlus,Smartphones,70000,54000,65308.38796181825,65843.34941705648,0.06702302911688217,1,0,1,87
2025-10-05,ONEPLUS_13,OnePlus,Smartphones,70000,54000,62089.176406479404,63402.281425594454,0.1130117656217228,1,0,1,106
2025-10-06,ONEPLUS_13,OnePlus,Smartphones,70000,54000,60727.72961600009,61195.08140117494,0.13246100548571293,1,1,0,198
2025-10-07,ONEPLUS_13,OnePlus,Smartphones,70000,54000,56641.58866542048,57977.395001046076,0.19083444763685029,1,1,0,226
2025-10-08,ONEPLUS_13,OnePlus,Smartphones,70000,54000,57783.434384012566,57564.23602888951,0.17452236594267764,0,1,0,194
2025-10-09,ONEPLUS_13,OnePlus,Smartphones,70000,54000,54937.920779533684,54947.80820864061,0.21517256029237591,0,1,0,211
2025-10-10,ONEPLUS_13,OnePlus,Smartphones,70000,54000,55809.72120825062,57652.152989181646,0.20271826845356253,0,1,0,206
2025-10-11,ONEPLUS_13,OnePlus,Smartphones,70000,54000,56786.24020079879,56412.739816353824,0.1887679971314459,0,1,1,230
2025-10-12,ONEPLUS_13,OnePlus,Smartphones,70000,54000,56290.457899352514,56478.73125641806,0.19585060143782118,0,1,1,200
2025-10-13,ONEPLUS_13,OnePlus,Smartphones,70000,54000,58597.58037111892,60437.6148507089,0.16289170898401534,0,0,0,72
2025-10-14,ONEPLUS_13,OnePlus,Smartphones,70000,54000,62400.601441920844,64859.72187153325,0.10856283654398786,0,0,0,72
2025-10-15,ONEPLUS_13,OnePlus,Smartphones,70000,54000,69170.98268802172,69708.206274804,0.011843104456832676,0,0,0,48
2025-10-16,ONEPLUS_13,OnePlus,Smartphones,70000,54000,61675.48523684715,61441.86508246923,0.11892163947361223,0,0,0,83
2025-10-17,ONEPLUS_13,OnePlus,Smartphones,70000,54000,68091.95963288813,69021.7805295338,0.02725771953016952,0,0,0,68
2025-10-18,ONEPLUS_13,OnePlus,Smartphones,70000,54000,66569.04975893424,65948.89766770095,0.049013574872367884,0,0,1,68
2025-10-19,ONEPLUS_13,OnePlus,Smartphones,70000,54000,64794.21709877767,63517.147910945656,0.07436832716031905,0,0,1,81
2025-10-20,ONEPLUS_13,OnePlus,Smartphones,70000,54000,64928.14146137643,66012.71241732287,0.07245512198033675,1,0,0,77
2025-10-21,ONEPLUS_13,OnePlus,Smartphones,70000,54000,59361.364739266384,59256.22117407629,0.15198050372476585,1,0,0,108
2025-10-22,ONEPLUS_13,OnePlus,Smartphones,70000,54000,64742.00806143359,66371.55635214914,0.07511417055094868,1,0,0,79
2025-10-23,ONEPLUS_13,OnePlus,Smartphones,70000,54000,65214.06811806272,64867.53539244588,0.06837045545624691,1,0,0,79
2025-10-24,ONEPLUS_13,OnePlus,Smartphones,70000,54000,61640.23739397223,64725.319956256215,0.11942518008611105,1,0,0,100
2025-10-25,ONEPLUS_13,OnePlus,Smartphones,70000,54000,65244.35535066998,64858.99472827365,0.06793778070471454,1,0,1,80
2025-10-26,ONEPLUS_13,OnePlus,Smartphones,70000,54000,66307.53826468869,68038.27263543382,0.05274945336159009,1,0,1,93
2025-10-27,ONEPLUS_13,OnePlus,Smartphones,70000,54000,66454.71121192543,65988.01833399812,0.05064698268677953,1,0,0,94
2025-10-28,ONEPLUS_13,OnePlus,Smartphones,70000,54000,63048.38343097288,66668.76149282603,0.09930880812895894,1,0,0,94
2025-10-29,ONEPLUS_13,OnePlus,Smartphones,70000,54000,66454.52261572967,64942.70297376941,0.050649676918147424,1,0,0,98
2025-10-30,ONEPLUS_13,OnePlus,Smartphones,70000,54000,59924.71465568575,61149.34666276584,0.14393264777591783,1,0,0,97
2025-10-31,ONEPLUS_13,OnePlus,Smartphones,70000,54000,62874.2156431925,64797.15567082051,0.10179691938296426,0,0,0,68
2025-11-01,ONEPLUS_13,OnePlus,Smartphones,70000,54000,62073.234058519214,63119.89483009493,0.11323951344972544,1,0,1,114
2025-11-02,ONEPLUS_13,OnePlus,Smartphones,70000,54000,67331.46186796979,63914.18418475482,0.03812197331471734,1,0,1,87
2025-11-03,ONEPLUS_13,OnePlus,Smartphones,70000,54000,66565.61122707944,67469.38074661665,0.04906269675600791,1,0,0,97
2025-11-04,ONEPLUS_13,OnePlus,Smartphones,70000,54000,70000.0,68400.00107883579,0.0,1,0,0,94
2025-11-05,ONEPLUS_13,OnePlus,Smartphones,70000,54000,63201.37666680242,64578.96119130789,0.09712319047425125,1,0,0,83
2025-11-06,ONEPLUS_13,OnePlus,Smartphones,70000,54000,66184.40670763326,68117.31258983392,0.054508475605239075,1,0,0,94
2025-11-07,ONEPLUS_13,OnePlus,Smartphones,70000,54000,63890.75956656277,64457.71901365891,0.08727486333481761,1,0,0,84
2025-11-08,ONEPLUS_13,OnePlus,Smartphones,70000,54000,65986.74925312621,66102.21473336348,0.057332153526768403,0,0,1,70
2025-11-09,ONEPLUS_13,OnePlus,Smartphones,70000,54000,62135.32444833629,63637.784407495645,0.1123525078809102,0,0,1,78
2025-11-10,ONEPLUS_13,OnePlus,Smartphones,70000,54000,65762.6031950839,66664.80155396886,0.06053424007023001,0,0,0,68
2025-11-11,ONEPLUS_13,OnePlus,Smartphones,70000,54000,63124.05395105276,62977.47214553904,0.09822780069924635,0,0,0,83
2025-11-12,ONEPLUS_13,OnePlus,Smartphones,70000,54000,62562.65093728514,60549.89009958539,0.10624784375306935,0,0,0,84
2025-11-13,ONEPLUS_13,OnePlus,Smartphones,70000,54000,62585.96802558301,64259.96193797575,0.10591474249167131,0,0,0,86
2025-11-14,ONEPLUS_13,OnePlus,Smartphones,70000,54000,63677.66481143625,64002.85871921739,0.0903190741223393,0,0,0,60
2025-11-15,ONEPLUS_13,OnePlus,Smartphones,70000,54000,66469.45929506846,67236.74065212095,0.050436295784736254,0,0,1,65
2025-11-16,ONEPLUS_13,OnePlus,Smartphones,70000,54000,63284.89136667368,65140.29106665479,0.09593012333323316,0,0,1,79
2025-11-17,ONEPLUS_13,OnePlus,Smartphones,70000,54000,66073.1910104722,66137.46839262967,0.056097271278968484,0,0,0,64
2025-11-18,ONEPLUS_13,OnePlus,Smartphones,70000,54000,65205.37579176741,63564.13929396554,0.06849463154617981,0,0,0,65
2025-11-19,ONEPLUS_13,OnePlus,Smartphones,70000,54000,61389.998398948104,65383.79115859902,0.1230000228721699,0,0,0,60
2025-11-20,ONEPLUS_13,OnePlus,Smartphones,70000,54000,61128.08895026589,60554.433882368605,0.1267415864247729,1,0,0,97
2025-11-21,ONEPLUS_13,OnePlus,Smartphones,70000,54000,60027.83072230871,60379.857854487476,0.1424595611098755,1,0,0,99
2025-11-22,ONEPLUS_13,OnePlus,Smartphones,70000,54000,62545.21279554243,64249.47645936489,0.10649696006367959,1,0,1,121
2025-11-23,ONEPLUS_13,OnePlus,Smartphones,70000,54000,69969.27189623973,70850.58601462167,0.0004389729108608825,1,0,1,81
2025-11-24,ONEPLUS_13,OnePlus,Smartphones,70000,54000,66449.0294144159,64012.9280034735,0.05072815122262992,1,0,0,87
2025-11-25,ONEPLUS_13,OnePlus,Smartphones,70000,54000,63809.44396923783,65410.92867444523,0.08843651472517391,1,0,0,94
2025-11-26,ONEPLUS_13,OnePlus,Smartphones,70000,54000,65721.60299475712,66663.17610696945,0.061119957217755344,1,0,0,77
2025-11-27,ONEPLUS_13,OnePlus,Smartphones,70000,54000,61254.00332247139,61605.94963560068,0.12494280967898005,1,0,0,95
2025-11-28,ONEPLUS_13,OnePlus,Smartphones,70000,54000,67392.1785922828,69522.43103237764,0.03725459153881711,1,0,0,76
2025-11-29,ONEPLUS_13,OnePlus,Smartphones,70000,54000,65185.52996695169,64847.34595464155,0.0687781433292616,1,0,1,100
2025-11-30,ONEPLUS_13,OnePlus,Smartphones,70000,54000,64986.664979725676,65192.782951546,0.07161907171820457,1,0,1,103
2025-12-01,ONEPLUS_13,OnePlus,Smartphones,70000,54000,68344.55309862705,69587.72809982143,0.023649241448185122,0,0,0,62
2025-12-02,ONEPLUS_13,OnePlus,Smartphones,70000,54000,63642.2679564396,63940.24118717927,0.09082474347943431,0,0,0,86
2025-12-03,ONEPLUS_13,OnePlus,Smartphones,70000,54000,63678.28683867621,63285.334014201595,0.09031018801891119,0,0,0,65
2025-12-04,ONEPLUS_13,OnePlus,Smartphones,70000,54000,66492.10472892575,70418.57715133173,0.050112789586774856,0,0,0,62
2025-12-05,ONEPLUS_13,OnePlus,Smartphones,70000,54000,63616.1767384803,64076.813905044844,0.09119747516456707,0,0,0,80
2025-12-06,ONEPLUS_13,OnePlus,Smartphones,70000,54000,63054.63964488201,62849.7232082584,0.09921943364454278,0,0,1,69
2025-12-07,ONEPLUS_13,OnePlus,Smartphones,70000,54000,62256.88792712837,62399.848995602806,0.110615886755309,0,0,1,69
2025-12-08,ONEPLUS_13,OnePlus,Smartphones,70000,54000,68793.22608101268,69398.05667723947,0.01723962741410473,0,0,0,67
2025-12-09,ONEPLUS_13,OnePlus,Smartphones,70000,54000,66765.88638892572,67163.36913945887,0.046201623015346915,0,0,0,58
2025-12-10,ONEPLUS_13,OnePlus,Smartphones,70000,54000,65110.57448359217,66448.31565179784,0.06984893594868326,0,0,0,59
2025-12-11,ONEPLUS_13,OnePlus,Smartphones,70000,54000,60660.770900949115,62431.320924371525,0.13341755855786977,0,0,0,75
2025-12-12,ONEPLUS_13,OnePlus,Smartphones,70000,54000,63622.46154852436,64505.61456345056,0.09110769216393765,0,0,0,57
2025-12-13,ONEPLUS_13,OnePlus,Smartphones,70000,54000,63539.826335392005,66361.36310903089,0.09228819520868572,0,0,1,65
2025-12-14,ONEPLUS_13,OnePlus,Smartphones,70000,54000,63091.74704632427,60917.9165996708,0.09868932790965323,0,0,1,74
2025-12-15,ONEPLUS_13,OnePlus,Smartphones,70000,54000,66654.87860995196,69082.8808981897,0.04778744842925761,0,0,0,68
2025-12-16,ONEPLUS_13,OnePlus,Smartphones,70000,54000,63681.76479795873,66473.33704602212,0.0902605028863039,0,0,0,87
2025-12-17,ONEPLUS_13,OnePlus,Smartphones,70000,54000,62683.54127667104,63503.84560988889,0.10452083890469946,0,0,0,71
2025-12-18,ONEPLUS_13,OnePlus,Smartphones,70000,54000,64139.061766522995,63910.25067629476,0.08372768904967152,0,0,0,80
2025-12-19,ONEPLUS_13,OnePlus,Smartphones,70000,54000,64852.29693637077,63623.81134797165,0.07353861519470326,0,0,0,64
2025-12-20,ONEPLUS_13,OnePlus,Smartphones,70000,54000,66258.23661118062,65298.459984208086,0.05345376269741972,0,0,1,87
2025-12-21,ONEPLUS_13,OnePlus,Smartphones,70000,54000,64412.35013204764,64342.75469332509,0.0798235695421765,0,0,1,82
2025-12-22,ONEPLUS_13,OnePlus,Smartphones,70000,54000,66311.99128452514,67169.93188080515,0.05268583879249804,0,0,0,82
2025-12-23,ONEPLUS_13,OnePlus,Smartphones,70000,54000,64785.22916046996,65337.64251754048,0.07449672627900067,0,0,0,77
2025-12-24,ONEPLUS_13,OnePlus,Smartphones,70000,54000,62223.30502062154,62707.703951277275,0.1110956425625494,0,0,0,68
2025-12-25,ONEPLUS_13,OnePlus,Smartphones,70000,54000,64392.16492299254,64191.16564895737,0.08011192967153509,0,0,0,70
2025-12-26,ONEPLUS_13,OnePlus,Smartphones,70000,54000,66291.76496109426,68037.50619399537,0.05297478627008201,0,0,0,77
2025-12-27,ONEPLUS_13,OnePlus,Smartphones,70000,54000,62557.486360133866,63215.12464011713,0.10632162342665905,0,0,1,95
2025-12-28,ONEPLUS_13,OnePlus,Smartphones,70000,54000,66122.73333252674,64249.15876110752,0.05538952382104652,0,0,1,83
2025-12-29,ONEPLUS_13,OnePlus,Smartphones,70000,54000,67144.48706353089,66584.852248745,0.04079304194955872,0,0,0,65
2025-12-30,ONEPLUS_13,OnePlus,Smartphones,70000,54000,65193.02274740091,65410.52736309409,0.06867110360855844,0,0,0,91
2025-12-31,ONEPLUS_13,OnePlus,Smartphones,70000,54000,65994.44445491773,65403.523897624,0.05722222207260389,0,0,0,89
2026-01-01,ONEPLUS_13,OnePlus,Smartphones,70000,54000,64960.521642602485,65882.46009851666,0.07199254796282165,0,0,0,85
2026-01-02,ONEPLUS_13,OnePlus,Smartphones,70000,54000,63155.18509966907,61274.98283679195,0.09778307000472752,0,0,0,87
2026-01-03,ONEPLUS_13,OnePlus,Smartphones,70000,54000,65465.10067190427,63672.67016419358,0.06478427611565331,0,0,1,70
2026-01-04,ONEPLUS_13,OnePlus,Smartphones,70000,54000,67148.03327950633,65383.35070656936,0.040742381721338185,0,0,1,55
2026-01-05,ONEPLUS_13,OnePlus,Smartphones,70000,54000,65422.300145039866,65940.10009339257,0.06539571221371622,0,0,0,72
2026-01-06,ONEPLUS_13,OnePlus,Smartphones,70000,54000,63093.35367499485,63172.26756036304,0.09866637607150217,0,0,0,77
2026-01-07,ONEPLUS_13,OnePlus,Smartphones,70000,54000,67021.8882355918,68139.70659307593,0.042544453777259884,0,0,0,67
2026-01-08,ONEPLUS_13,OnePlus,Smartphones,70000,54000,62540.41822207363,61426.90749372382,0.10656545397037662,0,0,0,80
2026-01-09,ONEPLUS_13,OnePlus,Smartphones,70000,54000,67453.66407142095,66202.4220924665,0.03637622755112932,0,0,0,62
2026-01-10,ONEPLUS_13,OnePlus,Smartphones,70000,54000,64636.80207856445,67889.29401677658,0.07661711316336507,0,0,1,84
2026-01-11,ONEPLUS_13,OnePlus,Smartphones,70000,54000,60921.38100593602,61942.596178648586,0.12969455705805688,0,0,1,92
2026-01-12,ONEPLUS_13,OnePlus,Smartphones,70000,54000,67249.35700156943,70287.02311489159,0.039294899977579456,0,0,0,74
2026-01-13,ONEPLUS_13,OnePlus,Smartphones,70000,54000,60804.928828597185,60202.028851878276,0.13135815959146874,0,0,0,97
2026-01-14,ONEPLUS_13,OnePlus,Smartphones,70000,54000,64350.96617774605,66206.91928145968,0.08070048317505638,0,0,0,84
2026-01-15,ONEPLUS_13,OnePlus,Smartphones,70000,54000,61332.210359433026,61756.98353046094,0.12382556629381386,0,0,0,74
2026-01-16,ONEPLUS_13,OnePlus,Smartphones,70000,54000,62296.98558166829,63488.697387545784,0.11004306311902445,0,0,0,95
2026-01-17,ONEPLUS_13,OnePlus,Smartphones,70000,54000,69425.07839924195,70657.49299340168,0.008213165725115074,0,0,1,83
2026-01-18,ONEPLUS_13,OnePlus,Smartphones,70000,54000,68145.040556546,71479.35461754708,0.026499420620771652,0,0,1,96
2026-01-19,ONEPLUS_13,OnePlus,Smartphones,70000,54000,60293.998970357025,61742.2024429542,0.13865715756632818,0,0,0,93
2026-01-20,ONEPLUS_13,OnePlus,Smartphones,70000,54000,65584.52143073622,66193.65550511872,0.0630782652751968,0,0,0,77
2026-01-21,ONEPLUS_13,OnePlus,Smartphones,70000,54000,70000.0,71450.81924324321,0.0,0,0,0,51
2026-01-22,ONEPLUS_13,OnePlus,Smartphones,70000,54000,63861.59269434665,62211.4667375469,0.08769153293790502,0,0,0,80
2026-01-23,ONEPLUS_13,OnePlus,Smartphones,70000,54000,64757.31886078187,63841.98029422548,0.07489544484597337,0,0,0,88
2026-01-24,ONEPLUS_13,OnePlus,Smartphones,70000,54000,61862.005286891515,63802.056156719846,0.1162570673301212,0,0,1,84
2026-01-25,ONEPLUS_13,OnePlus,Smartphones,70000,54000,67952.89975923992,68290.89956902296,0.02924428915371543,0,0,1,92
2026-01-26,ONEPLUS_13,OnePlus,Smartphones,70000,54000,63641.99341597344,66843.68134121656,0.09082866548609371,0,0,0,78
2026-01-27,ONEPLUS_13,OnePlus,Smartphones,70000,54000,68798.06653171868,71869.16962527105,0.017170478118304605,0,0,0,70
2026-01-28,ONEPLUS_13,OnePlus,Smartphones,70000,54000,60702.361951422616,61889.27094086585,0.13282340069396253,0,0,0,95
2026-01-29,ONEPLUS_13,OnePlus,Smartphones,70000,54000,61105.52132558499,62711.57447326976,0.12706398106307154,0,0,0,97
2026-01-30,ONEPLUS_13,OnePlus,Smartphones,70000,54000,65380.14071301219,65943.87860671757,0.06599798981411159,0,0,0,76
2026-01-31,ONEPLUS_13,OnePlus,Smartphones,70000,54000,65298.253002738886,64914.127263777424,0.06716781424658734,0,0,1,66
2026-02-01,ONEPLUS_13,OnePlus,Smartphones,70000,54000,63169.52493513766,61239.18962363283,0.09757821521231909,0,0,1,103
2026-02-02,ONEPLUS_13,OnePlus,Smartphones,70000,54000,65161.04163760036,65531.81985671918,0.06912797660570918,0,0,0,88
2026-02-03,ONEPLUS_13,OnePlus,Smartphones,70000,54000,68283.85272628815,69575.23200643966,0.024516389624454987,0,0,0,82
2026-02-04,ONEPLUS_13,OnePlus,Smartphones,70000,54000,61855.11870436665,62785.31083361334,0.1163554470804764,0,0,0,90
2026-02-05,ONEPLUS_13,OnePlus,Smartphones,70000,54000,62715.500736998394,60869.73708418688,0.1040642751857373,0,0,0,90
2026-02-06,ONEPLUS_13,OnePlus,Smartphones,70000,54000,70000.0,70454.68862280564,0.0,0,0,0,73
2026-02-07,ONEPLUS_13,OnePlus,Smartphones,70000,54000,65392.277125054214,66257.77935021213,0.06582461249922558,0,0,1,88
2026-02-08,ONEPLUS_13,OnePlus,Smartphones,70000,54000,66074.28353947432,68566.39807429697,0.05608166372179546,0,0,1,85
2026-02-09,ONEPLUS_13,OnePlus,Smartphones,70000,54000,67796.89908069355,67586.9945077043,0.03147287027580648,0,0,0,94
2026-02-10,ONEPLUS_13,OnePlus,Smartphones,70000,54000,66869.63239676815,66252.48868320967,0.04471953718902627,0,0,0,88
2026-02-11,ONEPLUS_13,OnePlus,Smartphones,70000,54000,65922.90541066819,64384.89592128734,0.058244208419026056,0,0,0,80
2026-02-12,ONEPLUS_13,OnePlus,Smartphones,70000,54000,65054.15921632922,67118.05328255134,0.07065486833815389,0,0,0,96
2026-02-13,ONEPLUS_13,OnePlus,Smartphones,70000,54000,64009.48666544826,64795.63821581993,0.08557876192216778,0,0,0,98
2026-02-14,ONEPLUS_13,OnePlus,Smartphones,70000,54000,64678.27557716543,62984.70511416281,0.0760246346119224,0,0,1,87
2026-02-15,ONEPLUS_13,OnePlus,Smartphones,70000,54000,67732.05776196095,68048.94239272909,0.032399174829129185,0,0,1,83
2026-02-16,ONEPLUS_13,OnePlus,Smartphones,70000,54000,62714.97857102367,64902.63835869311,0.10407173469966191,0,0,0,82
2026-02-17,ONEPLUS_13,OnePlus,Smartphones,70000,54000,64278.50002222911,65576.73136200593,0.0817357139681555,0,0,0,85
2026-02-18,ONEPLUS_13,OnePlus,Smartphones,70000,54000,67970.38325458039,72117.16559462254,0.02899452493456589,0,0,0,73
2026-02-19,ONEPLUS_13,OnePlus,Smartphones,70000,54000,66285.78239313274,65904.68880591955,0.05306025152667506,0,0,0,82
2026-02-20,ONEPLUS_13,OnePlus,Smartphones,70000,54000,68195.5459906122,71442.01695172711,0.025777914419825652,0,0,0,76
2026-02-21,ONEPLUS_13,OnePlus,Smartphones,70000,54000,63648.592492026895,64261.29917641615,0.09073439297104433,0,0,1,91
2026-02-22,ONEPLUS_13,OnePlus,Smartphones,70000,54000,64042.27400604947,63997.21173106366,0.08511037134215045,0,0,1,94
2026-02-23,ONEPLUS_13,OnePlus,Smartphones,70000,54000,67294.83811880091,68338.12545091925,0.03864516973141557,0,0,0,78
2026-02-24,ONEPLUS_13,OnePlus,Smartphones,70000,54000,63366.17638748803,62693.33218091537,0.09476890875017102,0,0,0,81
2026-02-25,ONEPLUS_13,OnePlus,Smartphones,70000,54000,61557.7978446234,64269.050898472306,0.12060288793395146,0,0,0,91
2026-02-26,ONEPLUS_13,OnePlus,Smartphones,70000,54000,63950.537145143026,65580.23551968232,0.08642089792652814,0,0,0,91
2026-02-27,ONEPLUS_13,OnePlus,Smartphones,70000,54000,61220.04652583893,62821.078143261184,0.12542790677372964,0,0,0,99
2026-02-28,ONEPLUS_13,OnePlus,Smartphones,70000,54000,64776.83150580854,65940.91496290278,0.07461669277416376,0,0,1,96
2026-03-01,ONEPLUS_13,OnePlus,Smartphones,70000,54000,70000.0,70547.490313413,0.0,0,0,1,77
2026-03-02,ONEPLUS_13,OnePlus,Smartphones,70000,54000,63420.539201838714,62975.380216043064,0.0939922971165898,0,0,0,99
2026-03-03,ONEPLUS_13,OnePlus,Smartphones,70000,54000,63914.76053158138,61303.27393360103,0.08693199240598026,0,0,0,75
2026-03-04,ONEPLUS_13,OnePlus,Smartphones,70000,54000,66792.24257234241,69088.78652291994,0.045825106109394054,0,0,0,87
2026-03-05,ONEPLUS_13,OnePlus,Smartphones,70000,54000,60277.51339466742,60364.54639319702,0.1388926657904654,0,0,0,93
2026-03-06,ONEPLUS_13,OnePlus,Smartphones,70000,54000,66758.53790930212,66368.60151316423,0.046306601295684105,0,0,0,83
2026-03-07,ONEPLUS_13,OnePlus,Smartphones,70000,54000,60492.83312684253,59561.98840723092,0.13581666961653524,0,0,1,106
2026-03-08,ONEPLUS_13,OnePlus,Smartphones,70000,54000,66752.86497774818,64491.441404635276,0.046387643175026014,0,0,1,74
2026-03-09,ONEPLUS_13,OnePlus,Smartphones,70000,54000,65351.6075404225,66368.99493372788,0.06640560656539288,0,0,0,82
2026-03-10,ONEPLUS_13,OnePlus,Smartphones,70000,54000,63982.41465313266,65784.91208089869,0.0859655049552477,0,0,0,77
2026-03-11,ONEPLUS_13,OnePlus,Smartphones,70000,54000,64163.876048370614,65683.82173767617,0.08337319930899126,0,0,0,91
2026-03-12,ONEPLUS_13,OnePlus,Smartphones,70000,54000,60892.60718222542,60401.23389970142,0.1301056116824939,0,0,0,110
2026-03-13,ONEPLUS_13,OnePlus,Smartphones,70000,54000,65736.75468300545,67185.61551048393,0.060903504528493656,0,0,0,75
2026-03-14,ONEPLUS_13,OnePlus,Smartphones,70000,54000,63275.054775852535,62167.516032341344,0.09607064605924953,0,0,1,89
2026-03-15,ONEPLUS_13,OnePlus,Smartphones,70000,54000,64795.1493124698,67666.02623297262,0.07435500982185993,0,0,1,82
2026-03-16,ONEPLUS_13,OnePlus,Smartphones,70000,54000,66886.54559845776,66553.27872197825,0.04447792002203207,0,0,0,91
2026-03-17,ONEPLUS_13,OnePlus,Smartphones,70000,54000,66465.60064642403,65190.77466434922,0.05049141933679958,0,0,0,83
2026-03-18,ONEPLUS_13,OnePlus,Smartphones,70000,54000,59955.08057213433,58800.370304739416,0.14349884896950962,0,0,0,92
2026-03-19,ONEPLUS_13,OnePlus,Smartphones,70000,54000,61486.632035439005,64800.917662351785,0.12161954235087133,0,0,0,86
2026-03-20,ONEPLUS_13,OnePlus,Smartphones,70000,54000,67264.00323002062,64890.1895491157,0.03908566814256251,0,0,0,85
2026-03-21,ONEPLUS_13,OnePlus,Smartphones,70000,54000,64374.304442449,62764.855842873585,0.08036707939358564,0,0,1,92
2026-03-22,ONEPLUS_13,OnePlus,Smartphones,70000,54000,63092.615259199636,61429.23933399198,0.09867692486857665,0,0,1,112
2026-03-23,ONEPLUS_13,OnePlus,Smartphones,70000,54000,63598.6657157694,64480.53839804551,0.09144763263186577,0,0,0,79
2026-03-24,ONEPLUS_13,OnePlus,Smartphones,70000,54000,63916.43711667283,64737.376133407204,0.0869080411903881,0,0,0,83
2026-03-25,ONEPLUS_13,OnePlus,Smartphones,70000,54000,69824.95705541715,71950.31442700306,0.002500613494040696,0,0,0,85
2026-03-26,ONEPLUS_13,OnePlus,Smartphones,70000,54000,63648.36459196944,60890.609495702665,0.09073764868615082,0,0,0,84
2026-03-27,ONEPLUS_13,OnePlus,Smartphones,70000,54000,66915.44070487391,67869.68068120135,0.044065132787515685,0,0,0,67
2026-03-28,ONEPLUS_13,OnePlus,Smartphones,70000,54000,63496.152852874795,64149.61034670803,0.09291210210178864,0,0,1,76
2026-03-29,ONEPLUS_13,OnePlus,Smartphones,70000,54000,61994.073084002106,61946.38165006601,0.11437038451425566,0,0,1,95
2026-03-30,ONEPLUS_13,OnePlus,Smartphones,70000,54000,65253.742168836856,67527.83963220836,0.06780368330233069,0,0,0,90
2026-03-31,ONEPLUS_13,OnePlus,Smartphones,70000,54000,65997.2827773573,66492.21643282674,0.0571816746091815,0,0,0,87
2026-04-01,ONEPLUS_13,OnePlus,Smartphones,70000,54000,68389.22241690218,66047.72891299883,0.023011108329968895,0,0,0,66
2026-04-02,ONEPLUS_13,OnePlus,Smartphones,70000,54000,64557.56060279215,63245.84681531388,0.07774913424582638,0,0,0,88
2026-04-03,ONEPLUS_13,OnePlus,Smartphones,70000,54000,63994.807315891536,63504.05804577489,0.08578846691583521,0,0,0,89
2026-04-04,ONEPLUS_13,OnePlus,Smartphones,70000,54000,65082.53257320395,66307.7751085507,0.07024953466851498,0,0,1,88
2026-04-05,ONEPLUS_13,OnePlus,Smartphones,70000,54000,66438.57264594536,65300.86526103614,0.050877533629352115,0,0,1,94
2026-04-06,ONEPLUS_13,OnePlus,Smartphones,70000,54000,65673.20247159891,62096.81578685603,0.061811393262872764,0,0,0,84
2026-04-07,ONEPLUS_13,OnePlus,Smartphones,70000,54000,61100.651146567194,62281.60819352358,0.12713355504904011,0,0,0,92
2026-04-08,ONEPLUS_13,OnePlus,Smartphones,70000,54000,66162.70734162795,65790.36443173338,0.05481846654817219,0,0,0,84
2026-04-09,ONEPLUS_13,OnePlus,Smartphones,70000,54000,61622.46317965865,60197.70090659948,0.11967909743344782,0,0,0,99
2026-04-10,ONEPLUS_13,OnePlus,Smartphones,70000,54000,69344.67357300644,72331.03287033808,0.009361806099908124,0,0,0,85
2026-04-11,ONEPLUS_13,OnePlus,Smartphones,70000,54000,67305.33820663524,69378.4974565941,0.03849516847663955,0,0,1,81
2026-04-12,ONEPLUS_13,OnePlus,Smartphones,70000,54000,59540.734681414695,60480.7764235244,0.14941807597979012,0,0,1,98
2026-04-13,ONEPLUS_13,OnePlus,Smartphones,70000,54000,59211.561492629015,57990.97889337122,0.1541205501052998,0,0,0,91
2026-04-14,ONEPLUS_13,OnePlus,Smartphones,70000,54000,65916.52256697683,67875.48588598584,0.0583353919003311,0,0,0,79
2026-04-15,ONEPLUS_13,OnePlus,Smartphones,70000,54000,61728.343185810365,63958.24948331996,0.11816652591699478,0,0,0,98
2026-04-16,ONEPLUS_13,OnePlus,Smartphones,70000,54000,67969.30118920769,67587.36030476048,0.029009983011318664,0,0,0,71
2026-04-17,ONEPLUS_13,OnePlus,Smartphones,70000,54000,63753.643240085614,64775.416630530075,0.08923366799877694,0,0,0,103
2026-04-18,ONEPLUS_13,OnePlus,Smartphones,70000,54000,64959.48394201122,65985.0984899695,0.07200737225698263,0,0,1,98
2026-04-19,ONEPLUS_13,OnePlus,Smartphones,70000,54000,62474.25763750519,61304.14665036382,0.10751060517849731,0,0,1,87
2026-04-20,ONEPLUS_13,OnePlus,Smartphones,70000,54000,67539.46670045616,68093.7861577826,0.03515047570776907,0,0,0,88
2026-04-21,ONEPLUS_13,OnePlus,Smartphones,70000,54000,62404.38812374645,60060.12635216665,0.10850874108933635,0,0,0,85
2026-04-22,ONEPLUS_13,OnePlus,Smartphones,70000,54000,65533.44172765258,66934.50685085895,0.06380797531924882,0,0,0,69
2026-04-23,ONEPLUS_13,OnePlus,Smartphones,70000,54000,61214.56750930781,58299.442309620696,0.12550617843845988,0,0,0,90
2026-04-24,ONEPLUS_13,OnePlus,Smartphones,70000,54000,64591.36707477633,64385.70277231263,0.07726618464605237,0,0,0,83
2026-04-25,ONEPLUS_13,OnePlus,Smartphones,70000,54000,64371.24589418126,65863.75543194746,0.08041077294026776,0,0,1,65
2026-04-26,ONEPLUS_13,OnePlus,Smartphones,70000,54000,68346.95678131866,67458.6203366644,0.023614903124019135,0,0,1,72
2026-04-27,ONEPLUS_13,OnePlus,Smartphones,70000,54000,66398.19983948692,66481.42556239868,0.05145428800732975,0,0,0,78
2026-04-28,ONEPLUS_13,OnePlus,Smartphones,70000,54000,61757.85582354128,60834.94984956938,0.11774491680655313,0,0,0,95
2026-04-29,ONEPLUS_13,OnePlus,Smartphones,70000,54000,66011.9974127805,64508.719386427554,0.05697146553170711,0,0,0,86
2026-04-30,ONEPLUS_13,OnePlus,Smartphones,70000,54000,65236.196060917144,65474.78157104245,0.06805434198689793,0,0,0,98
2026-05-01,ONEPLUS_13,OnePlus,Smartphones,70000,54000,64839.84809324101,69287.94884772079,0.07371645581084278,0,0,0,98
2026-05-02,ONEPLUS_13,OnePlus,Smartphones,70000,54000,62427.1623481342,62994.55140214297,0.10818339502665425,0,0,1,104
2026-05-03,ONEPLUS_13,OnePlus,Smartphones,70000,54000,63150.258108542184,62877.786771414096,0.09785345559225456,0,0,1,107
2026-05-04,ONEPLUS_13,OnePlus,Smartphones,70000,54000,59328.62803927928,61189.128310051645,0.15244817086743878,0,0,0,95
2026-05-05,ONEPLUS_13,OnePlus,Smartphones,70000,54000,62680.38848245473,65404.66543700974,0.1045658788220753,0,0,0,84
2026-05-06,ONEPLUS_13,OnePlus,Smartphones,70000,54000,60142.13333350364,59277.44153188655,0.14082666666423377,0,0,0,99
2026-05-07,ONEPLUS_13,OnePlus,Smartphones,70000,54000,61467.93009879793,62746.64782357266,0.12188671287431535,0,0,0,100
2026-05-08,ONEPLUS_13,OnePlus,Smartphones,70000,54000,63815.51299095191,67910.808552608,0.08834981441497267,0,0,0,87
2026-05-09,ONEPLUS_13,OnePlus,Smartphones,70000,54000,65313.993735776596,64195.260474320974,0.06694294663176295,0,0,1,112
2026-05-10,ONEPLUS_13,OnePlus,Smartphones,70000,54000,63115.63605911753,67171.5291649583,0.09834805629832105,0,0,1,106
2026-05-11,ONEPLUS_13,OnePlus,Smartphones,70000,54000,64238.0690965675,67575.32607777708,0.08231329862046416,0,0,0,87
2026-05-12,ONEPLUS_13,OnePlus,Smartphones,70000,54000,66832.01458785638,66583.39110153163,0.04525693445919465,0,0,0,95
2026-05-13,ONEPLUS_13,OnePlus,Smartphones,70000,54000,62688.85842075828,64036.978687070645,0.10444487970345302,0,0,0,67
2026-05-14,ONEPLUS_13,OnePlus,Smartphones,70000,54000,63417.21125990264,66992.33650084665,0.09403983914424803,0,0,0,92
2026-05-15,ONEPLUS_13,OnePlus,Smartphones,70000,54000,61877.561036634266,61922.32321958031,0.1160348423337963,0,0,0,80
2026-05-16,ONEPLUS_13,OnePlus,Smartphones,70000,54000,64706.95222578512,64671.35386310912,0.07561496820306968,0,0,1,89
2026-05-17,ONEPLUS_13,OnePlus,Smartphones,70000,54000,66366.66820475104,70253.39426403791,0.05190473993212792,0,0,1,93
2026-05-18,ONEPLUS_13,OnePlus,Smartphones,70000,54000,63294.259079378644,62128.5479511044,0.09579629886601941,0,0,0,91
2026-05-19,ONEPLUS_13,OnePlus,Smartphones,70000,54000,60581.959170892085,60159.06387088798,0.13454344041582736,0,0,0,84
2026-05-20,ONEPLUS_13,OnePlus,Smartphones,70000,54000,64128.45087220406,62482.81235930836,0.08387927325422778,0,0,0,82
2026-05-21,ONEPLUS_13,OnePlus,Smartphones,70000,54000,68936.38774401194,71036.44641404883,0.01519446079982946,0,0,0,68
2026-05-22,ONEPLUS_13,OnePlus,Smartphones,70000,54000,61286.42822836491,62401.268526999265,0.1244795967376442,0,0,0,89
2026-05-23,ONEPLUS_13,OnePlus,Smartphones,70000,54000,57834.90969994499,57539.208683498415,0.17378700428650012,0,0,1,106
2026-05-24,ONEPLUS_13,OnePlus,Smartphones,70000,54000,68453.55046753622,69964.40374684295,0.02209213617805389,0,0,1,73
2026-05-25,ONEPLUS_13,OnePlus,Smartphones,70000,54000,66659.43722898005,67284.87332654666,0.04772232530028498,0,0,0,78
2026-05-26,ONEPLUS_13,OnePlus,Smartphones,70000,54000,61819.85244131669,61673.80617138556,0.1168592508383331,0,0,0,94
2026-05-27,ONEPLUS_13,OnePlus,Smartphones,70000,54000,64457.86404957522,67062.22889761039,0.07917337072035403,0,0,0,104
2026-05-28,ONEPLUS_13,OnePlus,Smartphones,70000,54000,65413.15158408286,64673.046600320966,0.06552640594167344,0,0,0,55
2026-05-29,ONEPLUS_13,OnePlus,Smartphones,70000,54000,62905.72264949612,63307.5520739879,0.10134681929291255,0,0,0,99
2026-05-30,ONEPLUS_13,OnePlus,Smartphones,70000,54000,64678.99768895257,65350.09714672643,0.07601431872924906,0,0,1,82
2026-05-31,ONEPLUS_13,OnePlus,Smartphones,70000,54000,65869.14130305478,67237.1444554933,0.05901226709921738,0,0,1,100
2026-06-01,ONEPLUS_13,OnePlus,Smartphones,70000,54000,65818.86565066685,65723.72946682223,0.05973049070475933,0,0,0,85
2026-06-02,ONEPLUS_13,OnePlus,Smartphones,70000,54000,66620.2344091721,69462.51020978208,0.04828236558325569,0,0,0,82
2026-06-03,ONEPLUS_13,OnePlus,Smartphones,70000,54000,67499.76948819558,71357.02443723404,0.035717578740063115,0,0,0,82
2026-06-04,ONEPLUS_13,OnePlus,Smartphones,70000,54000,64600.004182027544,64653.9410352297,0.07714279739960646,0,0,0,100
2026-06-05,ONEPLUS_13,OnePlus,Smartphones,70000,54000,66615.78123071064,65923.33062725453,0.048345982418419566,0,0,0,74
2026-06-06,ONEPLUS_13,OnePlus,Smartphones,70000,54000,65831.3612783206,71493.98892644247,0.05955198173827701,0,0,1,94
2026-06-07,ONEPLUS_13,OnePlus,Smartphones,70000,54000,65835.57938334884,67331.76722818235,0.059491723095016574,0,0,1,96
2026-06-08,ONEPLUS_13,OnePlus,Smartphones,70000,54000,64890.6218756913,68766.02712064351,0.07299111606155285,0,0,0,87
2026-06-09,ONEPLUS_13,OnePlus,Smartphones,70000,54000,63799.07151606686,62647.54912314254,0.08858469262761627,0,0,0,91
2026-06-10,ONEPLUS_13,OnePlus,Smartphones,70000,54000,65458.69655566708,70107.77605048062,0.0648757634904703,0,0,0,88
2026-06-11,ONEPLUS_13,OnePlus,Smartphones,70000,54000,62301.67345778547,62903.0993379305,0.10997609346020754,0,0,0,80
2026-06-12,ONEPLUS_13,OnePlus,Smartphones,70000,54000,65669.01988308044,63394.01308815708,0.06187114452742216,0,0,0,75
2026-06-13,ONEPLUS_13,OnePlus,Smartphones,70000,54000,61102.60624221459,62658.37390557962,0.1271056251112201,0,0,1,103
2026-06-14,ONEPLUS_13,OnePlus,Smartphones,70000,54000,63990.929322831296,66967.59591347275,0.08584386681669572,0,0,1,92
2026-06-15,ONEPLUS_13,OnePlus,Smartphones,70000,54000,62569.7058718309,61128.71110473957,0.10614705897384431,0,0,0,86
2026-06-16,ONEPLUS_13,OnePlus,Smartphones,70000,54000,64052.125846089795,66705.28985100138,0.08496963077014574,0,0,0,83
2026-06-17,ONEPLUS_13,OnePlus,Smartphones,70000,54000,64081.182876659805,62312.304278292984,0.08455453033343147,0,0,0,93
2026-06-18,ONEPLUS_13,OnePlus,Smartphones,70000,54000,65763.34115573244,67271.31136465207,0.06052369777525084,0,0,0,88
2026-06-19,ONEPLUS_13,OnePlus,Smartphones,70000,54000,64695.22759264715,63098.40945050812,0.07578246296218363,0,0,0,86
2026-06-20,ONEPLUS_13,OnePlus,Smartphones,70000,54000,62199.30079650224,62566.84630661474,0.11143856004996804,0,0,1,93
2026-06-21,ONEPLUS_13,OnePlus,Smartphones,70000,54000,64117.87682962083,62656.41130626036,0.08403033100541665,0,0,1,98
2026-06-22,ONEPLUS_13,OnePlus,Smartphones,70000,54000,68331.77056170025,69304.4785685007,0.023831849118567804,0,0,0,82
2026-06-23,ONEPLUS_13,OnePlus,Smartphones,70000,54000,61190.02260266696,63124.521902423956,0.1258568199619005,0,0,0,88
2026-06-24,ONEPLUS_13,OnePlus,Smartphones,70000,54000,62671.4922041524,63699.217527012974,0.10469296851210863,0,0,0,82
2026-06-25,ONEPLUS_13,OnePlus,Smartphones,70000,54000,67258.71578535846,64543.130944764394,0.03916120306630768,0,0,0,60
2026-06-26,ONEPLUS_13,OnePlus,Smartphones,70000,54000,57968.00132834117,58303.09704138649,0.17188569530941192,0,0,0,89
2026-06-27,ONEPLUS_13,OnePlus,Smartphones,70000,54000,65698.71948571193,66514.85833997754,0.061446864489829556,0,0,1,80
2026-06-28,ONEPLUS_13,OnePlus,Smartphones,70000,54000,64933.97972029667,65203.60510791729,0.07237171828147615,0,0,1,87
2026-06-29,ONEPLUS_13,OnePlus,Smartphones,70000,54000,63225.19912079381,64710.4456261131,0.09678286970294561,0,0,0,81
2026-06-30,ONEPLUS_13,OnePlus,Smartphones,70000,54000,65185.82861012317,66109.53797285377,0.06877387699824039,0,0,0,84
2026-07-01,ONEPLUS_13,OnePlus,Smartphones,70000,54000,64988.976265436606,66886.40041929974,0.0715860533509056,0,0,0,81
2026-07-02,ONEPLUS_13,OnePlus,Smartphones,70000,54000,65560.13228480778,65918.01662426624,0.06342668164560308,0,0,0,79
2026-07-03,ONEPLUS_13,OnePlus,Smartphones,70000,54000,64068.55785404682,62391.21453214245,0.08473488779933112,0,0,0,72
2026-07-04,ONEPLUS_13,OnePlus,Smartphones,70000,54000,66431.40153933634,67131.69714633956,0.05097997800948082,0,0,1,85
2026-07-05,ONEPLUS_13,OnePlus,Smartphones,70000,54000,64102.31762594361,63211.68906676488,0.0842526053436627,0,0,1,89
2026-07-06,ONEPLUS_13,OnePlus,Smartphones,70000,54000,61498.46639366602,62508.146943122396,0.1214504800904854,0,0,0,91
2026-07-07,ONEPLUS_13,OnePlus,Smartphones,70000,54000,60216.505221161686,62198.69177569654,0.13976421112626164,0,0,0,101
2026-07-08,ONEPLUS_13,OnePlus,Smartphones,70000,54000,63058.56000043273,64833.01239084647,0.09916342856524671,0,0,0,85
2026-07-09,ONEPLUS_13,OnePlus,Smartphones,70000,54000,63011.437066261744,65324.96848607563,0.09983661333911803,0,0,0,77
2026-07-10,ONEPLUS_13,OnePlus,Smartphones,70000,54000,64015.108305922615,64765.17446565202,0.08549845277253405,0,0,0,84
2026-07-11,ONEPLUS_13,OnePlus,Smartphones,70000,54000,65732.57963110748,67747.04108699388,0.06096314812703599,0,0,1,81
2026-07-12,ONEPLUS_13,OnePlus,Smartphones,70000,54000,65588.14108495016,63560.97268733318,0.06302655592928348,0,0,1,79
2026-07-13,ONEPLUS_13,OnePlus,Smartphones,70000,54000,65841.43314040384,67994.41468471705,0.059408097994230996,0,0,0,68
2026-07-14,ONEPLUS_13,OnePlus,Smartphones,70000,54000,62727.90143731144,63809.61975706794,0.10388712232412228,0,0,0,82
2026-07-15,ONEPLUS_13,OnePlus,Smartphones,70000,54000,64746.0424616179,64007.12508413125,0.07505653626260139,0,0,0,70
2026-07-16,ONEPLUS_13,OnePlus,Smartphones,70000,54000,61040.80790591579,61678.638438240094,0.12798845848691728,0,0,0,91
2026-07-17,ONEPLUS_13,OnePlus,Smartphones,70000,54000,70000.0,72938.02908822567,0.0,0,0,0,63
2026-07-18,ONEPLUS_13,OnePlus,Smartphones,70000,54000,63202.32756995818,67602.15412813655,0.09710960614345458,0,0,1,92
2026-07-19,ONEPLUS_13,OnePlus,Smartphones,70000,54000,64870.40311214048,64545.719893299894,0.0732799555408503,0,0,1,77
2026-07-20,ONEPLUS_13,OnePlus,Smartphones,70000,54000,69429.31696126779,68865.34376015609,0.00815261483903161,0,0,0,66
2026-07-21,ONEPLUS_13,OnePlus,Smartphones,70000,54000,64077.212231119134,65298.60538423724,0.08461125384115521,0,0,0,96
2026-07-22,ONEPLUS_13,OnePlus,Smartphones,70000,54000,64436.56716248525,64144.277922002904,0.0794776119644964,0,0,0,76
2026-07-23,ONEPLUS_13,OnePlus,Smartphones,70000,54000,66782.50406233316,68228.45671571234,0.04596422768095482,0,0,0,79
2026-07-24,ONEPLUS_13,OnePlus,Smartphones,70000,54000,62545.465796486846,62962.134721459355,0.10649334576447371,0,0,0,70
2026-07-25,ONEPLUS_13,OnePlus,Smartphones,70000,54000,68093.37234567429,70462.77265265894,0.02723753791893873,0,0,1,67
2026-07-26,ONEPLUS_13,OnePlus,Smartphones,70000,54000,64828.04204292844,63456.37743949148,0.0738851136724509,0,0,1,75
2026-07-27,ONEPLUS_13,OnePlus,Smartphones,70000,54000,64294.590011712935,66653.34610771191,0.08150585697552944,0,0,0,83
2026-07-28,ONEPLUS_13,OnePlus,Smartphones,70000,54000,65252.574396509175,62230.509871623006,0.0678203657641546,0,0,0,66
2026-07-29,ONEPLUS_13,OnePlus,Smartphones,70000,54000,64951.05456579203,64581.70849990798,0.07212779191725674,0,0,0,97
2026-07-30,ONEPLUS_13,OnePlus,Smartphones,70000,54000,63867.27425222168,64611.553313258126,0.08761036782540449,0,0,0,67
2026-07-31,ONEPLUS_13,OnePlus,Smartphones,70000,54000,61018.69794051577,62482.16338959142,0.128304315135489,0,0,0,88
2025-01-01,MACBOOK_AIR_M2,Apple,Laptops,100000,82000,90159.19536781321,93153.35672897895,0.098408046321868,0,0,0,28
2025-01-02,MACBOOK_AIR_M2,Apple,Laptops,100000,82000,92639.51461635015,97451.40575902694,0.07360485383649853,0,0,0,24
2025-01-03,MACBOOK_AIR_M2,Apple,Laptops,100000,82000,90695.22044514777,91982.37003714214,0.09304779554852222,0,0,0,22
2025-01-04,MACBOOK_AIR_M2,Apple,Laptops,100000,82000,90739.94237166621,91129.78078822208,0.09260057628333788,0,0,1,22
2025-01-05,MACBOOK_AIR_M2,Apple,Laptops,100000,82000,94047.7210998881,97748.12748455642,0.059522789001119014,0,0,1,26
2025-01-06,MACBOOK_AIR_M2,Apple,Laptops,100000,82000,95680.41645419056,94298.42191169194,0.04319583545809436,0,0,0,17
2025-01-07,MACBOOK_AIR_M2,Apple,Laptops,100000,82000,95097.6002129198,96298.38803259778,0.04902399787080204,0,0,0,25
2025-01-08,MACBOOK_AIR_M2,Apple,Laptops,100000,82000,84810.66545976726,86632.98175219813,0.15189334540232752,0,0,0,34
2025-01-09,MACBOOK_AIR_M2,Apple,Laptops,100000,82000,90014.34333054679,93152.2757894235,0.09985656669453204,0,0,0,36
2025-01-10,MACBOOK_AIR_M2,Apple,Laptops,100000,82000,99134.56283708761,97507.99234705912,0.008654371629123941,0,0,0,35
2025-01-11,MACBOOK_AIR_M2,Apple,Laptops,100000,82000,95191.23800684026,96760.51314021027,0.04808761993159753,0,0,1,26
2025-01-12,MACBOOK_AIR_M2,Apple,Laptops,100000,82000,88413.29169767245,91306.47851583327,0.11586708302327539,0,0,1,28
2025-01-13,MACBOOK_AIR_M2,Apple,Laptops,100000,82000,93439.10688443661,94311.01919092947,0.06560893115563393,0,0,0,33
2025-01-14,MACBOOK_AIR_M2,Apple,Laptops,100000,82000,90784.13555402005,92613.62905109298,0.09215864445979943,0,0,0,31
2025-01-15,MACBOOK_AIR_M2,Apple,Laptops,100000,82000,100000.0,103085.13862962343,0.0,0,0,0,23
2025-01-16,MACBOOK_AIR_M2,Apple,Laptops,100000,82000,87544.81423963401,88282.16579322125,0.12455185760365983,0,0,0,22
2025-01-17,MACBOOK_AIR_M2,Apple,Laptops,100000,82000,91781.48903835395,93478.36537072113,0.0821851096164605,0,0,0,29
2025-01-18,MACBOOK_AIR_M2,Apple,Laptops,100000,82000,89546.04079750479,88398.05051054644,0.10453959202495214,0,0,1,22
2025-01-19,MACBOOK_AIR_M2,Apple,Laptops,100000,82000,89122.61203451015,90326.80774940722,0.10877387965489846,0,0,1,32
2025-01-20,MACBOOK_AIR_M2,Apple,Laptops,100000,82000,94972.96114400707,96281.727063283,0.05027038855992931,0,0,0,23
2025-01-21,MACBOOK_AIR_M2,Apple,Laptops,100000,82000,95006.7706072784,96022.12609528238,0.04993229392721602,0,0,0,27
2025-01-22,MACBOOK_AIR_M2,Apple,Laptops,100000,82000,93368.10893510337,94776.27793324465,0.06631891064896639,0,0,0,23
2025-01-23,MACBOOK_AIR_M2,Apple,Laptops,100000,82000,91087.70345853179,94998.87467854632,0.08912296541468209,0,0,0,27
2025-01-24,MACBOOK_AIR_M2,Apple,Laptops,100000,82000,97437.09646782142,100859.15830179656,0.02562903532178571,0,0,0,28
2025-01-25,MACBOOK_AIR_M2,Apple,Laptops,100000,82000,93232.17379611301,91842.57331209353,0.06767826203886979,0,0,1,30
2025-01-26,MACBOOK_AIR_M2,Apple,Laptops,100000,82000,86959.6145797579,88595.37474565385,0.1304038542024211,0,0,1,39
2025-01-27,MACBOOK_AIR_M2,Apple,Laptops,100000,82000,90019.91523441118,91000.77964587638,0.0998008476558883,0,0,0,21
2025-01-28,MACBOOK_AIR_M2,Apple,Laptops,100000,82000,94890.25493839078,97640.74902489946,0.05109745061609226,0,0,0,25
2025-01-29,MACBOOK_AIR_M2,Apple,Laptops,100000,82000,91020.62441419503,92534.49842813774,0.0897937558580497,0,0,0,32
2025-01-30,MACBOOK_AIR_M2,Apple,Laptops,100000,82000,91575.86246834762,92027.66740990702,0.08424137531652374,0,0,0,33
2025-01-31,MACBOOK_AIR_M2,Apple,Laptops,100000,82000,89487.53819851307,93404.84154911693,0.10512461801486933,0,0,0,29
2025-02-01,MACBOOK_AIR_M2,Apple,Laptops,100000,82000,95930.15404626892,100889.2584025109,0.040698459537310855,0,0,1,21
2025-02-02,MACBOOK_AIR_M2,Apple,Laptops,100000,82000,98078.54386217553,99889.2530334353,0.01921456137824462,0,0,1,25
2025-02-03,MACBOOK_AIR_M2,Apple,Laptops,100000,82000,90413.54085253389,90191.59387169068,0.09586459147466116,0,0,0,30
2025-02-04,MACBOOK_AIR_M2,Apple,Laptops,100000,82000,93523.17666269228,92413.1121452876,0.06476823337307724,0,0,0,27
2025-02-05,MACBOOK_AIR_M2,Apple,Laptops,100000,82000,94537.19953817924,97153.41020449539,0.05462800461820762,0,0,0,31
2025-02-06,MACBOOK_AIR_M2,Apple,Laptops,100000,82000,85765.10099189701,87837.63145196352,0.14234899008103002,0,0,0,37
2025-02-07,MACBOOK_AIR_M2,Apple,Laptops,100000,82000,86016.02189963569,89477.93875266305,0.13983978100364317,0,0,0,39
2025-02-08,MACBOOK_AIR_M2,Apple,Laptops,100000,82000,95100.77223912788,97897.43296062807,0.04899227760872113,0,0,1,29
2025-02-09,MACBOOK_AIR_M2,Apple,Laptops,100000,82000,100000.0,102003.57414841866,0.0,0,0,1,34
2025-02-10,MACBOOK_AIR_M2,Apple,Laptops,100000,82000,90634.32586288109,94087.71096204776,0.0936567413711891,0,0,0,34
2025-02-11,MACBOOK_AIR_M2,Apple,Laptops,100000,82000,84629.50279472837,87092.55624716818,0.15370497205271644,0,0,0,34
2025-02-12,MACBOOK_AIR_M2,Apple,Laptops,100000,82000,93836.34073197878,96560.39181048362,0.06163659268021225,0,0,0,28
2025-02-13,MACBOOK_AIR_M2,Apple,Laptops,100000,82000,98198.69880818014,97453.23227975146,0.018013011918198617,0,0,0,32
2025-02-14,MACBOOK_AIR_M2,Apple,Laptops,100000,82000,91821.80206562584,93131.1832449958,0.08178197934374154,0,0,0,29
2025-02-15,MACBOOK_AIR_M2,Apple,Laptops,100000,82000,94384.73062252323,93773.44864491401,0.05615269377476765,0,0,1,26
2025-02-16,MACBOOK_AIR_M2,Apple,Laptops,100000,82000,94116.38297544593,90146.8615945636,0.05883617024554062,0,0,1,25
2025-02-17,MACBOOK_AIR_M2,Apple,Laptops,100000,82000,91722.78974958626,90459.06056206966,0.08277210250413752,0,0,0,22
2025-02-18,MACBOOK_AIR_M2,Apple,Laptops,100000,82000,86147.85379435187,88080.18887939551,0.13852146205648125,0,0,0,31
2025-02-19,MACBOOK_AIR_M2,Apple,Laptops,100000,82000,91806.77196852684,90590.68122412494,0.08193228031473167,0,0,0,31
2025-02-20,MACBOOK_AIR_M2,Apple,Laptops,100000,82000,89479.21594083107,91539.42315432311,0.10520784059168928,0,0,0,36
2025-02-21,MACBOOK_AIR_M2,Apple,Laptops,100000,82000,94465.26113477309,95893.71120513153,0.055347388652269146,0,0,0,33
2025-02-22,MACBOOK_AIR_M2,Apple,Laptops,100000,82000,97495.82828928645,101474.34988832063,0.02504171710713543,0,0,1,41
2025-02-23,MACBOOK_AIR_M2,Apple,Laptops,100000,82000,87216.38642156961,88771.33035855612,0.12783613578430392,0,0,1,35
2025-02-24,MACBOOK_AIR_M2,Apple,Laptops,100000,82000,85641.2236716817,89383.05591736878,0.14358776328318307,0,0,0,37
2025-02-25,MACBOOK_AIR_M2,Apple,Laptops,100000,82000,89551.9246828771,93041.66207135456,0.10448075317122897,0,0,0,26
2025-02-26,MACBOOK_AIR_M2,Apple,Laptops,100000,82000,91758.48774742028,90800.57137457306,0.08241512252579715,0,0,0,27
2025-02-27,MACBOOK_AIR_M2,Apple,Laptops,100000,82000,83301.4012641321,84417.89959590056,0.16698598735867903,0,0,0,28
2025-02-28,MACBOOK_AIR_M2,Apple,Laptops,100000,82000,98453.1353557742,97421.70919091992,0.015468646442257955,0,0,0,30
2025-03-01,MACBOOK_AIR_M2,Apple,Laptops,100000,82000,89904.91717994462,92463.9843164036,0.10095082820055373,0,0,1,39
2025-03-02,MACBOOK_AIR_M2,Apple,Laptops,100000,82000,94214.82659727763,98469.17331033545,0.05785173402722362,0,0,1,41
2025-03-03,MACBOOK_AIR_M2,Apple,Laptops,100000,82000,90451.9424535263,87310.89664459536,0.09548057546473693,0,0,0,28
2025-03-04,MACBOOK_AIR_M2,Apple,Laptops,100000,82000,87928.51253522027,88753.42394162028,0.12071487464779732,0,0,0,33
2025-03-05,MACBOOK_AIR_M2,Apple,Laptops,100000,82000,93880.07491835913,91336.38054667201,0.0611992508164088,0,0,0,30
2025-03-06,MACBOOK_AIR_M2,Apple,Laptops,100000,82000,93027.00990809659,93028.34768071942,0.06972990091903405,0,0,0,28
2025-03-07,MACBOOK_AIR_M2,Apple,Laptops,100000,82000,87502.79125293721,87341.16731963652,0.12497208747062792,0,0,0,29
2025-03-08,MACBOOK_AIR_M2,Apple,Laptops,100000,82000,96613.32212528428,99052.35568200439,0.033866778747157295,0,0,1,36
2025-03-09,MACBOOK_AIR_M2,Apple,Laptops,100000,82000,87299.6528392907,87669.12467258012,0.1270034716070929,0,0,1,31
2025-03-10,MACBOOK_AIR_M2,Apple,Laptops,100000,82000,84808.16563476474,88092.39300760215,0.1519183436523527,0,0,0,36
2025-03-11,MACBOOK_AIR_M2,Apple,Laptops,100000,82000,86544.8019402547,82664.02932703914,0.13455198059745302,0,0,0,22
2025-03-12,MACBOOK_AIR_M2,Apple,Laptops,100000,82000,90385.70108475421,90124.85955540795,0.09614298915245795,0,0,0,33
2025-03-13,MACBOOK_AIR_M2,Apple,Laptops,100000,82000,91885.07466814543,96331.46459359612,0.08114925331854574,0,0,0,31
2025-03-14,MACBOOK_AIR_M2,Apple,Laptops,100000,82000,83348.23179648849,84116.40837301624,0.16651768203511502,0,0,0,43
2025-03-15,MACBOOK_AIR_M2,Apple,Laptops,100000,82000,93238.2675589981,94369.5735558128,0.06761732441001901,0,0,1,33
2025-03-16,MACBOOK_AIR_M2,Apple,Laptops,100000,82000,97932.56227541358,99811.20111880543,0.020674377245864226,0,0,1,37
2025-03-17,MACBOOK_AIR_M2,Apple,Laptops,100000,82000,89563.33599460813,93753.55744868975,0.1043666400539186,0,0,0,27
2025-03-18,MACBOOK_AIR_M2,Apple,Laptops,100000,82000,88823.63694722556,92132.85987758361,0.11176363052774439,0,0,0,38
2025-03-19,MACBOOK_AIR_M2,Apple,Laptops,100000,82000,85110.42048723898,84496.24260979702,0.14889579512761017,0,0,0,33
2025-03-20,MACBOOK_AIR_M2,Apple,Laptops,100000,82000,94981.89935767492,96635.06036876238,0.0501810064232509,0,0,0,35
2025-03-21,MACBOOK_AIR_M2,Apple,Laptops,100000,82000,95366.16847270621,97355.84076050574,0.046338315272937934,0,0,0,26
2025-03-22,MACBOOK_AIR_M2,Apple,Laptops,100000,82000,95250.57710436474,94414.99054527913,0.04749422895635253,0,0,1,38
2025-03-23,MACBOOK_AIR_M2,Apple,Laptops,100000,82000,97156.22320456343,98982.66565373597,0.028437767954365666,0,0,1,42
2025-03-24,MACBOOK_AIR_M2,Apple,Laptops,100000,82000,96118.44365019817,98591.29584763701,0.03881556349801827,0,0,0,25
2025-03-25,MACBOOK_AIR_M2,Apple,Laptops,100000,82000,89201.17419628348,88784.33129904521,0.10798825803716512,0,0,0,30
2025-03-26,MACBOOK_AIR_M2,Apple,Laptops,100000,82000,88687.07023501783,91394.04022920424,0.11312929764982158,0,0,0,27
2025-03-27,MACBOOK_AIR_M2,Apple,Laptops,100000,82000,87767.20787582832,87182.97802631708,0.12232792124171671,0,0,0,35
2025-03-28,MACBOOK_AIR_M2,Apple,Laptops,100000,82000,94462.7275543823,97160.13426664719,0.05537272445617696,0,0,0,38
2025-03-29,MACBOOK_AIR_M2,Apple,Laptops,100000,82000,91048.20793170811,91840.51317289229,0.08951792068291892,0,0,1,32
2025-03-30,MACBOOK_AIR_M2,Apple,Laptops,100000,82000,88424.89663594618,91127.03392132596,0.11575103364053818,0,0,1,24
2025-03-31,MACBOOK_AIR_M2,Apple,Laptops,100000,82000,89555.60307534708,92951.95326272726,0.10444396924652904,0,0,0,29
2025-04-01,MACBOOK_AIR_M2,Apple,Laptops,100000,82000,92253.0243090007,90889.53794575423,0.077469756909993,0,0,0,27
2025-04-02,MACBOOK_AIR_M2,Apple,Laptops,100000,82000,93670.70700455342,93210.2599938215,0.0632929299544658,0,0,0,31
2025-04-03,MACBOOK_AIR_M2,Apple,Laptops,100000,82000,84228.87349698291,86347.72912895687,0.15771126503017088,0,0,0,45
2025-04-04,MACBOOK_AIR_M2,Apple,Laptops,100000,82000,92710.2338478698,93510.44740771175,0.07289766152130203,0,0,0,24
2025-04-05,MACBOOK_AIR_M2,Apple,Laptops,100000,82000,93473.45053804612,94618.59748182546,0.06526549461953884,0,0,1,24
2025-04-06,MACBOOK_AIR_M2,Apple,Laptops,100000,82000,86109.8906386826,83769.52233007387,0.1389010936131741,0,0,1,35
2025-04-07,MACBOOK_AIR_M2,Apple,Laptops,100000,82000,85347.08864726989,86927.85456296144,0.14652911352730108,0,0,0,43
2025-04-08,MACBOOK_AIR_M2,Apple,Laptops,100000,82000,93259.66938014136,93614.73878821572,0.06740330619858631,0,0,0,24
2025-04-09,MACBOOK_AIR_M2,Apple,Laptops,100000,82000,94684.04333791269,91405.74096792412,0.05315956662087309,0,0,0,31
2025-04-10,MACBOOK_AIR_M2,Apple,Laptops,100000,82000,90949.38732750417,87358.41062380275,0.09050612672495824,0,0,0,44
2025-04-11,MACBOOK_AIR_M2,Apple,Laptops,100000,82000,92570.19267681682,92029.14617718424,0.07429807323183177,0,0,0,24
2025-04-12,MACBOOK_AIR_M2,Apple,Laptops,100000,82000,94228.5569568782,95580.32102517146,0.057714430431217996,0,0,1,33
2025-04-13,MACBOOK_AIR_M2,Apple,Laptops,100000,82000,93113.499214315,93924.28980552322,0.06886500785685006,0,0,1,39
2025-04-14,MACBOOK_AIR_M2,Apple,Laptops,100000,82000,100000.0,99672.35207405331,0.0,0,0,0,26
2025-04-15,MACBOOK_AIR_M2,Apple,Laptops,100000,82000,89135.90192288013,89371.90190639377,0.10864098077119867,0,0,0,36
2025-04-16,MACBOOK_AIR_M2,Apple,Laptops,100000,82000,88827.79867610997,90183.83373591148,0.11172201323890033,0,0,0,36
2025-04-17,MACBOOK_AIR_M2,Apple,Laptops,100000,82000,93407.17255096175,96081.38926796563,0.06592827449038235,0,0,0,30
2025-04-18,MACBOOK_AIR_M2,Apple,Laptops,100000,82000,91611.26384381528,88552.0569907441,0.08388736156184715,0,0,0,31
2025-04-19,MACBOOK_AIR_M2,Apple,Laptops,100000,82000,89387.6936536112,90202.6482744904,0.10612306346388803,0,0,1,30
2025-04-20,MACBOOK_AIR_M2,Apple,Laptops,100000,82000,86450.12289414734,89380.64819262901,0.13549877105852656,0,0,1,36
2025-04-21,MACBOOK_AIR_M2,Apple,Laptops,100000,82000,90992.281325639,91294.39488614681,0.09007718674361001,0,0,0,25
2025-04-22,MACBOOK_AIR_M2,Apple,Laptops,100000,82000,91705.96433176477,90813.5584730924,0.08294035668235229,0,0,0,36
2025-04-23,MACBOOK_AIR_M2,Apple,Laptops,100000,82000,92132.01282417956,94796.30250070372,0.07867987175820432,0,0,0,32
2025-04-24,MACBOOK_AIR_M2,Apple,Laptops,100000,82000,87963.90605540805,88169.10778150348,0.12036093944591958,0,0,0,27
2025-04-25,MACBOOK_AIR_M2,Apple,Laptops,100000,82000,90253.79959662455,91775.61443928113,0.09746200403375452,0,0,0,40
2025-04-26,MACBOOK_AIR_M2,Apple,Laptops,100000,82000,96227.21187848538,101122.44134654202,0.03772788121514612,0,0,1,32
2025-04-27,MACBOOK_AIR_M2,Apple,Laptops,100000,82000,92520.55355736088,94557.41948495137,0.07479446442639122,0,0,1,34
2025-04-28,MACBOOK_AIR_M2,Apple,Laptops,100000,82000,91495.8918430727,92452.29491823388,0.08504108156927292,0,0,0,31
2025-04-29,MACBOOK_AIR_M2,Apple,Laptops,100000,82000,92103.27659516675,96393.98983220916,0.0789672340483325,0,0,0,38
2025-04-30,MACBOOK_AIR_M2,Apple,Laptops,100000,82000,95189.48019916036,95652.83279058714,0.04810519800839645,0,0,0,29
2025-05-01,MACBOOK_AIR_M2,Apple,Laptops,100000,82000,92529.54663919397,94048.61630667004,0.07470453360806024,0,0,0,29
2025-05-02,MACBOOK_AIR_M2,Apple,Laptops,100000,82000,91605.77161361025,92628.73723670054,0.08394228386389742,0,0,0,34
2025-05-03,MACBOOK_AIR_M2,Apple,Laptops,100000,82000,94996.29705200318,96210.5124550075,0.050037029479968104,0,0,1,37
2025-05-04,MACBOOK_AIR_M2,Apple,Laptops,100000,82000,89485.28395939004,91030.948507711,0.10514716040609953,0,0,1,40
2025-05-05,MACBOOK_AIR_M2,Apple,Laptops,100000,82000,95247.00002299529,96658.55768808219,0.047529999770047106,0,0,0,29
2025-05-06,MACBOOK_AIR_M2,Apple,Laptops,100000,82000,91546.93675108394,91907.36516694838,0.08453063248916055,0,0,0,31
2025-05-07,MACBOOK_AIR_M2,Apple,Laptops,100000,82000,90943.72824271495,90687.96403348059,0.09056271757285055,0,0,0,29
2025-05-08,MACBOOK_AIR_M2,Apple,Laptops,100000,82000,89325.34334352551,94623.50809211138,0.10674656656474475,0,0,0,30
2025-05-09,MACBOOK_AIR_M2,Apple,Laptops,100000,82000,89008.80441307255,88423.21020214033,0.1099119558692746,0,0,0,27
2025-05-10,MACBOOK_AIR_M2,Apple,Laptops,100000,82000,89528.765675506,92571.07260134965,0.10471234324494007,0,0,1,28
2025-05-11,MACBOOK_AIR_M2,Apple,Laptops,100000,82000,90375.07689867473,92562.14142234974,0.09624923101325276,0,0,1,31
2025-05-12,MACBOOK_AIR_M2,Apple,Laptops,100000,82000,91929.90431068589,90394.61888686384,0.08070095689314105,0,0,0,21
2025-05-13,MACBOOK_AIR_M2,Apple,Laptops,100000,82000,97205.51427622601,93087.79749639455,0.02794485723773999,0,0,0,17
2025-05-14,MACBOOK_AIR_M2,Apple,Laptops,100000,82000,94365.7818268134,98429.52263755552,0.05634218173186605,0,0,0,34
2025-05-15,MACBOOK_AIR_M2,Apple,Laptops,100000,82000,86316.5468950576,82969.8375732778,0.136834531049424,0,0,0,46
2025-05-16,MACBOOK_AIR_M2,Apple,Laptops,100000,82000,91676.6648935036,91677.36051120162,0.08323335106496395,0,0,0,31
2025-05-17,MACBOOK_AIR_M2,Apple,Laptops,100000,82000,89287.72362512034,94687.84348187488,0.1071227637487966,0,0,1,37
2025-05-18,MACBOOK_AIR_M2,Apple,Laptops,100000,82000,92074.6633357088,96868.67550340858,0.07925336664291194,0,0,1,33
2025-05-19,MACBOOK_AIR_M2,Apple,Laptops,100000,82000,98999.95296108602,94796.94098651214,0.010000470389139801,0,0,0,28
2025-05-20,MACBOOK_AIR_M2,Apple,Laptops,100000,82000,91358.65331339449,88182.45326475799,0.08641346686605515,0,0,0,28
2025-05-21,MACBOOK_AIR_M2,Apple,Laptops,100000,82000,91272.56565822575,91275.77836374297,0.08727434341774247,0,0,0,28
2025-05-22,MACBOOK_AIR_M2,Apple,Laptops,100000,82000,87770.86849918468,89185.70115062258,0.12229131500815316,0,0,0,27
2025-05-23,MACBOOK_AIR_M2,Apple,Laptops,100000,82000,100000.0,99692.23923278876,0.0,0,0,0,31
2025-05-24,MACBOOK_AIR_M2,Apple,Laptops,100000,82000,80499.96700211355,82703.98770911619,0.1950003299788645,0,0,1,38
2025-05-25,MACBOOK_AIR_M2,Apple,Laptops,100000,82000,94204.6018315045,95966.03024007344,0.05795398168495497,0,0,1,33
2025-05-26,MACBOOK_AIR_M2,Apple,Laptops,100000,82000,94013.68078815077,95548.88587473823,0.05986319211849223,0,0,0,32
2025-05-27,MACBOOK_AIR_M2,Apple,Laptops,100000,82000,86563.25855330436,87515.02039976053,0.13436741446695633,0,0,0,36
2025-05-28,MACBOOK_AIR_M2,Apple,Laptops,100000,82000,90538.89339022891,91627.9491426589,0.0946110660977108,0,0,0,25
2025-05-29,MACBOOK_AIR_M2,Apple,Laptops,100000,82000,88514.15775120757,91028.46313427252,0.11485842248792422,0,0,0,28
2025-05-30,MACBOOK_AIR_M2,Apple,Laptops,100000,82000,92890.31045959298,95530.33929459601,0.07109689540407033,0,0,0,19
2025-05-31,MACBOOK_AIR_M2,Apple,Laptops,100000,82000,91084.6849114596,91242.23746217212,0.08915315088540406,0,0,1,36
2025-06-01,MACBOOK_AIR_M2,Apple,Laptops,100000,82000,93103.4736560825,94573.38843999623,0.06896526343917497,0,0,1,30
2025-06-02,MACBOOK_AIR_M2,Apple,Laptops,100000,82000,90590.70056423494,91337.03127975707,0.09409299435765063,0,0,0,35
2025-06-03,MACBOOK_AIR_M2,Apple,Laptops,100000,82000,90505.55710648265,89929.56856001013,0.09494442893517349,0,0,0,38
2025-06-04,MACBOOK_AIR_M2,Apple,Laptops,100000,82000,95279.52443436137,93065.69252806931,0.04720475565638624,0,0,0,27
2025-06-05,MACBOOK_AIR_M2,Apple,Laptops,100000,82000,89916.36849237568,87655.28723822806,0.10083631507624324,0,0,0,40
2025-06-06,MACBOOK_AIR_M2,Apple,Laptops,100000,82000,90541.69328807993,90574.38114825502,0.09458306711920078,0,0,0,24
2025-06-07,MACBOOK_AIR_M2,Apple,Laptops,100000,82000,84176.00397835064,86720.87796486024,0.1582399602164936,0,0,1,35
2025-06-08,MACBOOK_AIR_M2,Apple,Laptops,100000,82000,92297.38308910852,90146.56386798435,0.07702616910891484,0,0,1,35
2025-06-09,MACBOOK_AIR_M2,Apple,Laptops,100000,82000,93827.12001444615,99267.40713684402,0.06172879985553853,0,0,0,27
2025-06-10,MACBOOK_AIR_M2,Apple,Laptops,100000,82000,93194.30927358198,93977.72411838941,0.06805690726418026,0,0,0,32
2025-06-11,MACBOOK_AIR_M2,Apple,Laptops,100000,82000,93457.1034007041,94080.19170684335,0.06542896599295903,0,0,0,22
2025-06-12,MACBOOK_AIR_M2,Apple,Laptops,100000,82000,95107.87027810568,98502.94517607182,0.04892129721894324,0,0,0,30
2025-06-13,MACBOOK_AIR_M2,Apple,Laptops,100000,82000,93200.47978960781,92332.53026857012,0.06799520210392188,0,0,0,33
2025-06-14,MACBOOK_AIR_M2,Apple,Laptops,100000,82000,88088.28645438615,90074.35149597339,0.11911713545613851,0,0,1,31
2025-06-15,MACBOOK_AIR_M2,Apple,Laptops,100000,82000,93826.4068952085,92627.37564409502,0.06173593104791481,0,0,1,30
2025-06-16,MACBOOK_AIR_M2,Apple,Laptops,100000,82000,89041.07705126281,91124.31980439006,0.10958922948737194,0,0,0,27
2025-06-17,MACBOOK_AIR_M2,Apple,Laptops,100000,82000,87471.63808214846,86650.53602335224,0.1252836191785154,0,0,0,22
2025-06-18,MACBOOK_AIR_M2,Apple,Laptops,100000,82000,93098.83265420551,93922.38040333123,0.06901167345794487,0,0,0,25
2025-06-19,MACBOOK_AIR_M2,Apple,Laptops,100000,82000,90998.04332127895,89986.28747148463,0.09001956678721049,0,0,0,25
2025-06-20,MACBOOK_AIR_M2,Apple,Laptops,100000,82000,92272.67816215962,95372.35187358322,0.07727321837840385,0,0,0,28
2025-06-21,MACBOOK_AIR_M2,Apple,Laptops,100000,82000,84473.91222334077,83196.86759023143,0.1552608777665924,0,0,1,32
2025-06-22,MACBOOK_AIR_M2,Apple,Laptops,100000,82000,95048.23144454505,94229.01986999568,0.049517685554549634,0,0,1,44
2025-06-23,MACBOOK_AIR_M2,Apple,Laptops,100000,82000,89655.46186733311,88436.18117233504,0.10344538132666878,0,0,0,27
2025-06-24,MACBOOK_AIR_M2,Apple,Laptops,100000,82000,92389.74040834929,92828.23226951892,0.0761025959165071,0,0,0,31
2025-06-25,MACBOOK_AIR_M2,Apple,Laptops,100000,82000,84081.0091708264,83860.89462815417,0.15918990829173613,0,0,0,39
2025-06-26,MACBOOK_AIR_M2,Apple,Laptops,100000,82000,93955.85702107879,96466.74387120192,0.06044142978921217,0,0,0,31
2025-06-27,MACBOOK_AIR_M2,Apple,Laptops,100000,82000,90793.28759592697,90293.87242359633,0.09206712404073031,0,0,0,25
2025-06-28,MACBOOK_AIR_M2,Apple,Laptops,100000,82000,87195.37616812893,85301.59939552307,0.1280462383187106,0,0,1,28
2025-06-29,MACBOOK_AIR_M2,Apple,Laptops,100000,82000,92054.90788364928,92351.53251791165,0.07945092116350717,0,0,1,30
2025-06-30,MACBOOK_AIR_M2,Apple,Laptops,100000,82000,92348.42739114739,91821.81548212381,0.07651572608852611,0,0,0,34
2025-07-01,MACBOOK_AIR_M2,Apple,Laptops,100000,82000,92274.35344905287,93728.92388028765,0.07725646550947125,0,0,0,28
2025-07-02,MACBOOK_AIR_M2,Apple,Laptops,100000,82000,88483.12407884731,88431.2805264114,0.11516875921152694,0,0,0,32
2025-07-03,MACBOOK_AIR_M2,Apple,Laptops,100000,82000,85633.22983431468,87490.56088129144,0.1436677016568532,0,0,0,30
2025-07-04,MACBOOK_AIR_M2,Apple,Laptops,100000,82000,94756.43004220047,94590.70608431965,0.05243569957799527,0,0,0,33
2025-07-05,MACBOOK_AIR_M2,Apple,Laptops,100000,82000,92825.9303460343,92617.20191038503,0.07174069653965688,0,0,1,31
2025-07-06,MACBOOK_AIR_M2,Apple,Laptops,100000,82000,90097.21055101787,94606.34797421063,0.09902789448982124,0,0,1,27
2025-07-07,MACBOOK_AIR_M2,Apple,Laptops,100000,82000,100000.0,100266.08290852279,0.0,0,0,0,23
2025-07-08,MACBOOK_AIR_M2,Apple,Laptops,100000,82000,84497.94313509723,84800.87917036565,0.1550205686490277,0,0,0,26
2025-07-09,MACBOOK_AIR_M2,Apple,Laptops,100000,82000,90994.72879188652,87401.98438167955,0.09005271208113479,0,0,0,34
2025-07-10,MACBOOK_AIR_M2,Apple,Laptops,100000,82000,87242.48001482221,85890.2898008996,0.12757519985177787,0,0,0,41
2025-07-11,MACBOOK_AIR_M2,Apple,Laptops,100000,82000,90452.01426584391,89399.8328490343,0.09547985734156085,0,0,0,29
2025-07-12,MACBOOK_AIR_M2,Apple,Laptops,100000,82000,92533.74887408472,92148.18250424,0.07466251125915283,0,0,1,39
2025-07-13,MACBOOK_AIR_M2,Apple,Laptops,100000,82000,89326.19122699587,90119.14085789055,0.10673808773004131,0,0,1,30
2025-07-14,MACBOOK_AIR_M2,Apple,Laptops,100000,82000,95951.37142796608,102651.20543041718,0.04048628572033921,0,0,0,21
2025-07-15,MACBOOK_AIR_M2,Apple,Laptops,100000,82000,89470.2812912353,90786.86408643522,0.10529718708764706,0,0,0,21
2025-07-16,MACBOOK_AIR_M2,Apple,Laptops,100000,82000,87914.81405824318,87715.69636314547,0.12085185941756832,0,0,0,26
2025-07-17,MACBOOK_AIR_M2,Apple,Laptops,100000,82000,85209.45178857728,87642.79622645576,0.14790548211422722,0,0,0,28
2025-07-18,MACBOOK_AIR_M2,Apple,Laptops,100000,82000,88296.52360601402,88489.50134157242,0.11703476393985976,0,0,0,34
2025-07-19,MACBOOK_AIR_M2,Apple,Laptops,100000,82000,95649.71269864748,97092.22450328428,0.04350287301352533,0,0,1,35
2025-07-20,MACBOOK_AIR_M2,Apple,Laptops,100000,82000,93577.74572582713,99394.2204716439,0.06422254274172871,0,0,1,32
2025-07-21,MACBOOK_AIR_M2,Apple,Laptops,100000,82000,87747.27038042927,92794.6881488456,0.12252729619570736,0,0,0,28
2025-07-22,MACBOOK_AIR_M2,Apple,Laptops,100000,82000,86778.19929293425,83573.82933983486,0.13221800707065742,0,0,0,29
2025-07-23,MACBOOK_AIR_M2,Apple,Laptops,100000,82000,91328.02173982206,95876.67111074242,0.08671978260177937,0,0,0,18
2025-07-24,MACBOOK_AIR_M2,Apple,Laptops,100000,82000,90910.13521806251,92886.51356509865,0.09089864781937496,0,0,0,24
2025-07-25,MACBOOK_AIR_M2,Apple,Laptops,100000,82000,98842.80139871352,97563.73603841262,0.011571986012864757,0,0,0,26
2025-07-26,MACBOOK_AIR_M2,Apple,Laptops,100000,82000,93128.82741687469,96663.45883515586,0.06871172583125301,0,0,1,28
2025-07-27,MACBOOK_AIR_M2,Apple,Laptops,100000,82000,91517.84558189087,91423.17608296381,0.08482154418109131,0,0,1,31
2025-07-28,MACBOOK_AIR_M2,Apple,Laptops,100000,82000,96649.23127029503,98015.88794618128,0.033507687297049636,0,0,0,25
2025-07-29,MACBOOK_AIR_M2,Apple,Laptops,100000,82000,96100.19095489845,96756.10403699885,0.03899809045101548,0,0,0,30
2025-07-30,MACBOOK_AIR_M2,Apple,Laptops,100000,82000,92517.96061632999,97397.73545201209,0.07482039383670012,0,0,0,27
2025-07-31,MACBOOK_AIR_M2,Apple,Laptops,100000,82000,89495.36826209418,89510.50101341281,0.10504631737905817,0,0,0,32
2025-08-01,MACBOOK_AIR_M2,Apple,Laptops,100000,82000,89204.73127483099,92152.8062568316,0.10795268725169002,0,0,0,31
2025-08-02,MACBOOK_AIR_M2,Apple,Laptops,100000,82000,85684.5621065555,86040.41094273204,0.14315437893444488,0,0,1,40
2025-08-03,MACBOOK_AIR_M2,Apple,Laptops,100000,82000,90072.15507685773,90518.13368707921,0.09927844923142268,0,0,1,32
2025-08-04,MACBOOK_AIR_M2,Apple,Laptops,100000,82000,90069.97211638559,92605.03910168288,0.09930027883614409,0,0,0,23
2025-08-05,MACBOOK_AIR_M2,Apple,Laptops,100000,82000,88520.99286172804,89551.92714992001,0.11479007138271974,0,0,0,26
2025-08-06,MACBOOK_AIR_M2,Apple,Laptops,100000,82000,98110.89161366243,98645.00283331262,0.01889108386337563,0,0,0,28
2025-08-07,MACBOOK_AIR_M2,Apple,Laptops,100000,82000,86677.67539456584,86974.60079266233,0.13322324605434152,0,0,0,35
2025-08-08,MACBOOK_AIR_M2,Apple,Laptops,100000,82000,83800.00047099407,84941.28418130007,0.1619999952900593,0,0,0,33
2025-08-09,MACBOOK_AIR_M2,Apple,Laptops,100000,82000,85469.9542541104,85635.44820895672,0.145300457458896,0,0,1,36
2025-08-10,MACBOOK_AIR_M2,Apple,Laptops,100000,82000,88440.27059610447,89602.28404464577,0.11559729403895538,0,0,1,30
2025-08-11,MACBOOK_AIR_M2,Apple,Laptops,100000,82000,90394.8984114283,93351.31446554865,0.09605101588571707,0,0,0,34
2025-08-12,MACBOOK_AIR_M2,Apple,Laptops,100000,82000,90831.19233200337,90876.81691589071,0.09168807667996638,0,0,0,33
2025-08-13,MACBOOK_AIR_M2,Apple,Laptops,100000,82000,90671.36480254932,89682.62277793742,0.09328635197450683,0,0,0,35
2025-08-14,MACBOOK_AIR_M2,Apple,Laptops,100000,82000,96840.56233060567,92741.3545352511,0.03159437669394342,0,0,0,27
2025-08-15,MACBOOK_AIR_M2,Apple,Laptops,100000,82000,89876.44499117963,88355.6974036974,0.10123555008820373,0,0,0,29
2025-08-16,MACBOOK_AIR_M2,Apple,Laptops,100000,82000,91444.60836733444,91453.5608720403,0.08555391632665552,0,0,1,26
2025-08-17,MACBOOK_AIR_M2,Apple,Laptops,100000,82000,89923.32190129023,91411.23186878639,0.10076678098709772,0,0,1,36
2025-08-18,MACBOOK_AIR_M2,Apple,Laptops,100000,82000,96843.50656648546,96367.1031513052,0.03156493433514539,0,0,0,23
2025-08-19,MACBOOK_AIR_M2,Apple,Laptops,100000,82000,91763.85491159972,93667.98592594198,0.0823614508840028,0,0,0,20
2025-08-20,MACBOOK_AIR_M2,Apple,Laptops,100000,82000,86098.97567580345,92150.95918785133,0.13901024324196554,0,0,0,25
2025-08-21,MACBOOK_AIR_M2,Apple,Laptops,100000,82000,91498.49664841291,90682.37496801096,0.08501503351587089,0,0,0,20
2025-08-22,MACBOOK_AIR_M2,Apple,Laptops,100000,82000,86835.91054135197,84563.5078802604,0.13164089458648032,0,0,0,21
2025-08-23,MACBOOK_AIR_M2,Apple,Laptops,100000,82000,96058.37442657672,96346.49135547962,0.039416255734232894,0,0,1,28
2025-08-24,MACBOOK_AIR_M2,Apple,Laptops,100000,82000,91904.87991314637,91396.34327636495,0.08095120086853624,0,0,1,25
2025-08-25,MACBOOK_AIR_M2,Apple,Laptops,100000,82000,89165.538786082,89726.32448600324,0.10834461213917995,0,0,0,31
2025-08-26,MACBOOK_AIR_M2,Apple,Laptops,100000,82000,89999.64256084741,94022.28001797212,0.10000357439152598,0,0,0,25
2025-08-27,MACBOOK_AIR_M2,Apple,Laptops,100000,82000,85828.45419895151,86134.61180380451,0.14171545801048493,0,0,0,29
2025-08-28,MACBOOK_AIR_M2,Apple,Laptops,100000,82000,91527.71164442862,86454.52939204552,0.08472288355571375,0,0,0,25
2025-08-29,MACBOOK_AIR_M2,Apple,Laptops,100000,82000,90850.0290968437,91245.2686385657,0.09149970903156304,0,0,0,24
2025-08-30,MACBOOK_AIR_M2,Apple,Laptops,100000,82000,95272.78992749641,98811.39262011729,0.047272100725035855,0,0,1,16
2025-08-31,MACBOOK_AIR_M2,Apple,Laptops,100000,82000,95271.1311940658,99072.80712307713,0.0472886880593419,0,0,1,30
2025-09-01,MACBOOK_AIR_M2,Apple,Laptops,100000,82000,90276.46931296041,91833.3548281129,0.09723530687039583,1,0,0,35
2025-09-02,MACBOOK_AIR_M2,Apple,Laptops,100000,82000,94393.51071171253,91029.53339848443,0.05606489288287472,1,0,0,39
2025-09-03,MACBOOK_AIR_M2,Apple,Laptops,100000,82000,88300.34803292122,87647.30085229626,0.11699651967078781,1,0,0,40
2025-09-04,MACBOOK_AIR_M2,Apple,Laptops,100000,82000,90051.48708178304,92331.7800043762,0.09948512918216966,1,0,0,40
2025-09-05,MACBOOK_AIR_M2,Apple,Laptops,100000,82000,91849.06099166432,93460.85514562557,0.08150939008335673,1,0,0,30
2025-09-06,MACBOOK_AIR_M2,Apple,Laptops,100000,82000,90329.46396916702,91723.95554621394,0.09670536030832982,1,0,1,32
2025-09-07,MACBOOK_AIR_M2,Apple,Laptops,100000,82000,94762.73328065901,92302.62942608842,0.05237266719340979,1,0,1,39
2025-09-08,MACBOOK_AIR_M2,Apple,Laptops,100000,82000,94146.38835127525,94290.17684586893,0.05853611648724749,0,0,0,24
2025-09-09,MACBOOK_AIR_M2,Apple,Laptops,100000,82000,94544.4818900097,93672.86017139738,0.05455518109990301,0,0,0,27
2025-09-10,MACBOOK_AIR_M2,Apple,Laptops,100000,82000,89369.52871109241,92013.49208813166,0.10630471288907599,0,0,0,30
2025-09-11,MACBOOK_AIR_M2,Apple,Laptops,100000,82000,91063.06310974467,93915.86458712106,0.08936936890255318,0,0,0,14
2025-09-12,MACBOOK_AIR_M2,Apple,Laptops,100000,82000,86179.35209141359,88203.97153803374,0.13820647908586411,0,0,0,29
2025-09-13,MACBOOK_AIR_M2,Apple,Laptops,100000,82000,94969.28287748081,94533.98420607772,0.05030717122519182,0,0,1,30
2025-09-14,MACBOOK_AIR_M2,Apple,Laptops,100000,82000,93907.0452478823,95170.54751585533,0.060929547521177074,0,0,1,20
2025-09-15,MACBOOK_AIR_M2,Apple,Laptops,100000,82000,86922.20186791942,85363.81334453585,0.13077798132080587,0,0,0,22
2025-09-16,MACBOOK_AIR_M2,Apple,Laptops,100000,82000,88952.13856847788,91495.08155853128,0.11047861431522125,0,0,0,32
2025-09-17,MACBOOK_AIR_M2,Apple,Laptops,100000,82000,90687.82309794729,88691.30313653698,0.09312176902052716,0,0,0,31
2025-09-18,MACBOOK_AIR_M2,Apple,Laptops,100000,82000,90917.04335200283,90543.59490082467,0.09082956647997176,0,0,0,23
2025-09-19,MACBOOK_AIR_M2,Apple,Laptops,100000,82000,93555.67835457197,92512.61900360468,0.06444321645428033,0,0,0,27
2025-09-20,MACBOOK_AIR_M2,Apple,Laptops,100000,82000,88602.78214585995,86668.46058200677,0.11397217854140052,1,0,1,29
2025-09-21,MACBOOK_AIR_M2,Apple,Laptops,100000,82000,92915.48528129287,93043.78628216249,0.07084514718707127,1,0,1,30
2025-09-22,MACBOOK_AIR_M2,Apple,Laptops,100000,82000,93497.41975501255,99114.15355923666,0.06502580244987446,1,0,0,41
2025-09-23,MACBOOK_AIR_M2,Apple,Laptops,100000,82000,93541.13989636666,92586.40330698638,0.06458860103633333,1,0,0,40
2025-09-24,MACBOOK_AIR_M2,Apple,Laptops,100000,82000,97782.35816092527,96895.90506361885,0.022176418390747278,1,0,0,34
2025-09-25,MACBOOK_AIR_M2,Apple,Laptops,100000,82000,91328.2729823736,97109.68706095747,0.08671727017626396,1,0,0,26
2025-09-26,MACBOOK_AIR_M2,Apple,Laptops,100000,82000,92987.26969906723,91277.6236374364,0.07012730300932779,1,0,0,37
2025-09-27,MACBOOK_AIR_M2,Apple,Laptops,100000,82000,88064.55047510189,91615.7180898835,0.11935449524898112,1,0,1,32
2025-09-28,MACBOOK_AIR_M2,Apple,Laptops,100000,82000,92180.99588957816,91091.50623150039,0.0781900411042184,1,0,1,45
2025-09-29,MACBOOK_AIR_M2,Apple,Laptops,100000,82000,92588.48876117208,93861.56911618763,0.07411511238827914,1,0,0,46
2025-09-30,MACBOOK_AIR_M2,Apple,Laptops,100000,82000,94337.23838000902,90100.44389947149,0.056627616199909844,1,0,0,41
2025-10-01,MACBOOK_AIR_M2,Apple,Laptops,100000,82000,90437.69014334513,89894.54286554216,0.09562309856654876,1,0,0,39
2025-10-02,MACBOOK_AIR_M2,Apple,Laptops,100000,82000,91504.82366472864,92132.10609607097,0.08495176335271358,1,0,0,34
2025-10-03,MACBOOK_AIR_M2,Apple,Laptops,100000,82000,85787.37042605387,86713.41057083251,0.1421262957394613,1,0,0,38
2025-10-04,MACBOOK_AIR_M2,Apple,Laptops,100000,82000,88641.76373190196,88719.20332004497,0.11358236268098043,1,0,1,39
2025-10-05,MACBOOK_AIR_M2,Apple,Laptops,100000,82000,95000.10330862096,97118.16481450778,0.0499989669137903,1,0,1,31
2025-10-06,MACBOOK_AIR_M2,Apple,Laptops,100000,82000,84470.31419290477,86912.86300381574,0.15529685807095225,1,1,0,78
2025-10-07,MACBOOK_AIR_M2,Apple,Laptops,100000,82000,86125.4189612869,87744.65997668897,0.13874581038713107,1,1,0,70
2025-10-08,MACBOOK_AIR_M2,Apple,Laptops,100000,82000,81982.20111355119,85931.96498080727,0.1801779888644882,0,1,0,74
2025-10-09,MACBOOK_AIR_M2,Apple,Laptops,100000,82000,80407.23548497871,80989.38153023722,0.19592764515021296,0,1,0,87
2025-10-10,MACBOOK_AIR_M2,Apple,Laptops,100000,82000,79062.71199365924,75488.52788640313,0.20937288006340765,0,1,0,83
2025-10-11,MACBOOK_AIR_M2,Apple,Laptops,100000,82000,79958.08279470634,82109.16238987254,0.2004191720529367,0,1,1,82
2025-10-12,MACBOOK_AIR_M2,Apple,Laptops,100000,82000,79211.60543967933,81425.69267651718,0.2078839456032067,0,1,1,105
2025-10-13,MACBOOK_AIR_M2,Apple,Laptops,100000,82000,90113.35476136535,90289.04883533769,0.09886645238634656,0,0,0,17
2025-10-14,MACBOOK_AIR_M2,Apple,Laptops,100000,82000,91955.14993401726,90188.48255386938,0.08044850065982732,0,0,0,20
2025-10-15,MACBOOK_AIR_M2,Apple,Laptops,100000,82000,94767.18396945533,95046.00787880257,0.052328160305446667,0,0,0,23
2025-10-16,MACBOOK_AIR_M2,Apple,Laptops,100000,82000,92573.74091864431,94430.45157973793,0.07426259081355695,0,0,0,24
2025-10-17,MACBOOK_AIR_M2,Apple,Laptops,100000,82000,87327.13383955981,90249.56056011596,0.12672866160440183,0,0,0,34
2025-10-18,MACBOOK_AIR_M2,Apple,Laptops,100000,82000,87717.47119084254,91522.0996824585,0.12282528809157459,0,0,1,19
2025-10-19,MACBOOK_AIR_M2,Apple,Laptops,100000,82000,91855.35608843049,94048.32731327314,0.08144643911569512,0,0,1,27
2025-10-20,MACBOOK_AIR_M2,Apple,Laptops,100000,82000,93114.45898801406,94082.93470790602,0.06885541011985936,1,0,0,40
2025-10-21,MACBOOK_AIR_M2,Apple,Laptops,100000,82000,92808.02438919278,90235.82805718873,0.07191975610807226,1,0,0,27
2025-10-22,MACBOOK_AIR_M2,Apple,Laptops,100000,82000,97214.77671624078,95115.2496940348,0.02785223283759221,1,0,0,40
2025-10-23,MACBOOK_AIR_M2,Apple,Laptops,100000,82000,90857.66647254054,94857.76010217344,0.09142333527459462,1,0,0,24
2025-10-24,MACBOOK_AIR_M2,Apple,Laptops,100000,82000,87859.86771392726,85346.07629101137,0.12140132286072738,1,0,0,32
2025-10-25,MACBOOK_AIR_M2,Apple,Laptops,100000,82000,94862.78051649268,96144.63495535406,0.05137219483507312,1,0,1,39
2025-10-26,MACBOOK_AIR_M2,Apple,Laptops,100000,82000,93776.92469563033,91570.88810165758,0.062230753043696796,1,0,1,39
2025-10-27,MACBOOK_AIR_M2,Apple,Laptops,100000,82000,95342.7880084754,95520.33198033288,0.046572119915246034,1,0,0,47
2025-10-28,MACBOOK_AIR_M2,Apple,Laptops,100000,82000,87375.76105872849,84724.12197065911,0.12624238941271518,1,0,0,37
2025-10-29,MACBOOK_AIR_M2,Apple,Laptops,100000,82000,96020.04160333559,96386.47586148238,0.03979958396664414,1,0,0,39
2025-10-30,MACBOOK_AIR_M2,Apple,Laptops,100000,82000,94268.46351860723,90705.95880327701,0.05731536481392778,1,0,0,29
2025-10-31,MACBOOK_AIR_M2,Apple,Laptops,100000,82000,91284.88040604089,89488.55294987962,0.0871511959395912,0,0,0,30
2025-11-01,MACBOOK_AIR_M2,Apple,Laptops,100000,82000,92743.60553761995,94251.68677752923,0.07256394462380057,1,0,1,33
2025-11-02,MACBOOK_AIR_M2,Apple,Laptops,100000,82000,92225.39139218647,85471.02553443438,0.07774608607813523,1,0,1,41
2025-11-03,MACBOOK_AIR_M2,Apple,Laptops,100000,82000,87895.55847985226,87728.51792036253,0.12104441520147736,1,0,0,40
2025-11-04,MACBOOK_AIR_M2,Apple,Laptops,100000,82000,96674.62333326227,96045.31656027421,0.03325376666737737,1,0,0,35
2025-11-05,MACBOOK_AIR_M2,Apple,Laptops,100000,82000,98578.13437381158,95135.31361569656,0.014218656261884177,1,0,0,43
2025-11-06,MACBOOK_AIR_M2,Apple,Laptops,100000,82000,97661.67510519152,99736.28402034425,0.023383248948084738,1,0,0,36
2025-11-07,MACBOOK_AIR_M2,Apple,Laptops,100000,82000,90840.72034049043,92900.08536288474,0.09159279659509567,1,0,0,38
2025-11-08,MACBOOK_AIR_M2,Apple,Laptops,100000,82000,94014.21574583642,92760.3689312776,0.05985784254163575,0,0,1,34
2025-11-09,MACBOOK_AIR_M2,Apple,Laptops,100000,82000,84271.83883359758,85378.76772256162,0.1572816116640242,0,0,1,33
2025-11-10,MACBOOK_AIR_M2,Apple,Laptops,100000,82000,95632.28415556364,100119.21625586317,0.04367715844436356,0,0,0,30
2025-11-11,MACBOOK_AIR_M2,Apple,Laptops,100000,82000,87455.1053458082,89672.17155302939,0.12544894654191793,0,0,0,30
2025-11-12,MACBOOK_AIR_M2,Apple,Laptops,100000,82000,92613.35177037508,91666.85693311106,0.07386648229624909,0,0,0,28
2025-11-13,MACBOOK_AIR_M2,Apple,Laptops,100000,82000,93538.88703121457,97128.52801034432,0.06461112968785426,0,0,0,31
2025-11-14,MACBOOK_AIR_M2,Apple,Laptops,100000,82000,94450.41157135394,92580.95662087708,0.05549588428646053,0,0,0,17
2025-11-15,MACBOOK_AIR_M2,Apple,Laptops,100000,82000,89912.95075088575,90696.55351945692,0.10087049249114244,0,0,1,26
2025-11-16,MACBOOK_AIR_M2,Apple,Laptops,100000,82000,84842.7142068914,86168.74417522603,0.15157285793108594,0,0,1,19
2025-11-17,MACBOOK_AIR_M2,Apple,Laptops,100000,82000,98943.16773308566,98645.82121855525,0.01056832266914344,0,0,0,29
2025-11-18,MACBOOK_AIR_M2,Apple,Laptops,100000,82000,88399.55449438535,87246.56388646594,0.11600445505614648,0,0,0,29
2025-11-19,MACBOOK_AIR_M2,Apple,Laptops,100000,82000,87637.84566123769,85983.6627070363,0.12362154338762307,0,0,0,29
2025-11-20,MACBOOK_AIR_M2,Apple,Laptops,100000,82000,100000.0,106280.22331813227,0.0,1,0,0,26
2025-11-21,MACBOOK_AIR_M2,Apple,Laptops,100000,82000,90415.81589506958,91747.94383796869,0.09584184104930424,1,0,0,44
2025-11-22,MACBOOK_AIR_M2,Apple,Laptops,100000,82000,93014.72403558755,91898.92101962728,0.06985275964412446,1,0,1,32
2025-11-23,MACBOOK_AIR_M2,Apple,Laptops,100000,82000,89102.7867496983,91781.06677744859,0.10897213250301713,1,0,1,45
2025-11-24,MACBOOK_AIR_M2,Apple,Laptops,100000,82000,93532.37743001578,92363.55481840599,0.06467622569984217,1,0,0,30
2025-11-25,MACBOOK_AIR_M2,Apple,Laptops,100000,82000,90265.69216549286,89288.54741732487,0.09734307834507136,1,0,0,43
2025-11-26,MACBOOK_AIR_M2,Apple,Laptops,100000,82000,93419.55574861688,92488.04239732324,0.06580444251383125,1,0,0,34
2025-11-27,MACBOOK_AIR_M2,Apple,Laptops,100000,82000,94425.30130551475,96730.60325669758,0.05574698694485262,1,0,0,41
2025-11-28,MACBOOK_AIR_M2,Apple,Laptops,100000,82000,94615.2764127717,96971.2173103742,0.05384723587228303,1,0,0,30
2025-11-29,MACBOOK_AIR_M2,Apple,Laptops,100000,82000,87788.755261977,87460.52540556525,0.12211244738023,1,0,1,29
2025-11-30,MACBOOK_AIR_M2,Apple,Laptops,100000,82000,95747.64031718476,99017.6445010481,0.04252359682815241,1,0,1,36
2025-12-01,MACBOOK_AIR_M2,Apple,Laptops,100000,82000,91029.02611066929,90180.2408987358,0.08970973889330701,0,0,0,26
2025-12-02,MACBOOK_AIR_M2,Apple,Laptops,100000,82000,93247.6693902034,95024.09472514817,0.06752330609796596,0,0,0,38
2025-12-03,MACBOOK_AIR_M2,Apple,Laptops,100000,82000,97314.47695103251,102306.50121204686,0.026855230489674878,0,0,0,32
2025-12-04,MACBOOK_AIR_M2,Apple,Laptops,100000,82000,88940.15940768365,89803.74586600115,0.11059840592316346,0,0,0,28
2025-12-05,MACBOOK_AIR_M2,Apple,Laptops,100000,82000,86436.52833498098,90294.70442009316,0.13563471665019022,0,0,0,30
2025-12-06,MACBOOK_AIR_M2,Apple,Laptops,100000,82000,92744.41407006791,93004.78731612355,0.07255585929932085,0,0,1,40
2025-12-07,MACBOOK_AIR_M2,Apple,Laptops,100000,82000,88933.25597237419,92024.35260988615,0.11066744027625822,0,0,1,29
2025-12-08,MACBOOK_AIR_M2,Apple,Laptops,100000,82000,93194.19906442653,99494.33610383066,0.06805800935573465,0,0,0,35
2025-12-09,MACBOOK_AIR_M2,Apple,Laptops,100000,82000,100000.0,100401.18920772232,0.0,0,0,0,32
2025-12-10,MACBOOK_AIR_M2,Apple,Laptops,100000,82000,91833.14486882197,88971.36835016066,0.08166855131178036,0,0,0,22
2025-12-11,MACBOOK_AIR_M2,Apple,Laptops,100000,82000,96258.74974378497,95213.95956811268,0.037412502562150375,0,0,0,33
2025-12-12,MACBOOK_AIR_M2,Apple,Laptops,100000,82000,90309.74519187845,92639.78905080231,0.09690254808121554,0,0,0,28
2025-12-13,MACBOOK_AIR_M2,Apple,Laptops,100000,82000,91611.19077043308,90134.1320109479,0.08388809229566917,0,0,1,31
2025-12-14,MACBOOK_AIR_M2,Apple,Laptops,100000,82000,91891.6816910626,89353.00886819568,0.08108318308937405,0,0,1,35
2025-12-15,MACBOOK_AIR_M2,Apple,Laptops,100000,82000,90050.68241180823,89120.85766957139,0.09949317588191761,0,0,0,32
2025-12-16,MACBOOK_AIR_M2,Apple,Laptops,100000,82000,94430.74443586817,96401.73353561539,0.05569255564131821,0,0,0,28
2025-12-17,MACBOOK_AIR_M2,Apple,Laptops,100000,82000,85711.36287100728,87510.19973171761,0.1428863712899272,0,0,0,35
2025-12-18,MACBOOK_AIR_M2,Apple,Laptops,100000,82000,100000.0,98961.72221302973,0.0,0,0,0,34
2025-12-19,MACBOOK_AIR_M2,Apple,Laptops,100000,82000,88935.20272870117,87899.09270029356,0.11064797271298828,0,0,0,29
2025-12-20,MACBOOK_AIR_M2,Apple,Laptops,100000,82000,87759.26131022791,86371.25491371538,0.12240738689772085,0,0,1,20
2025-12-21,MACBOOK_AIR_M2,Apple,Laptops,100000,82000,88303.89369951999,88032.84221212108,0.1169610630048,0,0,1,50
2025-12-22,MACBOOK_AIR_M2,Apple,Laptops,100000,82000,90091.59530940859,92990.18564678013,0.09908404690591419,0,0,0,21
2025-12-23,MACBOOK_AIR_M2,Apple,Laptops,100000,82000,93223.94560875562,94216.0169277573,0.06776054391244374,0,0,0,39
2025-12-24,MACBOOK_AIR_M2,Apple,Laptops,100000,82000,91932.78802662058,89364.98146822311,0.08067211973379415,0,0,0,32
2025-12-25,MACBOOK_AIR_M2,Apple,Laptops,100000,82000,88493.4535526062,89378.7431845016,0.11506546447393809,0,0,0,31
2025-12-26,MACBOOK_AIR_M2,Apple,Laptops,100000,82000,92699.75473091446,95348.42613328561,0.07300245269085541,0,0,0,30
2025-12-27,MACBOOK_AIR_M2,Apple,Laptops,100000,82000,90202.13674472342,89612.46759509212,0.09797863255276572,0,0,1,21
2025-12-28,MACBOOK_AIR_M2,Apple,Laptops,100000,82000,94553.50526627137,94533.60210767805,0.05446494733728633,0,0,1,37
2025-12-29,MACBOOK_AIR_M2,Apple,Laptops,100000,82000,94572.33156892382,93383.29727052717,0.054276684310761776,0,0,0,31
2025-12-30,MACBOOK_AIR_M2,Apple,Laptops,100000,82000,98515.2967623072,97616.91535419966,0.014847032376927985,0,0,0,36
2025-12-31,MACBOOK_AIR_M2,Apple,Laptops,100000,82000,97216.72503007913,101004.69085400607,0.02783274969920873,0,0,0,32
2026-01-01,MACBOOK_AIR_M2,Apple,Laptops,100000,82000,87251.45028250758,89110.53873033459,0.12748549717492424,0,0,0,37
2026-01-02,MACBOOK_AIR_M2,Apple,Laptops,100000,82000,88145.73146745302,87172.8065196007,0.11854268532546981,0,0,0,27
2026-01-03,MACBOOK_AIR_M2,Apple,Laptops,100000,82000,90235.45907167403,92212.99962753312,0.09764540928325974,0,0,1,34
2026-01-04,MACBOOK_AIR_M2,Apple,Laptops,100000,82000,91071.6004174686,90988.97527313627,0.08928399582531409,0,0,1,42
2026-01-05,MACBOOK_AIR_M2,Apple,Laptops,100000,82000,92107.07572480764,93545.3265072787,0.07892924275192356,0,0,0,33
2026-01-06,MACBOOK_AIR_M2,Apple,Laptops,100000,82000,91297.11498613934,90023.33905377658,0.08702885013860658,0,0,0,32
2026-01-07,MACBOOK_AIR_M2,Apple,Laptops,100000,82000,98356.93275046899,95160.03522889843,0.016430672495310147,0,0,0,25
2026-01-08,MACBOOK_AIR_M2,Apple,Laptops,100000,82000,90471.31287111326,91634.39543284608,0.09528687128886741,0,0,0,27
2026-01-09,MACBOOK_AIR_M2,Apple,Laptops,100000,82000,95028.8632676583,95941.66850430671,0.04971136732341706,0,0,0,26
2026-01-10,MACBOOK_AIR_M2,Apple,Laptops,100000,82000,93132.77165648206,93536.2850595084,0.06867228343517937,0,0,1,47
2026-01-11,MACBOOK_AIR_M2,Apple,Laptops,100000,82000,88772.3929022252,89372.07076911583,0.11227607097774803,0,0,1,39
2026-01-12,MACBOOK_AIR_M2,Apple,Laptops,100000,82000,89007.69372130348,91087.06595034282,0.10992306278696523,0,0,0,41
2026-01-13,MACBOOK_AIR_M2,Apple,Laptops,100000,82000,91687.23741491316,94860.92201950836,0.08312762585086839,0,0,0,28
2026-01-14,MACBOOK_AIR_M2,Apple,Laptops,100000,82000,88864.52191964019,89956.40031374666,0.1113547808035982,0,0,0,45
2026-01-15,MACBOOK_AIR_M2,Apple,Laptops,100000,82000,91418.93403243899,94610.51212536918,0.08581065967561002,0,0,0,37
2026-01-16,MACBOOK_AIR_M2,Apple,Laptops,100000,82000,92524.882019098,90870.02823357962,0.07475117980901987,0,0,0,30
2026-01-17,MACBOOK_AIR_M2,Apple,Laptops,100000,82000,94416.18343170367,91120.59184733867,0.055838165682963334,0,0,1,30
2026-01-18,MACBOOK_AIR_M2,Apple,Laptops,100000,82000,94625.90582692108,96963.7258732331,0.05374094173078921,0,0,1,29
2026-01-19,MACBOOK_AIR_M2,Apple,Laptops,100000,82000,92469.53664447341,91377.02172253613,0.07530463355526582,0,0,0,35
2026-01-20,MACBOOK_AIR_M2,Apple,Laptops,100000,82000,93755.7633757876,94120.90682155752,0.06244236624212399,0,0,0,34
2026-01-21,MACBOOK_AIR_M2,Apple,Laptops,100000,82000,90214.76692390126,92905.20892596533,0.0978523307609873,0,0,0,30
2026-01-22,MACBOOK_AIR_M2,Apple,Laptops,100000,82000,93254.38069059809,89769.38436100056,0.06745619309401918,0,0,0,32
2026-01-23,MACBOOK_AIR_M2,Apple,Laptops,100000,82000,88364.45235029781,86512.86108778526,0.11635547649702194,0,0,0,36
2026-01-24,MACBOOK_AIR_M2,Apple,Laptops,100000,82000,92210.98262159794,90802.73304495096,0.07789017378402065,0,0,1,32
2026-01-25,MACBOOK_AIR_M2,Apple,Laptops,100000,82000,92132.60345357645,94944.87548548075,0.07867396546423554,0,0,1,41
2026-01-26,MACBOOK_AIR_M2,Apple,Laptops,100000,82000,97809.66946876813,99004.95977799893,0.021903305312318606,0,0,0,30
2026-01-27,MACBOOK_AIR_M2,Apple,Laptops,100000,82000,92298.96591491574,97702.48455243165,0.07701034085084267,0,0,0,30
2026-01-28,MACBOOK_AIR_M2,Apple,Laptops,100000,82000,91278.52617132089,92186.4926571151,0.08721473828679113,0,0,0,32
2026-01-29,MACBOOK_AIR_M2,Apple,Laptops,100000,82000,92979.88146482286,94171.76485191261,0.07020118535177147,0,0,0,28
2026-01-30,MACBOOK_AIR_M2,Apple,Laptops,100000,82000,92144.4827068733,97016.89455882249,0.07855517293126703,0,0,0,31
2026-01-31,MACBOOK_AIR_M2,Apple,Laptops,100000,82000,85461.88476264311,86308.14434980683,0.14538115237356886,0,0,1,33
2026-02-01,MACBOOK_AIR_M2,Apple,Laptops,100000,82000,90239.18761332169,91762.18478638312,0.09760812386678319,0,0,1,40
2026-02-02,MACBOOK_AIR_M2,Apple,Laptops,100000,82000,89798.71311606234,90411.22386063664,0.10201286883937657,0,0,0,22
2026-02-03,MACBOOK_AIR_M2,Apple,Laptops,100000,82000,91937.09597221093,99057.71704231632,0.08062904027789079,0,0,0,51
2026-02-04,MACBOOK_AIR_M2,Apple,Laptops,100000,82000,90909.27995417401,93284.95979990537,0.09090720045825987,0,0,0,32
2026-02-05,MACBOOK_AIR_M2,Apple,Laptops,100000,82000,88307.30907870107,88452.55915262511,0.1169269092129893,0,0,0,37
2026-02-06,MACBOOK_AIR_M2,Apple,Laptops,100000,82000,95866.33924635737,98108.74932695688,0.04133660753642626,0,0,0,30
2026-02-07,MACBOOK_AIR_M2,Apple,Laptops,100000,82000,97011.0539378366,104830.54992918065,0.029889460621634042,0,0,1,34
2026-02-08,MACBOOK_AIR_M2,Apple,Laptops,100000,82000,87998.43503984495,91158.42784156854,0.12001564960155048,0,0,1,35
2026-02-09,MACBOOK_AIR_M2,Apple,Laptops,100000,82000,87271.18868782048,90136.71873047798,0.12728811312179508,0,0,0,31
2026-02-10,MACBOOK_AIR_M2,Apple,Laptops,100000,82000,91256.95133818833,92718.38751408922,0.08743048661811668,0,0,0,26
2026-02-11,MACBOOK_AIR_M2,Apple,Laptops,100000,82000,87669.97158582449,91422.70223952619,0.12330028414175509,0,0,0,43
2026-02-12,MACBOOK_AIR_M2,Apple,Laptops,100000,82000,95094.38199360472,95679.72318255674,0.04905618006395275,0,0,0,31
2026-02-13,MACBOOK_AIR_M2,Apple,Laptops,100000,82000,91774.96792494346,94865.17211099147,0.08225032075056536,0,0,0,41
2026-02-14,MACBOOK_AIR_M2,Apple,Laptops,100000,82000,94615.2605797036,93559.47965693017,0.05384739420296397,0,0,1,33
2026-02-15,MACBOOK_AIR_M2,Apple,Laptops,100000,82000,96420.62373751972,96215.41668461951,0.03579376262480268,0,0,1,23
2026-02-16,MACBOOK_AIR_M2,Apple,Laptops,100000,82000,93155.184573354,97708.05741673702,0.06844815426645998,0,0,0,37
2026-02-17,MACBOOK_AIR_M2,Apple,Laptops,100000,82000,89130.09225178625,92129.86281789765,0.10869907748213752,0,0,0,33
2026-02-18,MACBOOK_AIR_M2,Apple,Laptops,100000,82000,95464.70359558242,95916.99619539737,0.04535296404417579,0,0,0,34
2026-02-19,MACBOOK_AIR_M2,Apple,Laptops,100000,82000,87409.81713363896,85789.64166317464,0.12590182866361033,0,0,0,30
2026-02-20,MACBOOK_AIR_M2,Apple,Laptops,100000,82000,91670.38235789226,94283.75237942317,0.08329617642107748,0,0,0,45
2026-02-21,MACBOOK_AIR_M2,Apple,Laptops,100000,82000,95359.06317191527,92346.45586040165,0.0464093682808473,0,0,1,39
2026-02-22,MACBOOK_AIR_M2,Apple,Laptops,100000,82000,95486.15729059462,99358.58450653375,0.045138427094053774,0,0,1,29
2026-02-23,MACBOOK_AIR_M2,Apple,Laptops,100000,82000,95960.26855473257,96957.73901754899,0.04039731445267431,0,0,0,27
2026-02-24,MACBOOK_AIR_M2,Apple,Laptops,100000,82000,97929.13748428892,96835.46652225383,0.02070862515711082,0,0,0,25
2026-02-25,MACBOOK_AIR_M2,Apple,Laptops,100000,82000,91321.66847084109,92220.27197036981,0.08678331529158914,0,0,0,38
2026-02-26,MACBOOK_AIR_M2,Apple,Laptops,100000,82000,88359.9064804806,90114.1300853714,0.11640093519519407,0,0,0,45
2026-02-27,MACBOOK_AIR_M2,Apple,Laptops,100000,82000,95359.47605775703,95776.86558215583,0.046405239422429675,0,0,0,27
2026-02-28,MACBOOK_AIR_M2,Apple,Laptops,100000,82000,93469.55956799525,89555.61597630942,0.06530440432004747,0,0,1,35
2026-03-01,MACBOOK_AIR_M2,Apple,Laptops,100000,82000,86448.6005400254,87395.39535096838,0.13551399459974592,0,0,1,34
2026-03-02,MACBOOK_AIR_M2,Apple,Laptops,100000,82000,91272.24607813414,93669.25980122302,0.0872775392186586,0,0,0,40
2026-03-03,MACBOOK_AIR_M2,Apple,Laptops,100000,82000,93289.16448513712,93101.74731751168,0.06710835514862883,0,0,0,35
2026-03-04,MACBOOK_AIR_M2,Apple,Laptops,100000,82000,88211.67451036796,92657.50250456258,0.1178832548963205,0,0,0,27
2026-03-05,MACBOOK_AIR_M2,Apple,Laptops,100000,82000,97939.83650151308,101469.75160470943,0.020601634984869062,0,0,0,32
2026-03-06,MACBOOK_AIR_M2,Apple,Laptops,100000,82000,92785.07389780277,93551.81463432858,0.07214926102197239,0,0,0,34
2026-03-07,MACBOOK_AIR_M2,Apple,Laptops,100000,82000,99803.51450939156,102628.49808152988,0.001964854906084293,0,0,1,32
2026-03-08,MACBOOK_AIR_M2,Apple,Laptops,100000,82000,94849.71637084881,94446.42642876529,0.051502836291511846,0,0,1,37
2026-03-09,MACBOOK_AIR_M2,Apple,Laptops,100000,82000,90794.44269477297,94383.59612117242,0.09205557305227031,0,0,0,46
2026-03-10,MACBOOK_AIR_M2,Apple,Laptops,100000,82000,89606.48610123803,87620.65069237055,0.10393513898761972,0,0,0,34
2026-03-11,MACBOOK_AIR_M2,Apple,Laptops,100000,82000,88789.21672682754,86309.6157274898,0.11210783273172469,0,0,0,32
2026-03-12,MACBOOK_AIR_M2,Apple,Laptops,100000,82000,89895.67124146914,94979.08014802853,0.10104328758530856,0,0,0,28
2026-03-13,MACBOOK_AIR_M2,Apple,Laptops,100000,82000,89863.46000239103,90022.07697128196,0.10136539997608973,0,0,0,36
2026-03-14,MACBOOK_AIR_M2,Apple,Laptops,100000,82000,93120.59327877253,92794.00648912073,0.0687940672122746,0,0,1,53
2026-03-15,MACBOOK_AIR_M2,Apple,Laptops,100000,82000,95265.31964560557,94722.89085524726,0.04734680354394428,0,0,1,28
2026-03-16,MACBOOK_AIR_M2,Apple,Laptops,100000,82000,94303.61345947986,100194.85739657405,0.05696386540520136,0,0,0,35
2026-03-17,MACBOOK_AIR_M2,Apple,Laptops,100000,82000,89926.17646583695,92242.01830058027,0.10073823534163052,0,0,0,25
2026-03-18,MACBOOK_AIR_M2,Apple,Laptops,100000,82000,90419.58378066173,91926.24903495747,0.09580416219338272,0,0,0,31
2026-03-19,MACBOOK_AIR_M2,Apple,Laptops,100000,82000,93637.73302816637,91890.10140513205,0.06362266971833634,0,0,0,35
2026-03-20,MACBOOK_AIR_M2,Apple,Laptops,100000,82000,90744.42349601183,95691.02169291988,0.09255576503988157,0,0,0,42
2026-03-21,MACBOOK_AIR_M2,Apple,Laptops,100000,82000,90929.13991446757,94784.53015167298,0.09070860085532428,0,0,1,32
2026-03-22,MACBOOK_AIR_M2,Apple,Laptops,100000,82000,98030.66110251931,99773.79746840199,0.0196933889748069,0,0,1,29
2026-03-23,MACBOOK_AIR_M2,Apple,Laptops,100000,82000,96436.52196586577,97788.98511325018,0.03563478034134228,0,0,0,41
2026-03-24,MACBOOK_AIR_M2,Apple,Laptops,100000,82000,86723.02305240322,86704.22075148864,0.13276976947596777,0,0,0,36
2026-03-25,MACBOOK_AIR_M2,Apple,Laptops,100000,82000,96512.83731186188,99250.93387625879,0.03487162688138125,0,0,0,34
2026-03-26,MACBOOK_AIR_M2,Apple,Laptops,100000,82000,93195.32145251856,96208.04063195224,0.06804678547481433,0,0,0,37
2026-03-27,MACBOOK_AIR_M2,Apple,Laptops,100000,82000,94939.29092572046,94675.58467380429,0.05060709074279547,0,0,0,34
2026-03-28,MACBOOK_AIR_M2,Apple,Laptops,100000,82000,90073.05073510819,89245.84801665012,0.09926949264891811,0,0,1,36
2026-03-29,MACBOOK_AIR_M2,Apple,Laptops,100000,82000,89490.92162813192,86152.72024968099,0.1050907837186808,0,0,1,44
2026-03-30,MACBOOK_AIR_M2,Apple,Laptops,100000,82000,95968.81217588732,97121.3617148177,0.04031187824112685,0,0,0,43
2026-03-31,MACBOOK_AIR_M2,Apple,Laptops,100000,82000,84288.41564659784,86463.37628594007,0.15711584353402153,0,0,0,47
2026-04-01,MACBOOK_AIR_M2,Apple,Laptops,100000,82000,91559.2666283009,93634.54085104966,0.08440733371699093,0,0,0,41
2026-04-02,MACBOOK_AIR_M2,Apple,Laptops,100000,82000,93397.65508015074,89757.05742764981,0.06602344919849258,0,0,0,28
2026-04-03,MACBOOK_AIR_M2,Apple,Laptops,100000,82000,92984.179042691,93311.7528697014,0.07015820957308998,0,0,0,38
2026-04-04,MACBOOK_AIR_M2,Apple,Laptops,100000,82000,91078.57079348611,91982.64990505669,0.08921429206513888,0,0,1,24
2026-04-05,MACBOOK_AIR_M2,Apple,Laptops,100000,82000,95706.00303100298,91444.27396363352,0.042939969689970194,0,0,1,47
2026-04-06,MACBOOK_AIR_M2,Apple,Laptops,100000,82000,92379.16859135607,92067.72533585642,0.07620831408643938,0,0,0,34
2026-04-07,MACBOOK_AIR_M2,Apple,Laptops,100000,82000,86099.89532809114,89614.33881187331,0.13900104671908864,0,0,0,42
2026-04-08,MACBOOK_AIR_M2,Apple,Laptops,100000,82000,96515.58595058009,99080.47245096468,0.034844140494199004,0,0,0,41
2026-04-09,MACBOOK_AIR_M2,Apple,Laptops,100000,82000,90275.86679615431,92200.4638408872,0.09724133203845683,0,0,0,50
2026-04-10,MACBOOK_AIR_M2,Apple,Laptops,100000,82000,82546.96735657642,83215.21462987819,0.17453032643423583,0,0,0,36
2026-04-11,MACBOOK_AIR_M2,Apple,Laptops,100000,82000,89232.75445639314,92220.53452898505,0.10767245543606851,0,0,1,44
2026-04-12,MACBOOK_AIR_M2,Apple,Laptops,100000,82000,95094.96612726146,94887.60931492328,0.04905033872738539,0,0,1,46
2026-04-13,MACBOOK_AIR_M2,Apple,Laptops,100000,82000,91371.99667546773,95222.7759024598,0.08628003324532267,0,0,0,30
2026-04-14,MACBOOK_AIR_M2,Apple,Laptops,100000,82000,90921.55082212223,91655.33257041502,0.09078449177877766,0,0,0,35
2026-04-15,MACBOOK_AIR_M2,Apple,Laptops,100000,82000,93190.0692671821,93947.38402236272,0.06809930732817901,0,0,0,24
2026-04-16,MACBOOK_AIR_M2,Apple,Laptops,100000,82000,89001.67208045708,90323.3936467553,0.10998327919542923,0,0,0,37
2026-04-17,MACBOOK_AIR_M2,Apple,Laptops,100000,82000,93928.00114615032,101138.56114939015,0.06071998853849684,0,0,0,42
2026-04-18,MACBOOK_AIR_M2,Apple,Laptops,100000,82000,89927.63955879128,92227.56373647517,0.1007236044120872,0,0,1,33
2026-04-19,MACBOOK_AIR_M2,Apple,Laptops,100000,82000,90713.64833353506,88616.20975666594,0.09286351666464943,0,0,1,20
2026-04-20,MACBOOK_AIR_M2,Apple,Laptops,100000,82000,92610.26992744386,91856.38191380852,0.0738973007255613,0,0,0,41
2026-04-21,MACBOOK_AIR_M2,Apple,Laptops,100000,82000,90315.98938232184,91867.83613149465,0.09684010617678154,0,0,0,33
2026-04-22,MACBOOK_AIR_M2,Apple,Laptops,100000,82000,88778.6134356093,92036.47044891924,0.11221386564390698,0,0,0,34
2026-04-23,MACBOOK_AIR_M2,Apple,Laptops,100000,82000,94544.11284121648,97960.00955908246,0.05455887158783508,0,0,0,31
2026-04-24,MACBOOK_AIR_M2,Apple,Laptops,100000,82000,90924.41726192282,96003.52643386142,0.09075582738077184,0,0,0,41
2026-04-25,MACBOOK_AIR_M2,Apple,Laptops,100000,82000,88504.45700470915,87375.585518229,0.11495542995290844,0,0,1,41
2026-04-26,MACBOOK_AIR_M2,Apple,Laptops,100000,82000,91635.5331419253,94651.09577788772,0.0836446685807469,0,0,1,37
2026-04-27,MACBOOK_AIR_M2,Apple,Laptops,100000,82000,96594.94095582454,92278.64210713257,0.03405059044175459,0,0,0,42
2026-04-28,MACBOOK_AIR_M2,Apple,Laptops,100000,82000,91008.71264486249,89737.02909222424,0.08991287355137514,0,0,0,41
2026-04-29,MACBOOK_AIR_M2,Apple,Laptops,100000,82000,96393.02173521805,93824.0556471472,0.03606978264781948,0,0,0,38
2026-04-30,MACBOOK_AIR_M2,Apple,Laptops,100000,82000,86050.90040230476,88123.4457190063,0.1394909959769525,0,0,0,43
2026-05-01,MACBOOK_AIR_M2,Apple,Laptops,100000,82000,93583.48492683165,92723.67019615496,0.06416515073168355,0,0,0,35
2026-05-02,MACBOOK_AIR_M2,Apple,Laptops,100000,82000,94204.5357219808,95373.68555752504,0.05795464278019187,0,0,1,37
2026-05-03,MACBOOK_AIR_M2,Apple,Laptops,100000,82000,100000.0,103719.85063317137,0.0,0,0,1,31
2026-05-04,MACBOOK_AIR_M2,Apple,Laptops,100000,82000,90030.48048971272,88729.37289905432,0.09969519510287278,0,0,0,47
2026-05-05,MACBOOK_AIR_M2,Apple,Laptops,100000,82000,100000.0,99881.9391008062,0.0,0,0,0,30
2026-05-06,MACBOOK_AIR_M2,Apple,Laptops,100000,82000,94174.0573520583,90605.16893651379,0.05825942647941698,0,0,0,33
2026-05-07,MACBOOK_AIR_M2,Apple,Laptops,100000,82000,93534.43110812847,94347.05197338574,0.06465568891871526,0,0,0,38
2026-05-08,MACBOOK_AIR_M2,Apple,Laptops,100000,82000,82732.40525255019,84498.60950202812,0.17267594747449808,0,0,0,32
2026-05-09,MACBOOK_AIR_M2,Apple,Laptops,100000,82000,93374.65633345883,90802.56522913817,0.06625343666541168,0,0,1,48
2026-05-10,MACBOOK_AIR_M2,Apple,Laptops,100000,82000,94146.77260218133,93187.93466414022,0.05853227397818674,0,0,1,35
2026-05-11,MACBOOK_AIR_M2,Apple,Laptops,100000,82000,99237.36431767055,97369.4642057401,0.007626356823294447,0,0,0,33
2026-05-12,MACBOOK_AIR_M2,Apple,Laptops,100000,82000,93262.46575157352,93682.87652127426,0.06737534248426492,0,0,0,31
2026-05-13,MACBOOK_AIR_M2,Apple,Laptops,100000,82000,89287.18705889027,93553.60296644972,0.10712812941109742,0,0,0,43
2026-05-14,MACBOOK_AIR_M2,Apple,Laptops,100000,82000,92846.36269385142,95919.80507166647,0.07153637306148569,0,0,0,33
2026-05-15,MACBOOK_AIR_M2,Apple,Laptops,100000,82000,93369.43700217639,92228.17114821871,0.06630562997823608,0,0,0,31
2026-05-16,MACBOOK_AIR_M2,Apple,Laptops,100000,82000,89479.95263857312,89462.81593339152,0.10520047361426882,0,0,1,36
2026-05-17,MACBOOK_AIR_M2,Apple,Laptops,100000,82000,94692.00847932317,93427.85714108997,0.05307991520676838,0,0,1,56
2026-05-18,MACBOOK_AIR_M2,Apple,Laptops,100000,82000,97645.5588475194,98791.62017314658,0.023544411524806075,0,0,0,39
2026-05-19,MACBOOK_AIR_M2,Apple,Laptops,100000,82000,97065.8863222063,96721.09966714299,0.029341136777937073,0,0,0,31
2026-05-20,MACBOOK_AIR_M2,Apple,Laptops,100000,82000,92827.86638233643,90934.53997667278,0.07172133617663566,0,0,0,37
2026-05-21,MACBOOK_AIR_M2,Apple,Laptops,100000,82000,91401.36177576998,92620.83608991573,0.08598638224230015,0,0,0,36
2026-05-22,MACBOOK_AIR_M2,Apple,Laptops,100000,82000,87949.02318902161,91355.89803786324,0.12050976810978391,0,0,0,43
2026-05-23,MACBOOK_AIR_M2,Apple,Laptops,100000,82000,89660.83369637844,88025.67656996123,0.10339166303621564,0,0,1,47
2026-05-24,MACBOOK_AIR_M2,Apple,Laptops,100000,82000,98280.55254781115,96508.35862800393,0.01719447452188845,0,0,1,39
2026-05-25,MACBOOK_AIR_M2,Apple,Laptops,100000,82000,97420.04061767488,100330.51659519978,0.02579959382325126,0,0,0,43
2026-05-26,MACBOOK_AIR_M2,Apple,Laptops,100000,82000,94220.82463201879,96682.77590527399,0.057791753679812055,0,0,0,31
2026-05-27,MACBOOK_AIR_M2,Apple,Laptops,100000,82000,91937.8660883935,91366.65238105679,0.08062133911606502,0,0,0,34
2026-05-28,MACBOOK_AIR_M2,Apple,Laptops,100000,82000,95227.08513812014,94475.20560838576,0.04772914861879863,0,0,0,43
2026-05-29,MACBOOK_AIR_M2,Apple,Laptops,100000,82000,96675.39395802682,102107.72936473085,0.033246060419731736,0,0,0,34
2026-05-30,MACBOOK_AIR_M2,Apple,Laptops,100000,82000,92518.9909827459,95798.3172946112,0.0748100901725409,0,0,1,48
2026-05-31,MACBOOK_AIR_M2,Apple,Laptops,100000,82000,93518.466331734,94911.0510490538,0.06481533668265997,0,0,1,41
2026-06-01,MACBOOK_AIR_M2,Apple,Laptops,100000,82000,94918.1153425169,95096.13558658349,0.05081884657483095,0,0,0,26
2026-06-02,MACBOOK_AIR_M2,Apple,Laptops,100000,82000,89471.26480694972,89657.683186971,0.1052873519305028,0,0,0,33
2026-06-03,MACBOOK_AIR_M2,Apple,Laptops,100000,82000,91407.17885520052,90548.44042679113,0.08592821144799474,0,0,0,41
2026-06-04,MACBOOK_AIR_M2,Apple,Laptops,100000,82000,94290.19654869287,96615.66425144451,0.05709803451307138,0,0,0,34
2026-06-05,MACBOOK_AIR_M2,Apple,Laptops,100000,82000,96184.51364878206,95553.26154773256,0.03815486351217941,0,0,0,36
2026-06-06,MACBOOK_AIR_M2,Apple,Laptops,100000,82000,91647.1864533908,96354.80070949356,0.0835281354660921,0,0,1,27
2026-06-07,MACBOOK_AIR_M2,Apple,Laptops,100000,82000,86612.25217089757,88424.65170476027,0.13387747829102428,0,0,1,44
2026-06-08,MACBOOK_AIR_M2,Apple,Laptops,100000,82000,93024.08162467663,89328.62045545061,0.06975918375323364,0,0,0,37
2026-06-09,MACBOOK_AIR_M2,Apple,Laptops,100000,82000,85567.20289502703,87325.9162980005,0.14432797104972964,0,0,0,45
2026-06-10,MACBOOK_AIR_M2,Apple,Laptops,100000,82000,89025.62872138384,93562.11031737599,0.10974371278616173,0,0,0,22
2026-06-11,MACBOOK_AIR_M2,Apple,Laptops,100000,82000,92156.19668073255,92696.28043848656,0.07843803319267453,0,0,0,38
2026-06-12,MACBOOK_AIR_M2,Apple,Laptops,100000,82000,97418.91583880792,100283.2447587075,0.025810841611920765,0,0,0,37
2026-06-13,MACBOOK_AIR_M2,Apple,Laptops,100000,82000,88948.02287100599,88487.54520214225,0.11051977128994023,0,0,1,31
2026-06-14,MACBOOK_AIR_M2,Apple,Laptops,100000,82000,90070.50833528544,88719.13789258862,0.09929491664714557,0,0,1,40
2026-06-15,MACBOOK_AIR_M2,Apple,Laptops,100000,82000,95076.55694132658,95586.28961537492,0.04923443058673421,0,0,0,42
2026-06-16,MACBOOK_AIR_M2,Apple,Laptops,100000,82000,86367.29818536542,83591.68556511794,0.1363270181463457,0,0,0,30
2026-06-17,MACBOOK_AIR_M2,Apple,Laptops,100000,82000,96902.34449210291,96696.16048184462,0.030976555078970826,0,0,0,27
2026-06-18,MACBOOK_AIR_M2,Apple,Laptops,100000,82000,97406.17409012595,105379.07082182153,0.02593825909874052,0,0,0,33
2026-06-19,MACBOOK_AIR_M2,Apple,Laptops,100000,82000,92574.74824414523,89129.75623945412,0.0742525175585477,0,0,0,36
2026-06-20,MACBOOK_AIR_M2,Apple,Laptops,100000,82000,85195.93822499845,86829.92263640853,0.14804061775001548,0,0,1,38
2026-06-21,MACBOOK_AIR_M2,Apple,Laptops,100000,82000,92302.91156238211,95743.45419557526,0.0769708843761789,0,0,1,55
2026-06-22,MACBOOK_AIR_M2,Apple,Laptops,100000,82000,86180.27948787186,89845.3041998409,0.13819720512128142,0,0,0,35
2026-06-23,MACBOOK_AIR_M2,Apple,Laptops,100000,82000,91028.66360433298,91347.99679073668,0.08971336395667033,0,0,0,41
2026-06-24,MACBOOK_AIR_M2,Apple,Laptops,100000,82000,88490.16586815701,93104.64076189502,0.11509834131842991,0,0,0,29
2026-06-25,MACBOOK_AIR_M2,Apple,Laptops,100000,82000,90746.17892094942,95927.35703238778,0.09253821079050585,0,0,0,40
2026-06-26,MACBOOK_AIR_M2,Apple,Laptops,100000,82000,89564.88972634575,90889.20077009435,0.1043511027365425,0,0,0,25
2026-06-27,MACBOOK_AIR_M2,Apple,Laptops,100000,82000,99985.81725347202,98206.4428867654,0.00014182746527978407,0,0,1,39
2026-06-28,MACBOOK_AIR_M2,Apple,Laptops,100000,82000,92360.94821822981,92086.11501168889,0.07639051781770186,0,0,1,39
2026-06-29,MACBOOK_AIR_M2,Apple,Laptops,100000,82000,87245.74991749288,90437.71359275223,0.12754250082507118,0,0,0,30
2026-06-30,MACBOOK_AIR_M2,Apple,Laptops,100000,82000,93230.8598499532,98701.88963967358,0.067691401500468,0,0,0,29
2026-07-01,MACBOOK_AIR_M2,Apple,Laptops,100000,82000,92194.56683119744,93953.40506741621,0.0780543316880255,0,0,0,31
2026-07-02,MACBOOK_AIR_M2,Apple,Laptops,100000,82000,91654.11584244248,90765.6248358723,0.08345884157557511,0,0,0,30
2026-07-03,MACBOOK_AIR_M2,Apple,Laptops,100000,82000,92467.86570129184,93371.54769368896,0.0753213429870816,0,0,0,31
2026-07-04,MACBOOK_AIR_M2,Apple,Laptops,100000,82000,98150.98179640964,99895.71135544662,0.018490182035903566,0,0,1,32
2026-07-05,MACBOOK_AIR_M2,Apple,Laptops,100000,82000,88782.84846213066,87319.39485404971,0.11217151537869338,0,0,1,28
2026-07-06,MACBOOK_AIR_M2,Apple,Laptops,100000,82000,89492.4942871991,92973.15430849629,0.105075057128009,0,0,0,33
2026-07-07,MACBOOK_AIR_M2,Apple,Laptops,100000,82000,100000.0,100704.47888607264,0.0,0,0,0,28
2026-07-08,MACBOOK_AIR_M2,Apple,Laptops,100000,82000,85263.06573272047,86725.36100522138,0.1473693426727953,0,0,0,39
2026-07-09,MACBOOK_AIR_M2,Apple,Laptops,100000,82000,98284.64627224811,96247.27672903455,0.017153537277518907,0,0,0,30
2026-07-10,MACBOOK_AIR_M2,Apple,Laptops,100000,82000,90836.78769984799,93242.60408668066,0.09163212300152013,0,0,0,41
2026-07-11,MACBOOK_AIR_M2,Apple,Laptops,100000,82000,91726.72800136403,93265.26348918492,0.08273271998635963,0,0,1,50
2026-07-12,MACBOOK_AIR_M2,Apple,Laptops,100000,82000,91623.38797321967,91145.59077497695,0.08376612026780328,0,0,1,29
2026-07-13,MACBOOK_AIR_M2,Apple,Laptops,100000,82000,96707.45334012943,100292.49880966144,0.03292546659870567,0,0,0,38
2026-07-14,MACBOOK_AIR_M2,Apple,Laptops,100000,82000,95822.4196840284,93251.63381967318,0.04177580315971612,0,0,0,29
2026-07-15,MACBOOK_AIR_M2,Apple,Laptops,100000,82000,94327.99104749544,98322.62470255964,0.056720089525045564,0,0,0,34
2026-07-16,MACBOOK_AIR_M2,Apple,Laptops,100000,82000,90584.57146075004,86026.92012614384,0.0941542853924996,0,0,0,29
2026-07-17,MACBOOK_AIR_M2,Apple,Laptops,100000,82000,91193.13216476032,90338.91684499613,0.08806867835239687,0,0,0,28
2026-07-18,MACBOOK_AIR_M2,Apple,Laptops,100000,82000,84500.51137937536,88386.68551938249,0.15499488620624652,0,0,1,36
2026-07-19,MACBOOK_AIR_M2,Apple,Laptops,100000,82000,91143.90675622775,94022.7191145507,0.08856093243772262,0,0,1,26
2026-07-20,MACBOOK_AIR_M2,Apple,Laptops,100000,82000,94511.45523720018,95445.980262131,0.054885447627998143,0,0,0,32
2026-07-21,MACBOOK_AIR_M2,Apple,Laptops,100000,82000,94706.95224315255,97189.15700794212,0.052930477568474445,0,0,0,37
2026-07-22,MACBOOK_AIR_M2,Apple,Laptops,100000,82000,83155.46353584988,83241.05884109094,0.1684453646415012,0,0,0,30
2026-07-23,MACBOOK_AIR_M2,Apple,Laptops,100000,82000,92392.92318516954,93385.13606952502,0.07607076814830459,0,0,0,33
2026-07-24,MACBOOK_AIR_M2,Apple,Laptops,100000,82000,93073.07576137433,95369.30846223814,0.06926924238625662,0,0,0,31
2026-07-25,MACBOOK_AIR_M2,Apple,Laptops,100000,82000,88002.80892676715,87722.08581280346,0.11997191073232864,0,0,1,35
2026-07-26,MACBOOK_AIR_M2,Apple,Laptops,100000,82000,91939.85652365065,94523.53899583183,0.08060143476349349,0,0,1,33
2026-07-27,MACBOOK_AIR_M2,Apple,Laptops,100000,82000,94997.00843281098,93175.63601170709,0.050029915671890184,0,0,0,40
2026-07-28,MACBOOK_AIR_M2,Apple,Laptops,100000,82000,93909.79388026905,96677.04022280252,0.060902061197309544,0,0,0,27
2026-07-29,MACBOOK_AIR_M2,Apple,Laptops,100000,82000,100000.0,101589.46766049508,0.0,0,0,0,32
2026-07-30,MACBOOK_AIR_M2,Apple,Laptops,100000,82000,96915.10745843659,96469.97480545349,0.030848925415634068,0,0,0,19
2026-07-31,MACBOOK_AIR_M2,Apple,Laptops,100000,82000,88989.47221444608,88414.08390489829,0.11010527785553913,0,0,0,45
2025-01-01,DELL_XPS_13,Dell,Laptops,115000,92000,104929.37071972553,106284.44345235192,0.08757068939369107,0,0,0,24
2025-01-02,DELL_XPS_13,Dell,Laptops,115000,92000,103006.51874085405,98613.27474698442,0.10429114138387788,0,0,0,22
2025-01-03,DELL_XPS_13,Dell,Laptops,115000,92000,107740.55024439392,109455.36746146312,0.06312565004874857,0,0,0,17
2025-01-04,DELL_XPS_13,Dell,Laptops,115000,92000,108773.32894380811,108392.24419787199,0.05414496570601648,0,0,1,15
2025-01-05,DELL_XPS_13,Dell,Laptops,115000,92000,108752.03629643939,109809.63266217322,0.05433011916139664,0,0,1,24
2025-01-06,DELL_XPS_13,Dell,Laptops,115000,92000,103056.3158781253,110219.7288239352,0.10385812279891038,0,0,0,21
2025-01-07,DELL_XPS_13,Dell,Laptops,115000,92000,108296.5637940874,110174.82515227595,0.05829074961663125,0,0,0,13
2025-01-08,DELL_XPS_13,Dell,Laptops,115000,92000,102645.48112806966,100084.22485481985,0.10743059888635072,0,0,0,28
2025-01-09,DELL_XPS_13,Dell,Laptops,115000,92000,106957.5261940582,107474.2529679857,0.0699345548342766,0,0,0,14
2025-01-10,DELL_XPS_13,Dell,Laptops,115000,92000,106354.58809129892,105196.38332816382,0.07517749485827019,0,0,0,17
2025-01-11,DELL_XPS_13,Dell,Laptops,115000,92000,104519.40870717521,106645.45863778295,0.09113557645934599,0,0,1,22
2025-01-12,DELL_XPS_13,Dell,Laptops,115000,92000,109461.26949529743,114362.51407128801,0.04816287395393542,0,0,1,19
2025-01-13,DELL_XPS_13,Dell,Laptops,115000,92000,110727.50565863121,108076.41587866895,0.037152124707554676,0,0,0,20
2025-01-14,DELL_XPS_13,Dell,Laptops,115000,92000,105235.31896155531,104560.2949971553,0.08491026989951904,0,0,0,31
2025-01-15,DELL_XPS_13,Dell,Laptops,115000,92000,102146.86246053675,101063.53768136824,0.1117664133866369,0,0,0,17
2025-01-16,DELL_XPS_13,Dell,Laptops,115000,92000,108394.14350004958,111532.91917941073,0.05744223043435148,0,0,0,18
2025-01-17,DELL_XPS_13,Dell,Laptops,115000,92000,105168.48256667599,103987.22764142147,0.08549145594194797,0,0,0,20
2025-01-18,DELL_XPS_13,Dell,Laptops,115000,92000,108934.42654936084,108636.03744538224,0.052744116962079646,0,0,1,21
2025-01-19,DELL_XPS_13,Dell,Laptops,115000,92000,103283.20971201817,104394.23658876192,0.1018851329389724,0,0,1,24
2025-01-20,DELL_XPS_13,Dell,Laptops,115000,92000,104056.98832611911,105912.42392986934,0.09515662325113813,0,0,0,20
2025-01-21,DELL_XPS_13,Dell,Laptops,115000,92000,111413.10204113745,112807.64731404392,0.03119041703358736,0,0,0,14
2025-01-22,DELL_XPS_13,Dell,Laptops,115000,92000,109392.17149505553,113049.71593031724,0.04876372612995198,0,0,0,22
2025-01-23,DELL_XPS_13,Dell,Laptops,115000,92000,101816.86269839836,101411.56591818715,0.11463597653566648,0,0,0,22
2025-01-24,DELL_XPS_13,Dell,Laptops,115000,92000,103740.98899769892,105726.1554073231,0.09790444349827017,0,0,0,14
2025-01-25,DELL_XPS_13,Dell,Laptops,115000,92000,106130.60007080504,109810.04613627035,0.07712521677560838,0,0,1,28
2025-01-26,DELL_XPS_13,Dell,Laptops,115000,92000,102833.29055076388,103093.10555116579,0.10579747347161852,0,0,1,22
2025-01-27,DELL_XPS_13,Dell,Laptops,115000,92000,99724.07387798415,101803.63739625445,0.13283414019144213,0,0,0,14
2025-01-28,DELL_XPS_13,Dell,Laptops,115000,92000,106155.24742629354,106676.04636129494,0.07691089194527356,0,0,0,20
2025-01-29,DELL_XPS_13,Dell,Laptops,115000,92000,109035.30779989077,111723.00570035976,0.051866888696602,0,0,0,18
2025-01-30,DELL_XPS_13,Dell,Laptops,115000,92000,98907.96139332313,99579.17298860545,0.1399307704928423,0,0,0,35
2025-01-31,DELL_XPS_13,Dell,Laptops,115000,92000,109724.46107437753,112900.31155724321,0.045874251527152,0,0,0,19
2025-02-01,DELL_XPS_13,Dell,Laptops,115000,92000,107427.21993295362,106307.99499643224,0.06585026145257723,0,0,1,20
2025-02-02,DELL_XPS_13,Dell,Laptops,115000,92000,111582.52346352146,114235.56567916005,0.029717187273726388,0,0,1,19
2025-02-03,DELL_XPS_13,Dell,Laptops,115000,92000,100999.76002496631,98989.00655700288,0.12174121717420607,0,0,0,23
2025-02-04,DELL_XPS_13,Dell,Laptops,115000,92000,107023.05030366154,107510.9279322378,0.06936477996816044,0,0,0,25
2025-02-05,DELL_XPS_13,Dell,Laptops,115000,92000,108829.69494865985,113934.12018585074,0.053654826533392624,0,0,0,22
2025-02-06,DELL_XPS_13,Dell,Laptops,115000,92000,103215.46295939675,102287.42238443227,0.10247423513568044,0,0,0,25
2025-02-07,DELL_XPS_13,Dell,Laptops,115000,92000,109788.21453491728,109220.98290832342,0.04531987360941497,0,0,0,21
2025-02-08,DELL_XPS_13,Dell,Laptops,115000,92000,113033.50326220714,119100.74368270818,0.01709997163298134,0,0,1,17
2025-02-09,DELL_XPS_13,Dell,Laptops,115000,92000,104770.46838438637,107455.41278818845,0.08895244883142278,0,0,1,22
2025-02-10,DELL_XPS_13,Dell,Laptops,115000,92000,102475.54235907308,105403.80581705958,0.1089083273124081,0,0,0,30
2025-02-11,DELL_XPS_13,Dell,Laptops,115000,92000,102039.54707901289,99534.57113329989,0.11269959061727915,0,0,0,21
2025-02-12,DELL_XPS_13,Dell,Laptops,115000,92000,110369.64803198606,110751.00917738081,0.04026393015664294,0,0,0,20
2025-02-13,DELL_XPS_13,Dell,Laptops,115000,92000,105928.5339074545,110780.26892032516,0.07888231384822163,0,0,0,16
2025-02-14,DELL_XPS_13,Dell,Laptops,115000,92000,107479.37021183422,112237.45998867681,0.06539678076665899,0,0,0,24
2025-02-15,DELL_XPS_13,Dell,Laptops,115000,92000,102829.81192179483,102200.47049964192,0.10582772241917543,0,0,1,16
2025-02-16,DELL_XPS_13,Dell,Laptops,115000,92000,108490.4429483613,121723.79323776525,0.05660484392729305,0,0,1,26
2025-02-17,DELL_XPS_13,Dell,Laptops,115000,92000,108308.30076911495,113641.35835513563,0.058188688964217763,0,0,0,23
2025-02-18,DELL_XPS_13,Dell,Laptops,115000,92000,98421.71555269625,95766.57007846885,0.14415899519394573,0,0,0,34
2025-02-19,DELL_XPS_13,Dell,Laptops,115000,92000,110267.10394431138,108602.65559911044,0.041155617875553246,0,0,0,23
2025-02-20,DELL_XPS_13,Dell,Laptops,115000,92000,108081.38389468567,114762.43069722551,0.06016187917664638,0,0,0,30
2025-02-21,DELL_XPS_13,Dell,Laptops,115000,92000,98133.6634746214,99099.14761189606,0.14666379587285733,0,0,0,25
2025-02-22,DELL_XPS_13,Dell,Laptops,115000,92000,107614.09390068846,103284.73762222857,0.06422527042879594,0,0,1,15
2025-02-23,DELL_XPS_13,Dell,Laptops,115000,92000,104968.81485878804,106252.657695504,0.08722769688010407,0,0,1,25
2025-02-24,DELL_XPS_13,Dell,Laptops,115000,92000,107569.45501589344,109182.94897235779,0.06461343464440479,0,0,0,18
2025-02-25,DELL_XPS_13,Dell,Laptops,115000,92000,106932.20695199502,107684.6508404132,0.07015472215656507,0,0,0,27
2025-02-26,DELL_XPS_13,Dell,Laptops,115000,92000,108699.5631441719,108277.26425587661,0.054786407441983494,0,0,0,25
2025-02-27,DELL_XPS_13,Dell,Laptops,115000,92000,107782.08755245917,110099.52474294166,0.06276445606557242,0,0,0,21
2025-02-28,DELL_XPS_13,Dell,Laptops,115000,92000,101323.95576286654,106570.90050251366,0.11892212380116052,0,0,0,32
2025-03-01,DELL_XPS_13,Dell,Laptops,115000,92000,101665.55397083734,102639.50663313782,0.11595170460141449,0,0,1,16
2025-03-02,DELL_XPS_13,Dell,Laptops,115000,92000,103215.51627003058,100925.73527959462,0.10247377156495148,0,0,1,21
2025-03-03,DELL_XPS_13,Dell,Laptops,115000,92000,96781.53621629851,95783.27213858151,0.1584214242060999,0,0,0,20
2025-03-04,DELL_XPS_13,Dell,Laptops,115000,92000,103546.75765822869,104951.42480440007,0.09959341166757663,0,0,0,25
2025-03-05,DELL_XPS_13,Dell,Laptops,115000,92000,111356.06913306437,110222.2478452235,0.03168635536465764,0,0,0,20
2025-03-06,DELL_XPS_13,Dell,Laptops,115000,92000,101019.9429324775,101652.12334139016,0.12156571363063046,0,0,0,12
2025-03-07,DELL_XPS_13,Dell,Laptops,115000,92000,109694.8171238613,109960.11190642517,0.04613202500990175,0,0,0,28
2025-03-08,DELL_XPS_13,Dell,Laptops,115000,92000,109696.40042708752,109242.38687417984,0.046118257155760636,0,0,1,32
2025-03-09,DELL_XPS_13,Dell,Laptops,115000,92000,112200.52007609855,113273.80778997936,0.024343303686099563,0,0,1,18
2025-03-10,DELL_XPS_13,Dell,Laptops,115000,92000,105265.94440798936,104870.00794632485,0.0846439616696577,0,0,0,24
2025-03-11,DELL_XPS_13,Dell,Laptops,115000,92000,101043.14111688329,100803.39050997434,0.12136399028797139,0,0,0,24
2025-03-12,DELL_XPS_13,Dell,Laptops,115000,92000,106405.15217430222,105849.65566492279,0.07473780717998064,0,0,0,22
2025-03-13,DELL_XPS_13,Dell,Laptops,115000,92000,107426.37953726621,110349.30908399384,0.06585756924116343,0,0,0,26
2025-03-14,DELL_XPS_13,Dell,Laptops,115000,92000,110868.66459631715,113088.97121726161,0.03592465568419866,0,0,0,17
2025-03-15,DELL_XPS_13,Dell,Laptops,115000,92000,108728.04946759052,106497.99854516597,0.05453870028182148,0,0,1,29
2025-03-16,DELL_XPS_13,Dell,Laptops,115000,92000,107298.5813731212,112570.84379229129,0.06696885762503305,0,0,1,20
2025-03-17,DELL_XPS_13,Dell,Laptops,115000,92000,101130.8050736517,103268.19647791631,0.1206016950117243,0,0,0,26
2025-03-18,DELL_XPS_13,Dell,Laptops,115000,92000,104755.59773707693,105852.37887261322,0.08908175880802668,0,0,0,26
2025-03-19,DELL_XPS_13,Dell,Laptops,115000,92000,103717.96640487073,106386.72868003252,0.09810463995764573,0,0,0,20
2025-03-20,DELL_XPS_13,Dell,Laptops,115000,92000,107842.81365769122,111170.03560797493,0.062236402976598104,0,0,0,19
2025-03-21,DELL_XPS_13,Dell,Laptops,115000,92000,111503.38531221599,114239.04577147841,0.030405345111165313,0,0,0,22
2025-03-22,DELL_XPS_13,Dell,Laptops,115000,92000,107600.16154676891,111954.37750104447,0.06434642133244425,0,0,1,29
2025-03-23,DELL_XPS_13,Dell,Laptops,115000,92000,107869.69301356119,111645.10801199937,0.06200266944729409,0,0,1,23
2025-03-24,DELL_XPS_13,Dell,Laptops,115000,92000,104624.55622003309,112860.55529248396,0.09022125026058178,0,0,0,23
2025-03-25,DELL_XPS_13,Dell,Laptops,115000,92000,112671.58462814648,116987.71579386662,0.020247090190030653,0,0,0,21
2025-03-26,DELL_XPS_13,Dell,Laptops,115000,92000,100940.11135964449,101049.7766619499,0.12225990122048269,0,0,0,28
2025-03-27,DELL_XPS_13,Dell,Laptops,115000,92000,109225.7370170084,106980.53176158913,0.05021098246079647,0,0,0,27
2025-03-28,DELL_XPS_13,Dell,Laptops,115000,92000,104695.08120033954,105263.25277282443,0.08960798956226493,0,0,0,25
2025-03-29,DELL_XPS_13,Dell,Laptops,115000,92000,103930.43738755165,104035.00435572243,0.09625706619520319,0,0,1,32
2025-03-30,DELL_XPS_13,Dell,Laptops,115000,92000,101008.79528549794,101304.76820165137,0.12166264969132232,0,0,1,26
2025-03-31,DELL_XPS_13,Dell,Laptops,115000,92000,109472.1101941171,109301.06233946343,0.048068607007677476,0,0,0,25
2025-04-01,DELL_XPS_13,Dell,Laptops,115000,92000,107748.17898336501,110993.52031091753,0.06305931318813025,0,0,0,24
2025-04-02,DELL_XPS_13,Dell,Laptops,115000,92000,99700.52808421403,102602.54271451778,0.13303888622422574,0,0,0,22
2025-04-03,DELL_XPS_13,Dell,Laptops,115000,92000,100743.70908862354,102108.47918582549,0.12396774705544757,0,0,0,21
2025-04-04,DELL_XPS_13,Dell,Laptops,115000,92000,102968.43857108754,106557.9448056988,0.10462227329489102,0,0,0,25
2025-04-05,DELL_XPS_13,Dell,Laptops,115000,92000,102482.78673709105,102883.79914111926,0.10884533272094735,0,0,1,21
2025-04-06,DELL_XPS_13,Dell,Laptops,115000,92000,104449.92918506652,104218.1102837049,0.09173974621681294,0,0,1,26
2025-04-07,DELL_XPS_13,Dell,Laptops,115000,92000,103251.90714632366,101241.08613338649,0.10215732916240296,0,0,0,27
2025-04-08,DELL_XPS_13,Dell,Laptops,115000,92000,108066.34145417529,112178.64866316022,0.06029268300717143,0,0,0,26
2025-04-09,DELL_XPS_13,Dell,Laptops,115000,92000,103889.7192097851,105062.94031516711,0.09661113730621664,0,0,0,22
2025-04-10,DELL_XPS_13,Dell,Laptops,115000,92000,105036.66698162854,108798.39476160564,0.08663767842062144,0,0,0,21
2025-04-11,DELL_XPS_13,Dell,Laptops,115000,92000,105619.58689397256,108425.57812247203,0.08156880961762997,0,0,0,19
2025-04-12,DELL_XPS_13,Dell,Laptops,115000,92000,103087.29026436705,100206.13164153448,0.10358878030985175,0,0,1,34
2025-04-13,DELL_XPS_13,Dell,Laptops,115000,92000,100627.95664808227,101241.97310011773,0.1249742900166759,0,0,1,25
2025-04-14,DELL_XPS_13,Dell,Laptops,115000,92000,104274.02737689632,103928.09545598003,0.09326932715742331,0,0,0,32
2025-04-15,DELL_XPS_13,Dell,Laptops,115000,92000,106613.81609993517,105182.3718910897,0.07292333826143331,0,0,0,27
2025-04-16,DELL_XPS_13,Dell,Laptops,115000,92000,99017.61601003393,95007.58531363345,0.13897725208666145,0,0,0,26
2025-04-17,DELL_XPS_13,Dell,Laptops,115000,92000,102080.9697165414,101696.92002806453,0.11233939376920526,0,0,0,24
2025-04-18,DELL_XPS_13,Dell,Laptops,115000,92000,109587.43347666293,106879.82269939204,0.047065795855104904,0,0,0,24
2025-04-19,DELL_XPS_13,Dell,Laptops,115000,92000,105238.70382423248,108349.73361068965,0.0848808363110219,0,0,1,33
2025-04-20,DELL_XPS_13,Dell,Laptops,115000,92000,103106.97210065213,103053.0121891645,0.10341763390737277,0,0,1,18
2025-04-21,DELL_XPS_13,Dell,Laptops,115000,92000,104228.3007171558,108072.03394263046,0.09366695028560174,0,0,0,27
2025-04-22,DELL_XPS_13,Dell,Laptops,115000,92000,105343.0759766763,107031.40675964048,0.08397325237672797,0,0,0,22
2025-04-23,DELL_XPS_13,Dell,Laptops,115000,92000,105219.93163981178,108349.5199603985,0.08504407269728886,0,0,0,26
2025-04-24,DELL_XPS_13,Dell,Laptops,115000,92000,102841.88270362638,101534.9134190872,0.10572275909890105,0,0,0,25
2025-04-25,DELL_XPS_13,Dell,Laptops,115000,92000,110801.32011126881,113372.65847755384,0.0365102599020103,0,0,0,28
2025-04-26,DELL_XPS_13,Dell,Laptops,115000,92000,100699.22357356852,100733.87143559047,0.12435457762114337,0,0,1,27
2025-04-27,DELL_XPS_13,Dell,Laptops,115000,92000,105533.24418218945,108659.37286184038,0.08231961580704822,0,0,1,25
2025-04-28,DELL_XPS_13,Dell,Laptops,115000,92000,106511.11724815068,109698.29181605934,0.07381637175521151,0,0,0,22
2025-04-29,DELL_XPS_13,Dell,Laptops,115000,92000,99627.16804592499,104434.29706585169,0.13367679960065232,0,0,0,21
2025-04-30,DELL_XPS_13,Dell,Laptops,115000,92000,108262.61098737811,107146.47393284671,0.05858599141410341,0,0,0,19
2025-05-01,DELL_XPS_13,Dell,Laptops,115000,92000,103075.7284422032,101320.58238780909,0.10368931789388525,0,0,0,15
2025-05-02,DELL_XPS_13,Dell,Laptops,115000,92000,102485.22686763607,103554.19795738012,0.10882411419446908,0,0,0,26
2025-05-03,DELL_XPS_13,Dell,Laptops,115000,92000,100023.8617166915,104677.01857064103,0.13022728942007392,0,0,1,20
2025-05-04,DELL_XPS_13,Dell,Laptops,115000,92000,110036.40529636445,105396.03658522983,0.043161693075091746,0,0,1,24
2025-05-05,DELL_XPS_13,Dell,Laptops,115000,92000,108052.60807782128,108646.53111199551,0.06041210367111932,0,0,0,22
2025-05-06,DELL_XPS_13,Dell,Laptops,115000,92000,109416.4242092607,109769.87619576328,0.048552832962950425,0,0,0,17
2025-05-07,DELL_XPS_13,Dell,Laptops,115000,92000,100395.3227181974,100720.3392628364,0.12699719375480512,0,0,0,25
2025-05-08,DELL_XPS_13,Dell,Laptops,115000,92000,108131.70386703065,106209.32825395871,0.05972431419973349,0,0,0,28
2025-05-09,DELL_XPS_13,Dell,Laptops,115000,92000,106011.53050172878,110128.29684094206,0.07816060433279323,0,0,0,28
2025-05-10,DELL_XPS_13,Dell,Laptops,115000,92000,100936.02904372725,99992.21244602477,0.1222953996197631,0,0,1,30
2025-05-11,DELL_XPS_13,Dell,Laptops,115000,92000,105188.81361269268,104436.55179775856,0.08531466423745497,0,0,1,23
2025-05-12,DELL_XPS_13,Dell,Laptops,115000,92000,112098.53906044574,115365.21129301046,0.025230095126558875,0,0,0,20
2025-05-13,DELL_XPS_13,Dell,Laptops,115000,92000,105896.08064744555,104991.80420797963,0.07916451610916915,0,0,0,21
2025-05-14,DELL_XPS_13,Dell,Laptops,115000,92000,110218.0145384039,112719.77794384805,0.04158248227474862,0,0,0,17
2025-05-15,DELL_XPS_13,Dell,Laptops,115000,92000,103749.25693413176,102088.0567520281,0.09783254839885422,0,0,0,24
2025-05-16,DELL_XPS_13,Dell,Laptops,115000,92000,103467.5175811574,103818.76578596249,0.10028245581602258,0,0,0,20
2025-05-17,DELL_XPS_13,Dell,Laptops,115000,92000,104326.26023298812,104047.95904160672,0.09281512840879888,0,0,1,30
2025-05-18,DELL_XPS_13,Dell,Laptops,115000,92000,105826.881256537,108831.21883917501,0.07976624994315648,0,0,1,20
2025-05-19,DELL_XPS_13,Dell,Laptops,115000,92000,111265.2384084384,111349.47541568978,0.03247618775270952,0,0,0,20
2025-05-20,DELL_XPS_13,Dell,Laptops,115000,92000,106638.09640619134,106274.60438701157,0.07271220516355364,0,0,0,24
2025-05-21,DELL_XPS_13,Dell,Laptops,115000,92000,100161.8714633125,102305.25638444994,0.1290272046668478,0,0,0,28
2025-05-22,DELL_XPS_13,Dell,Laptops,115000,92000,109034.21211974404,117629.45950332287,0.051876416350051774,0,0,0,20
2025-05-23,DELL_XPS_13,Dell,Laptops,115000,92000,99106.77253867555,97940.67533789303,0.13820197792456052,0,0,0,16
2025-05-24,DELL_XPS_13,Dell,Laptops,115000,92000,100044.12768459148,101547.40991633957,0.13005106361224794,0,0,1,27
2025-05-25,DELL_XPS_13,Dell,Laptops,115000,92000,110358.74434434804,114982.1461930113,0.04035874483175611,0,0,1,21
2025-05-26,DELL_XPS_13,Dell,Laptops,115000,92000,109033.72307566456,111496.89474441562,0.0518806689072647,0,0,0,31
2025-05-27,DELL_XPS_13,Dell,Laptops,115000,92000,103110.30130113606,106961.90111649709,0.10338868433794735,0,0,0,23
2025-05-28,DELL_XPS_13,Dell,Laptops,115000,92000,107897.38307257694,110631.33047229172,0.06176188632541793,0,0,0,19
2025-05-29,DELL_XPS_13,Dell,Laptops,115000,92000,101777.49169076902,102479.42974176178,0.11497833312374765,0,0,0,21
2025-05-30,DELL_XPS_13,Dell,Laptops,115000,92000,105603.91536543993,109674.6731502458,0.08170508377878326,0,0,0,22
2025-05-31,DELL_XPS_13,Dell,Laptops,115000,92000,97714.13958813807,98435.2201872898,0.15031182966836448,0,0,1,17
2025-06-01,DELL_XPS_13,Dell,Laptops,115000,92000,106357.73468417457,100594.64534835024,0.07515013318109062,0,0,1,29
2025-06-02,DELL_XPS_13,Dell,Laptops,115000,92000,99505.05561913969,98434.79259033111,0.13473864679008965,0,0,0,29
2025-06-03,DELL_XPS_13,Dell,Laptops,115000,92000,105754.8871833865,100775.73437537478,0.08039228536185647,0,0,0,29
2025-06-04,DELL_XPS_13,Dell,Laptops,115000,92000,109613.37715244929,110013.04251278035,0.04684019867435394,0,0,0,20
2025-06-05,DELL_XPS_13,Dell,Laptops,115000,92000,101666.30724255467,102673.44282525002,0.11594515441256797,0,0,0,24
2025-06-06,DELL_XPS_13,Dell,Laptops,115000,92000,107225.69429070342,108074.9736328291,0.06760265834170928,0,0,0,26
2025-06-07,DELL_XPS_13,Dell,Laptops,115000,92000,104501.2507112634,108434.65987988979,0.0912934720759704,0,0,1,17
2025-06-08,DELL_XPS_13,Dell,Laptops,115000,92000,106060.85724558355,107665.51795317241,0.07773167612536044,0,0,1,30
2025-06-09,DELL_XPS_13,Dell,Laptops,115000,92000,110636.17996382563,108045.29613688224,0.03794626118412496,0,0,0,11
2025-06-10,DELL_XPS_13,Dell,Laptops,115000,92000,103999.27015669446,103982.74245911899,0.09565852037656997,0,0,0,13
2025-06-11,DELL_XPS_13,Dell,Laptops,115000,92000,99679.58137040307,103820.6727905473,0.13322103156171242,0,0,0,21
2025-06-12,DELL_XPS_13,Dell,Laptops,115000,92000,102378.73282142238,104943.15687948474,0.10975014937893576,0,0,0,16
2025-06-13,DELL_XPS_13,Dell,Laptops,115000,92000,108547.22368576803,108230.35380392578,0.0561110983846259,0,0,0,24
2025-06-14,DELL_XPS_13,Dell,Laptops,115000,92000,108564.69294502222,106865.55983443234,0.05595919178241552,0,0,1,29
2025-06-15,DELL_XPS_13,Dell,Laptops,115000,92000,111623.70394121183,116796.44168302645,0.029359096163375384,0,0,1,14
2025-06-16,DELL_XPS_13,Dell,Laptops,115000,92000,112240.7618792177,115345.6802453155,0.023993374963324418,0,0,0,25
2025-06-17,DELL_XPS_13,Dell,Laptops,115000,92000,109425.76725757074,109647.09172072729,0.04847158906460226,0,0,0,19
2025-06-18,DELL_XPS_13,Dell,Laptops,115000,92000,108494.94811366264,105418.62550163105,0.05656566857684663,0,0,0,20
2025-06-19,DELL_XPS_13,Dell,Laptops,115000,92000,105069.62749705628,101465.66617585356,0.08635106524298887,0,0,0,22
2025-06-20,DELL_XPS_13,Dell,Laptops,115000,92000,105098.17045923258,109463.68306306239,0.08610286557189062,0,0,0,24
2025-06-21,DELL_XPS_13,Dell,Laptops,115000,92000,102061.37373464784,99901.93500636956,0.11250979361175784,0,0,1,31
2025-06-22,DELL_XPS_13,Dell,Laptops,115000,92000,102452.27411814858,102988.90453615217,0.10911065984218621,0,0,1,28
2025-06-23,DELL_XPS_13,Dell,Laptops,115000,92000,102045.323458242,103250.37767766857,0.1126493612326783,0,0,0,23
2025-06-24,DELL_XPS_13,Dell,Laptops,115000,92000,102990.21405370638,96927.89689113564,0.1044329212721184,0,0,0,15
2025-06-25,DELL_XPS_13,Dell,Laptops,115000,92000,106396.46189387466,111163.0009801077,0.07481337483587253,0,0,0,26
2025-06-26,DELL_XPS_13,Dell,Laptops,115000,92000,109045.48315599043,112204.41137819477,0.05177840733921364,0,0,0,31
2025-06-27,DELL_XPS_13,Dell,Laptops,115000,92000,115000.0,112068.0022238095,0.0,0,0,0,17
2025-06-28,DELL_XPS_13,Dell,Laptops,115000,92000,107935.58593148002,108868.30902786233,0.06142968755234768,0,0,1,19
2025-06-29,DELL_XPS_13,Dell,Laptops,115000,92000,104706.88164438179,108395.95364780331,0.08950537700537574,0,0,1,20
2025-06-30,DELL_XPS_13,Dell,Laptops,115000,92000,108743.32541764135,103248.0365138658,0.05440586593355343,0,0,0,27
2025-07-01,DELL_XPS_13,Dell,Laptops,115000,92000,101708.01109055357,100510.99329465121,0.11558251225605588,0,0,0,22
2025-07-02,DELL_XPS_13,Dell,Laptops,115000,92000,102462.17341156998,103883.45298287662,0.10902457902982636,0,0,0,27
2025-07-03,DELL_XPS_13,Dell,Laptops,115000,92000,108775.02465090358,109264.5936074046,0.05413022042692538,0,0,0,20
2025-07-04,DELL_XPS_13,Dell,Laptops,115000,92000,110901.03128801545,110154.23456656866,0.03564320619117001,0,0,0,28
2025-07-05,DELL_XPS_13,Dell,Laptops,115000,92000,109576.1739011655,111650.34838022196,0.04716370520725652,0,0,1,16
2025-07-06,DELL_XPS_13,Dell,Laptops,115000,92000,109406.18668944483,111241.56915803358,0.04864185487439274,0,0,1,20
2025-07-07,DELL_XPS_13,Dell,Laptops,115000,92000,104565.85535739776,105999.61970723321,0.09073169254436728,0,0,0,28
2025-07-08,DELL_XPS_13,Dell,Laptops,115000,92000,103716.02479177192,103008.1960620024,0.09812152354980944,0,0,0,24
2025-07-09,DELL_XPS_13,Dell,Laptops,115000,92000,99685.94622056281,100710.6380226444,0.13316568503858434,0,0,0,18
2025-07-10,DELL_XPS_13,Dell,Laptops,115000,92000,112013.11285054158,115842.36349661295,0.02597293173442103,0,0,0,22
2025-07-11,DELL_XPS_13,Dell,Laptops,115000,92000,106532.33038932823,109187.79813517926,0.07363190965801535,0,0,0,23
2025-07-12,DELL_XPS_13,Dell,Laptops,115000,92000,101821.18242879405,103001.85306800649,0.11459841366266046,0,0,1,24
2025-07-13,DELL_XPS_13,Dell,Laptops,115000,92000,104767.27598170654,107672.02669527412,0.08898020885472577,0,0,1,22
2025-07-14,DELL_XPS_13,Dell,Laptops,115000,92000,97343.52656100222,94035.58175751858,0.15353455164345892,0,0,0,16
2025-07-15,DELL_XPS_13,Dell,Laptops,115000,92000,113476.56854874743,114038.9176381476,0.013247230010891897,0,0,0,18
2025-07-16,DELL_XPS_13,Dell,Laptops,115000,92000,105660.05377641981,109671.28295072372,0.08121692368330599,0,0,0,22
2025-07-17,DELL_XPS_13,Dell,Laptops,115000,92000,105405.22618762383,109170.43039322918,0.08343281575979279,0,0,0,16
2025-07-18,DELL_XPS_13,Dell,Laptops,115000,92000,110700.43478801886,108232.34796631521,0.03738752358244468,0,0,0,23
2025-07-19,DELL_XPS_13,Dell,Laptops,115000,92000,108073.92989478726,110854.49729669132,0.060226696567067285,0,0,1,22
2025-07-20,DELL_XPS_13,Dell,Laptops,115000,92000,103109.03546924307,100407.2571034877,0.10339969157179943,0,0,1,30
2025-07-21,DELL_XPS_13,Dell,Laptops,115000,92000,115000.0,119989.42755239252,0.0,0,0,0,24
2025-07-22,DELL_XPS_13,Dell,Laptops,115000,92000,107461.19509875892,103907.6616324337,0.06555482522818325,0,0,0,19
2025-07-23,DELL_XPS_13,Dell,Laptops,115000,92000,105670.7352918849,109600.64839066785,0.08112404094013122,0,0,0,22
2025-07-24,DELL_XPS_13,Dell,Laptops,115000,92000,105180.73672878416,104414.9882599978,0.08538489801057246,0,0,0,29
2025-07-25,DELL_XPS_13,Dell,Laptops,115000,92000,101711.17751105326,98997.94551992566,0.11555497816475421,0,0,0,25
2025-07-26,DELL_XPS_13,Dell,Laptops,115000,92000,106766.84070578514,110319.53897294316,0.0715926895149118,0,0,1,27
2025-07-27,DELL_XPS_13,Dell,Laptops,115000,92000,109059.28617993974,107953.96576110205,0.05165838104400236,0,0,1,26
2025-07-28,DELL_XPS_13,Dell,Laptops,115000,92000,105718.40563420778,102725.98857992381,0.08070951622428009,0,0,0,25
2025-07-29,DELL_XPS_13,Dell,Laptops,115000,92000,98616.84168202715,100595.87999668978,0.14246224624324205,0,0,0,26
2025-07-30,DELL_XPS_13,Dell,Laptops,115000,92000,109682.7467953026,110326.90626682734,0.04623698438867302,0,0,0,22
2025-07-31,DELL_XPS_13,Dell,Laptops,115000,92000,96037.71431798933,96808.12352643003,0.16488944071313627,0,0,0,25
2025-08-01,DELL_XPS_13,Dell,Laptops,115000,92000,111749.40770041045,113734.29866013119,0.02826601999643087,0,0,0,15
2025-08-02,DELL_XPS_13,Dell,Laptops,115000,92000,107715.94025008392,108529.74765101778,0.0633396499992702,0,0,1,11
2025-08-03,DELL_XPS_13,Dell,Laptops,115000,92000,101030.43759840874,106630.83465862284,0.12147445566601106,0,0,1,24
2025-08-04,DELL_XPS_13,Dell,Laptops,115000,92000,109842.46955575584,109818.04010999468,0.04484809081951435,0,0,0,11
2025-08-05,DELL_XPS_13,Dell,Laptops,115000,92000,103476.747248575,106375.35369405922,0.10020219783847828,0,0,0,25
2025-08-06,DELL_XPS_13,Dell,Laptops,115000,92000,109440.97963519512,113087.63161173907,0.04833930752004241,0,0,0,15
2025-08-07,DELL_XPS_13,Dell,Laptops,115000,92000,103658.23255989981,107845.6974973452,0.09862406469652336,0,0,0,17
2025-08-08,DELL_XPS_13,Dell,Laptops,115000,92000,106117.27416488066,107390.30164991124,0.07724109421842909,0,0,0,29
2025-08-09,DELL_XPS_13,Dell,Laptops,115000,92000,106667.29378256146,109235.25336512986,0.0724583149342481,0,0,1,24
2025-08-10,DELL_XPS_13,Dell,Laptops,115000,92000,105475.12724992605,112702.07890511156,0.08282498043542563,0,0,1,18
2025-08-11,DELL_XPS_13,Dell,Laptops,115000,92000,109420.2781044452,106567.44915931167,0.04851932083091139,0,0,0,16
2025-08-12,DELL_XPS_13,Dell,Laptops,115000,92000,104210.84941784099,103882.15440570851,0.09381870071442619,0,0,0,27
2025-08-13,DELL_XPS_13,Dell,Laptops,115000,92000,105047.61861346815,109464.81415164444,0.08654244683940741,0,0,0,22
2025-08-14,DELL_XPS_13,Dell,Laptops,115000,92000,110532.63919586527,111221.85566228995,0.038846615688128076,0,0,0,23
2025-08-15,DELL_XPS_13,Dell,Laptops,115000,92000,114815.16131222364,111821.02505736871,0.0016072929371857558,0,0,0,21
2025-08-16,DELL_XPS_13,Dell,Laptops,115000,92000,104890.98661799984,102395.7678357093,0.08790446419130576,0,0,1,31
2025-08-17,DELL_XPS_13,Dell,Laptops,115000,92000,110618.59553557818,116351.37577278879,0.03809916925584194,0,0,1,25
2025-08-18,DELL_XPS_13,Dell,Laptops,115000,92000,108300.06756515487,106829.99331711202,0.05826028204213157,0,0,0,21
2025-08-19,DELL_XPS_13,Dell,Laptops,115000,92000,100671.90993585114,99287.56577007448,0.12459208751433787,0,0,0,21
2025-08-20,DELL_XPS_13,Dell,Laptops,115000,92000,104451.1173143785,106447.70513181746,0.09172941465757824,0,0,0,18
2025-08-21,DELL_XPS_13,Dell,Laptops,115000,92000,102339.72741852648,100557.41699025259,0.1100893267954218,0,0,0,17
2025-08-22,DELL_XPS_13,Dell,Laptops,115000,92000,109076.23647845931,108503.85154594282,0.05151098714383209,0,0,0,19
2025-08-23,DELL_XPS_13,Dell,Laptops,115000,92000,108910.01039740835,112140.00421395275,0.052956431326884,0,0,1,23
2025-08-24,DELL_XPS_13,Dell,Laptops,115000,92000,104325.53187874716,106726.78682223632,0.0928214619239377,0,0,1,19
2025-08-25,DELL_XPS_13,Dell,Laptops,115000,92000,111790.23930661271,113467.3557685237,0.027910962551193852,0,0,0,19
2025-08-26,DELL_XPS_13,Dell,Laptops,115000,92000,99941.61937438225,106347.81804407602,0.13094244022276302,0,0,0,32
2025-08-27,DELL_XPS_13,Dell,Laptops,115000,92000,107649.3886136094,111102.04038757559,0.06391835988165745,0,0,0,18
2025-08-28,DELL_XPS_13,Dell,Laptops,115000,92000,108982.61024344148,106106.90388305417,0.05232512831790016,0,0,0,20
2025-08-29,DELL_XPS_13,Dell,Laptops,115000,92000,111446.78951646277,116160.19634729114,0.030897482465541116,0,0,0,16
2025-08-30,DELL_XPS_13,Dell,Laptops,115000,92000,107370.82681199975,106887.21861684883,0.06634063641739336,0,0,1,9
2025-08-31,DELL_XPS_13,Dell,Laptops,115000,92000,102789.31852052551,100659.57690344026,0.106179838951952,0,0,1,12
2025-09-01,DELL_XPS_13,Dell,Laptops,115000,92000,103894.8017368748,104370.66062548476,0.09656694141848002,1,0,0,24
2025-09-02,DELL_XPS_13,Dell,Laptops,115000,92000,97604.92759781855,97563.69040382198,0.15126149914940393,1,0,0,31
2025-09-03,DELL_XPS_13,Dell,Laptops,115000,92000,106377.6867944274,103677.73086640768,0.07497663657019651,1,0,0,34
2025-09-04,DELL_XPS_13,Dell,Laptops,115000,92000,96818.22725081007,96933.24985694484,0.15810237173208633,1,0,0,31
2025-09-05,DELL_XPS_13,Dell,Laptops,115000,92000,98836.28000393441,95674.14831829547,0.1405540869223094,1,0,0,17
2025-09-06,DELL_XPS_13,Dell,Laptops,115000,92000,104689.15695608233,111198.91759954502,0.0896595047297189,1,0,1,21
2025-09-07,DELL_XPS_13,Dell,Laptops,115000,92000,108289.04733316661,109932.01560792925,0.05835611014637716,1,0,1,25
2025-09-08,DELL_XPS_13,Dell,Laptops,115000,92000,102472.72651533446,99820.2998489225,0.10893281291013511,0,0,0,18
2025-09-09,DELL_XPS_13,Dell,Laptops,115000,92000,100011.93439446011,101184.26088661703,0.13033100526556418,0,0,0,18
2025-09-10,DELL_XPS_13,Dell,Laptops,115000,92000,103029.65243833486,101919.81016086742,0.10408997879708813,0,0,0,29
2025-09-11,DELL_XPS_13,Dell,Laptops,115000,92000,97817.32755991894,96838.19786489225,0.14941454295722661,0,0,0,23
2025-09-12,DELL_XPS_13,Dell,Laptops,115000,92000,105478.85156348489,107395.54049019885,0.08279259510013133,0,0,0,14
2025-09-13,DELL_XPS_13,Dell,Laptops,115000,92000,104885.06197314341,103074.76625920109,0.08795598284223113,0,0,1,22
2025-09-14,DELL_XPS_13,Dell,Laptops,115000,92000,100330.22644614986,100008.33976703775,0.12756324829434906,0,0,1,24
2025-09-15,DELL_XPS_13,Dell,Laptops,115000,92000,105022.97051809359,102087.70679908751,0.08675677810353402,0,0,0,20
2025-09-16,DELL_XPS_13,Dell,Laptops,115000,92000,108248.95909159935,110431.6427648714,0.05870470355131002,0,0,0,20
2025-09-17,DELL_XPS_13,Dell,Laptops,115000,92000,111721.62727072359,112222.04382323366,0.02850758895022964,0,0,0,23
2025-09-18,DELL_XPS_13,Dell,Laptops,115000,92000,105371.15767735164,108097.53858099248,0.0837290636752031,0,0,0,13
2025-09-19,DELL_XPS_13,Dell,Laptops,115000,92000,105455.9540673481,106012.08152258466,0.08299170376219041,0,0,0,18
2025-09-20,DELL_XPS_13,Dell,Laptops,115000,92000,104814.7812645254,105210.13998994393,0.08856711943890945,1,0,1,17
2025-09-21,DELL_XPS_13,Dell,Laptops,115000,92000,109275.98353074557,109021.6451516364,0.04977405625438637,1,0,1,26
2025-09-22,DELL_XPS_13,Dell,Laptops,115000,92000,104216.65216350941,104788.41001356303,0.09376824205643994,1,0,0,23
2025-09-23,DELL_XPS_13,Dell,Laptops,115000,92000,95345.31524031473,93605.70413712236,0.17091030225813286,1,0,0,34
2025-09-24,DELL_XPS_13,Dell,Laptops,115000,92000,104347.53604649813,106749.78769771193,0.09263012133479884,1,0,0,29
2025-09-25,DELL_XPS_13,Dell,Laptops,115000,92000,105553.09175143052,105784.9618970302,0.08214702824843023,1,0,0,32
2025-09-26,DELL_XPS_13,Dell,Laptops,115000,92000,105889.35589932719,106907.0925061858,0.07922299217976364,1,0,0,29
2025-09-27,DELL_XPS_13,Dell,Laptops,115000,92000,99424.65582512198,96053.58771805308,0.13543777543372193,1,0,1,32
2025-09-28,DELL_XPS_13,Dell,Laptops,115000,92000,109364.75090095689,111146.2696595073,0.04900216607863571,1,0,1,23
2025-09-29,DELL_XPS_13,Dell,Laptops,115000,92000,104018.6862231832,107324.7997000471,0.09548968501579826,1,0,0,25
2025-09-30,DELL_XPS_13,Dell,Laptops,115000,92000,104588.6022840143,103552.8312718793,0.09053389318248439,1,0,0,25
2025-10-01,DELL_XPS_13,Dell,Laptops,115000,92000,102573.40013946264,105249.88377304867,0.10805739009162922,1,0,0,30
2025-10-02,DELL_XPS_13,Dell,Laptops,115000,92000,109164.6575990702,105861.96330820296,0.0507421078341722,1,0,0,30
2025-10-03,DELL_XPS_13,Dell,Laptops,115000,92000,103159.75877763097,104187.3026836707,0.10295861932494807,1,0,0,37
2025-10-04,DELL_XPS_13,Dell,Laptops,115000,92000,107477.23957145402,107504.74800518688,0.06541530807431299,1,0,1,31
2025-10-05,DELL_XPS_13,Dell,Laptops,115000,92000,105362.1407539103,103601.44064218835,0.08380747170512787,1,0,1,23
2025-10-06,DELL_XPS_13,Dell,Laptops,115000,92000,99738.07469526728,98644.8250853165,0.13271239395419757,1,1,0,49
2025-10-07,DELL_XPS_13,Dell,Laptops,115000,92000,87953.17945200342,86990.13784037998,0.23518974389562258,1,1,0,54
2025-10-08,DELL_XPS_13,Dell,Laptops,115000,92000,94153.9758471307,96172.66002035364,0.18126977524234172,0,1,0,56
2025-10-09,DELL_XPS_13,Dell,Laptops,115000,92000,89507.31718785613,94344.07307742962,0.2216755027142946,0,1,0,62
2025-10-10,DELL_XPS_13,Dell,Laptops,115000,92000,85399.38455987883,88676.42428474348,0.25739665600105366,0,1,0,54
2025-10-11,DELL_XPS_13,Dell,Laptops,115000,92000,90449.88841630625,89068.18241053485,0.2134792311625544,0,1,1,63
2025-10-12,DELL_XPS_13,Dell,Laptops,115000,92000,92216.17392479103,92546.4604371867,0.19812022674094754,0,1,1,65
2025-10-13,DELL_XPS_13,Dell,Laptops,115000,92000,106793.11755422773,106763.9227812773,0.07136419518062838,0,0,0,29
2025-10-14,DELL_XPS_13,Dell,Laptops,115000,92000,109949.07113504577,109495.88444392834,0.043921120564819296,0,0,0,23
2025-10-15,DELL_XPS_13,Dell,Laptops,115000,92000,109365.99933619954,105659.12667040934,0.04899131012000388,0,0,0,18
2025-10-16,DELL_XPS_13,Dell,Laptops,115000,92000,100319.80873353635,101363.65289488324,0.12765383709968392,0,0,0,14
2025-10-17,DELL_XPS_13,Dell,Laptops,115000,92000,101595.78111998198,102982.55315505477,0.11655842504363492,0,0,0,21
2025-10-18,DELL_XPS_13,Dell,Laptops,115000,92000,108286.63000076113,108023.67209817891,0.05837713042816402,0,0,1,24
2025-10-19,DELL_XPS_13,Dell,Laptops,115000,92000,107430.33008560585,106360.12848334787,0.06582321664690566,0,0,1,23
2025-10-20,DELL_XPS_13,Dell,Laptops,115000,92000,102124.89000613634,103215.10015337486,0.11195747820751009,1,0,0,25
2025-10-21,DELL_XPS_13,Dell,Laptops,115000,92000,102938.03943725515,100953.8031135439,0.10488661358908562,1,0,0,27
2025-10-22,DELL_XPS_13,Dell,Laptops,115000,92000,105603.38521733183,104899.41934162455,0.08170969376233198,1,0,0,21
2025-10-23,DELL_XPS_13,Dell,Laptops,115000,92000,97086.30732886663,101254.58974274351,0.15577124061855102,1,0,0,25
2025-10-24,DELL_XPS_13,Dell,Laptops,115000,92000,104973.21158640756,109195.98575939592,0.08718946446602129,1,0,0,21
2025-10-25,DELL_XPS_13,Dell,Laptops,115000,92000,108416.62736511734,108275.85884209287,0.057246718564197066,1,0,1,31
2025-10-26,DELL_XPS_13,Dell,Laptops,115000,92000,113532.07788376362,116529.09523383122,0.012764540141186026,1,0,1,23
2025-10-27,DELL_XPS_13,Dell,Laptops,115000,92000,113889.17680164658,113464.78464006356,0.009659332159594886,1,0,0,25
2025-10-28,DELL_XPS_13,Dell,Laptops,115000,92000,110623.40522667137,114542.64776289382,0.03805734585503161,1,0,0,25
2025-10-29,DELL_XPS_13,Dell,Laptops,115000,92000,97610.13463843582,100591.06060528812,0.15121622053534067,1,0,0,23
2025-10-30,DELL_XPS_13,Dell,Laptops,115000,92000,103274.7210953741,104867.19477459068,0.10195894699674693,1,0,0,21
2025-10-31,DELL_XPS_13,Dell,Laptops,115000,92000,105284.40199045508,104187.17664638069,0.08448346095256454,0,0,0,20
2025-11-01,DELL_XPS_13,Dell,Laptops,115000,92000,111847.11565130031,113265.29923088264,0.02741638564086689,1,0,1,30
2025-11-02,DELL_XPS_13,Dell,Laptops,115000,92000,104459.66642896761,106357.0796858846,0.09165507453071639,1,0,1,34
2025-11-03,DELL_XPS_13,Dell,Laptops,115000,92000,103904.35754411471,106852.55229451183,0.09648384744248067,1,0,0,27
2025-11-04,DELL_XPS_13,Dell,Laptops,115000,92000,105542.20339880374,104205.17111057762,0.08224170957561956,1,0,0,33
2025-11-05,DELL_XPS_13,Dell,Laptops,115000,92000,106574.02031673354,109090.79912204231,0.07326938855014305,1,0,0,34
2025-11-06,DELL_XPS_13,Dell,Laptops,115000,92000,102126.77568603028,105442.39260716058,0.11194108099104103,1,0,0,20
2025-11-07,DELL_XPS_13,Dell,Laptops,115000,92000,108262.95003688333,110956.4167277476,0.05858304315753628,1,0,0,26
2025-11-08,DELL_XPS_13,Dell,Laptops,115000,92000,103965.25334448773,103559.6522526527,0.0959543187435849,0,0,1,19
2025-11-09,DELL_XPS_13,Dell,Laptops,115000,92000,114181.94970622825,119187.21556038,0.007113480815406484,0,0,1,27
2025-11-10,DELL_XPS_13,Dell,Laptops,115000,92000,114776.27426798131,115167.00647735863,0.0019454411479885164,0,0,0,16
2025-11-11,DELL_XPS_13,Dell,Laptops,115000,92000,100259.49629455186,101766.06313604761,0.12817829309085338,0,0,0,18
2025-11-12,DELL_XPS_13,Dell,Laptops,115000,92000,108881.0619122794,109851.3400559614,0.053208157284527005,0,0,0,22
2025-11-13,DELL_XPS_13,Dell,Laptops,115000,92000,113513.11058314078,114549.45033560283,0.012929473190080254,0,0,0,25
2025-11-14,DELL_XPS_13,Dell,Laptops,115000,92000,107070.15996245146,110674.53911894746,0.06895513076129173,0,0,0,13
2025-11-15,DELL_XPS_13,Dell,Laptops,115000,92000,104411.02810128928,103022.38459299887,0.0920780165105279,0,0,1,24
2025-11-16,DELL_XPS_13,Dell,Laptops,115000,92000,102114.99258830791,106363.10435900571,0.11204354271036601,0,0,1,26
2025-11-17,DELL_XPS_13,Dell,Laptops,115000,92000,104280.00072355877,104751.71498785166,0.09321738501253245,0,0,0,24
2025-11-18,DELL_XPS_13,Dell,Laptops,115000,92000,104607.41115384773,105901.24393272474,0.09037033779262837,0,0,0,21
2025-11-19,DELL_XPS_13,Dell,Laptops,115000,92000,110355.18985911363,109127.38212273695,0.04038965339901192,0,0,0,19
2025-11-20,DELL_XPS_13,Dell,Laptops,115000,92000,104811.78826560738,104640.62401657384,0.08859314551645761,1,0,0,29
2025-11-21,DELL_XPS_13,Dell,Laptops,115000,92000,107820.98399493952,109735.28040734636,0.06242622613096059,1,0,0,29
2025-11-22,DELL_XPS_13,Dell,Laptops,115000,92000,102253.92127766006,106052.44588454091,0.11083546715078209,1,0,1,26
2025-11-23,DELL_XPS_13,Dell,Laptops,115000,92000,108908.31861030486,108932.33789444208,0.05297114251908815,1,0,1,34
2025-11-24,DELL_XPS_13,Dell,Laptops,115000,92000,107907.83426902449,110960.74201572075,0.06167100635630869,1,0,0,34
2025-11-25,DELL_XPS_13,Dell,Laptops,115000,92000,110470.3558458031,115529.20627941507,0.039388210036494696,1,0,0,21
2025-11-26,DELL_XPS_13,Dell,Laptops,115000,92000,107567.8515034078,115322.86430493856,0.06462737823123656,1,0,0,22
2025-11-27,DELL_XPS_13,Dell,Laptops,115000,92000,106573.22133953444,107242.97972745461,0.07327633617796134,1,0,0,29
2025-11-28,DELL_XPS_13,Dell,Laptops,115000,92000,101470.73049450171,103282.71696015276,0.11764582178694157,1,0,0,27
2025-11-29,DELL_XPS_13,Dell,Laptops,115000,92000,108019.89778540906,109243.05966195159,0.06069654099644296,1,0,1,28
2025-11-30,DELL_XPS_13,Dell,Laptops,115000,92000,106154.82334720333,111934.01087357156,0.07691457958953632,1,0,1,36
2025-12-01,DELL_XPS_13,Dell,Laptops,115000,92000,102273.27088352157,104763.83285420781,0.11066720970850812,0,0,0,22
2025-12-02,DELL_XPS_13,Dell,Laptops,115000,92000,113795.77174645953,117302.57552704528,0.010471550030786717,0,0,0,20
2025-12-03,DELL_XPS_13,Dell,Laptops,115000,92000,112697.8178858702,112509.45641422182,0.0200189749054766,0,0,0,13
2025-12-04,DELL_XPS_13,Dell,Laptops,115000,92000,107204.12928869457,111043.54258578377,0.067790180098308,0,0,0,24
2025-12-05,DELL_XPS_13,Dell,Laptops,115000,92000,109686.73979941939,110263.967429218,0.046202262613744494,0,0,0,14
2025-12-06,DELL_XPS_13,Dell,Laptops,115000,92000,111079.67474246553,113556.4131143709,0.034089784848125845,0,0,1,21
2025-12-07,DELL_XPS_13,Dell,Laptops,115000,92000,107640.68444889074,109136.01642544524,0.06399404827051536,0,0,1,22
2025-12-08,DELL_XPS_13,Dell,Laptops,115000,92000,109202.05117438333,110705.94804835912,0.050416946309710116,0,0,0,29
2025-12-09,DELL_XPS_13,Dell,Laptops,115000,92000,104763.233459428,102404.13549782593,0.0890153612223653,0,0,0,15
2025-12-10,DELL_XPS_13,Dell,Laptops,115000,92000,99975.80641422013,104154.59093030378,0.13064516161547712,0,0,0,23
2025-12-11,DELL_XPS_13,Dell,Laptops,115000,92000,108196.58315060314,109654.16421096321,0.05916014651649445,0,0,0,22
2025-12-12,DELL_XPS_13,Dell,Laptops,115000,92000,102776.10723680099,104561.67440825743,0.10629471967999136,0,0,0,25
2025-12-13,DELL_XPS_13,Dell,Laptops,115000,92000,100326.91812935354,101218.05001616996,0.12759201626649097,0,0,1,21
2025-12-14,DELL_XPS_13,Dell,Laptops,115000,92000,103734.98233367373,105413.64289059349,0.09795667535935879,0,0,1,28
2025-12-15,DELL_XPS_13,Dell,Laptops,115000,92000,107497.65187916021,108210.78030518763,0.06523780974643294,0,0,0,14
2025-12-16,DELL_XPS_13,Dell,Laptops,115000,92000,104850.64311035798,108917.5771315214,0.08825527730123499,0,0,0,23
2025-12-17,DELL_XPS_13,Dell,Laptops,115000,92000,105107.06135483408,106562.17357503517,0.08602555343622544,0,0,0,22
2025-12-18,DELL_XPS_13,Dell,Laptops,115000,92000,103867.07722082954,106764.617162021,0.0968080241666996,0,0,0,25
2025-12-19,DELL_XPS_13,Dell,Laptops,115000,92000,106809.42011902279,107523.22272140699,0.07122243374762788,0,0,0,28
2025-12-20,DELL_XPS_13,Dell,Laptops,115000,92000,105471.38004620154,107566.42144137295,0.08285756481563888,0,0,1,19
2025-12-21,DELL_XPS_13,Dell,Laptops,115000,92000,105673.74212519867,106898.33688366076,0.0810978945634898,0,0,1,15
2025-12-22,DELL_XPS_13,Dell,Laptops,115000,92000,110611.76560957868,113445.10436075524,0.03815855991670708,0,0,0,24
2025-12-23,DELL_XPS_13,Dell,Laptops,115000,92000,106932.87682155038,107986.00037804684,0.07014889720390965,0,0,0,16
2025-12-24,DELL_XPS_13,Dell,Laptops,115000,92000,103893.23006540615,103365.6600139816,0.096580608126903,0,0,0,32
2025-12-25,DELL_XPS_13,Dell,Laptops,115000,92000,108161.92118030241,105988.17581472671,0.059461554953892146,0,0,0,21
2025-12-26,DELL_XPS_13,Dell,Laptops,115000,92000,103290.74593663034,109331.86931479673,0.10181960055104056,0,0,0,20
2025-12-27,DELL_XPS_13,Dell,Laptops,115000,92000,106070.14345982882,104922.97571334238,0.07765092643627111,0,0,1,28
2025-12-28,DELL_XPS_13,Dell,Laptops,115000,92000,102251.17188149509,104721.22968783915,0.11085937494352098,0,0,1,27
2025-12-29,DELL_XPS_13,Dell,Laptops,115000,92000,107870.56391850351,106138.76995410437,0.06199509636083899,0,0,0,24
2025-12-30,DELL_XPS_13,Dell,Laptops,115000,92000,105315.49815595387,106934.68322600618,0.08421305951344463,0,0,0,19
2025-12-31,DELL_XPS_13,Dell,Laptops,115000,92000,101925.48036178567,103051.85639140077,0.11369147511490714,0,0,0,21
2026-01-01,DELL_XPS_13,Dell,Laptops,115000,92000,106753.19181822335,109724.39516321485,0.07171137549370996,0,0,0,26
2026-01-02,DELL_XPS_13,Dell,Laptops,115000,92000,106988.18504373835,109701.79923367346,0.06966795614140564,0,0,0,21
2026-01-03,DELL_XPS_13,Dell,Laptops,115000,92000,107866.79066419057,112566.4054368778,0.06202790726790812,0,0,1,29
2026-01-04,DELL_XPS_13,Dell,Laptops,115000,92000,108434.14407754401,111224.90414785793,0.05709439932570425,0,0,1,20
2026-01-05,DELL_XPS_13,Dell,Laptops,115000,92000,101257.40887839871,95288.65515233635,0.11950079236175032,0,0,0,24
2026-01-06,DELL_XPS_13,Dell,Laptops,115000,92000,103678.53842532058,103062.74011471964,0.09844749195373403,0,0,0,21
2026-01-07,DELL_XPS_13,Dell,Laptops,115000,92000,102954.42375550585,104626.72658347756,0.10474414125647097,0,0,0,26
2026-01-08,DELL_XPS_13,Dell,Laptops,115000,92000,103814.65194082305,104777.78842016903,0.09726389616675613,0,0,0,24
2026-01-09,DELL_XPS_13,Dell,Laptops,115000,92000,100966.7767018005,98733.0264498744,0.12202802867999579,0,0,0,19
2026-01-10,DELL_XPS_13,Dell,Laptops,115000,92000,101457.63049480141,96995.34905528503,0.11775973482781373,0,0,1,22
2026-01-11,DELL_XPS_13,Dell,Laptops,115000,92000,106947.50945120906,106753.66470249859,0.07002165694600816,0,0,1,28
2026-01-12,DELL_XPS_13,Dell,Laptops,115000,92000,103969.94221770612,106442.862985823,0.09591354593299031,0,0,0,14
2026-01-13,DELL_XPS_13,Dell,Laptops,115000,92000,106278.3812401336,108672.73239118069,0.07584016312927302,0,0,0,23
2026-01-14,DELL_XPS_13,Dell,Laptops,115000,92000,104555.71879597745,105763.73180042757,0.09081983655671794,0,0,0,22
2026-01-15,DELL_XPS_13,Dell,Laptops,115000,92000,107570.40938397915,113458.37984577226,0.06460513579148579,0,0,0,17
2026-01-16,DELL_XPS_13,Dell,Laptops,115000,92000,103148.24851512491,103589.51630153622,0.10305870856413125,0,0,0,27
2026-01-17,DELL_XPS_13,Dell,Laptops,115000,92000,101749.84053228333,108720.46828163406,0.11521877798014504,0,0,1,29
2026-01-18,DELL_XPS_13,Dell,Laptops,115000,92000,108982.46140068845,111035.59873818865,0.052326422602709186,0,0,1,20
2026-01-19,DELL_XPS_13,Dell,Laptops,115000,92000,105445.94378316603,108900.5139766451,0.08307874971159965,0,0,0,26
2026-01-20,DELL_XPS_13,Dell,Laptops,115000,92000,111373.00141452758,117887.46287354123,0.031539118134542785,0,0,0,21
2026-01-21,DELL_XPS_13,Dell,Laptops,115000,92000,107420.73955022785,107133.31317168316,0.0659066126067144,0,0,0,20
2026-01-22,DELL_XPS_13,Dell,Laptops,115000,92000,100747.71435729582,106713.6265252154,0.12393291863221037,0,0,0,17
2026-01-23,DELL_XPS_13,Dell,Laptops,115000,92000,107996.54731356067,108582.18347212253,0.06089958857773321,0,0,0,20
2026-01-24,DELL_XPS_13,Dell,Laptops,115000,92000,97359.06297019856,99069.20783310644,0.15339945243305597,0,0,1,32
2026-01-25,DELL_XPS_13,Dell,Laptops,115000,92000,110542.84315234756,108619.36438634871,0.0387578856317604,0,0,1,27
2026-01-26,DELL_XPS_13,Dell,Laptops,115000,92000,106817.84226475794,101365.57389281284,0.07114919769775692,0,0,0,22
2026-01-27,DELL_XPS_13,Dell,Laptops,115000,92000,113243.86722366059,113479.74432432585,0.015270719794255802,0,0,0,21
2026-01-28,DELL_XPS_13,Dell,Laptops,115000,92000,105611.95151593348,104820.9991128113,0.08163520420927403,0,0,0,12
2026-01-29,DELL_XPS_13,Dell,Laptops,115000,92000,112007.32639910358,115607.03849872496,0.026023248703447195,0,0,0,16
2026-01-30,DELL_XPS_13,Dell,Laptops,115000,92000,109847.92272645573,111049.78909444313,0.04480067194386323,0,0,0,25
2026-01-31,DELL_XPS_13,Dell,Laptops,115000,92000,102598.38335510007,103699.19841419405,0.10784014473826016,0,0,1,27
2026-02-01,DELL_XPS_13,Dell,Laptops,115000,92000,111172.67794079368,111939.55478276813,0.03328106138440273,0,0,1,26
2026-02-02,DELL_XPS_13,Dell,Laptops,115000,92000,109515.55471655203,110412.4075202306,0.04769082855172146,0,0,0,22
2026-02-03,DELL_XPS_13,Dell,Laptops,115000,92000,101609.54103848863,104284.43237152748,0.11643877357835972,0,0,0,38
2026-02-04,DELL_XPS_13,Dell,Laptops,115000,92000,95801.32007500003,99615.35600874585,0.16694504282608677,0,0,0,36
2026-02-05,DELL_XPS_13,Dell,Laptops,115000,92000,106614.83377608794,104675.76516672481,0.07291448890358325,0,0,0,26
2026-02-06,DELL_XPS_13,Dell,Laptops,115000,92000,106770.2432137407,108569.15027730547,0.07156310248921124,0,0,0,35
2026-02-07,DELL_XPS_13,Dell,Laptops,115000,92000,100805.21977077615,103946.18800653411,0.12343287155846823,0,0,1,18
2026-02-08,DELL_XPS_13,Dell,Laptops,115000,92000,111688.98253628003,113486.11416978446,0.028791456206260536,0,0,1,31
2026-02-09,DELL_XPS_13,Dell,Laptops,115000,92000,101650.05297639979,106017.46739589864,0.11608649585739314,0,0,0,22
2026-02-10,DELL_XPS_13,Dell,Laptops,115000,92000,101315.81819455486,100830.39937993028,0.11899288526474036,0,0,0,27
2026-02-11,DELL_XPS_13,Dell,Laptops,115000,92000,108002.55422207054,113915.12913220111,0.060847354590690954,0,0,0,27
2026-02-12,DELL_XPS_13,Dell,Laptops,115000,92000,104356.81829894347,104334.64373214707,0.09254940609614373,0,0,0,24
2026-02-13,DELL_XPS_13,Dell,Laptops,115000,92000,109735.0285195481,113654.97618988754,0.0457823606995818,0,0,0,23
2026-02-14,DELL_XPS_13,Dell,Laptops,115000,92000,103344.21248102107,105261.55615697369,0.1013546740780777,0,0,1,31
2026-02-15,DELL_XPS_13,Dell,Laptops,115000,92000,109366.30853825329,110398.76844241201,0.04898862140649324,0,0,1,29
2026-02-16,DELL_XPS_13,Dell,Laptops,115000,92000,108517.03202096335,112850.91611114657,0.05637363460031862,0,0,0,27
2026-02-17,DELL_XPS_13,Dell,Laptops,115000,92000,105451.05434977073,108464.30612978281,0.0830343100019937,0,0,0,26
2026-02-18,DELL_XPS_13,Dell,Laptops,115000,92000,101291.47913951756,102792.31480828651,0.11920452922158653,0,0,0,27
2026-02-19,DELL_XPS_13,Dell,Laptops,115000,92000,110667.53098280812,112611.80399355882,0.03767364362775553,0,0,0,31
2026-02-20,DELL_XPS_13,Dell,Laptops,115000,92000,106315.18782523391,105354.48244003832,0.07552010586753118,0,0,0,20
2026-02-21,DELL_XPS_13,Dell,Laptops,115000,92000,99928.2529781777,100349.40544386418,0.13105866975497643,0,0,1,37
2026-02-22,DELL_XPS_13,Dell,Laptops,115000,92000,103422.48061950212,100813.68913932361,0.10067408156954669,0,0,1,29
2026-02-23,DELL_XPS_13,Dell,Laptops,115000,92000,108356.9270728484,107409.7061652626,0.057765851540448686,0,0,0,35
2026-02-24,DELL_XPS_13,Dell,Laptops,115000,92000,107144.5636552788,104737.18150901154,0.06830814212801041,0,0,0,26
2026-02-25,DELL_XPS_13,Dell,Laptops,115000,92000,103981.90669107184,104440.99092590714,0.09580950703415787,0,0,0,34
2026-02-26,DELL_XPS_13,Dell,Laptops,115000,92000,98724.74672950465,98304.1873554991,0.14152394148256828,0,0,0,29
2026-02-27,DELL_XPS_13,Dell,Laptops,115000,92000,112993.23281502743,111274.23623272723,0.01745014943454419,0,0,0,19
2026-02-28,DELL_XPS_13,Dell,Laptops,115000,92000,101323.60002220345,104507.45419456491,0.11892521719823095,0,0,1,33
2026-03-01,DELL_XPS_13,Dell,Laptops,115000,92000,99966.5979756746,100683.43183792486,0.1307252349941339,0,0,1,31
2026-03-02,DELL_XPS_13,Dell,Laptops,115000,92000,102897.32366611128,104585.67492227588,0.10524066377294543,0,0,0,27
2026-03-03,DELL_XPS_13,Dell,Laptops,115000,92000,107835.12285832473,109129.5750274197,0.062303279492828406,0,0,0,23
2026-03-04,DELL_XPS_13,Dell,Laptops,115000,92000,106959.32372624286,111727.18906417691,0.06991892411962726,0,0,0,37
2026-03-05,DELL_XPS_13,Dell,Laptops,115000,92000,107860.27031440141,113107.96519913398,0.06208460596172688,0,0,0,24
2026-03-06,DELL_XPS_13,Dell,Laptops,115000,92000,108088.37070217823,108392.75059635886,0.060101124328884974,0,0,0,25
2026-03-07,DELL_XPS_13,Dell,Laptops,115000,92000,105295.30133847788,104747.36156491424,0.08438868401323585,0,0,1,38
2026-03-08,DELL_XPS_13,Dell,Laptops,115000,92000,110804.51891887764,112134.28746629276,0.03648244418367261,0,0,1,24
2026-03-09,DELL_XPS_13,Dell,Laptops,115000,92000,102472.99954032258,107019.72132956231,0.10893043877980368,0,0,0,29
2026-03-10,DELL_XPS_13,Dell,Laptops,115000,92000,108578.60667635458,110861.69626446565,0.055838202814307916,0,0,0,19
2026-03-11,DELL_XPS_13,Dell,Laptops,115000,92000,108284.62875577614,111258.59970840969,0.05839453255846841,0,0,0,24
2026-03-12,DELL_XPS_13,Dell,Laptops,115000,92000,111273.8720600309,113508.1684191436,0.032401112521470404,0,0,0,21
2026-03-13,DELL_XPS_13,Dell,Laptops,115000,92000,98284.39406909724,95424.49200559598,0.14535309505132832,0,0,0,27
2026-03-14,DELL_XPS_13,Dell,Laptops,115000,92000,102940.54125028192,101252.71620144356,0.10486485869320074,0,0,1,32
2026-03-15,DELL_XPS_13,Dell,Laptops,115000,92000,103938.24461073906,105957.40328329906,0.09618917729792124,0,0,1,37
2026-03-16,DELL_XPS_13,Dell,Laptops,115000,92000,102654.74859915125,102590.09419203381,0.10735001218129349,0,0,0,21
2026-03-17,DELL_XPS_13,Dell,Laptops,115000,92000,107325.41089808421,110571.41233617523,0.0667355574079633,0,0,0,24
2026-03-18,DELL_XPS_13,Dell,Laptops,115000,92000,107543.9687988521,111122.15368571477,0.0648350539230251,0,0,0,32
2026-03-19,DELL_XPS_13,Dell,Laptops,115000,92000,113915.58459945324,115953.24052943358,0.009429699135189207,0,0,0,19
2026-03-20,DELL_XPS_13,Dell,Laptops,115000,92000,102330.21819805016,103068.22655471458,0.11017201566912907,0,0,0,26
2026-03-21,DELL_XPS_13,Dell,Laptops,115000,92000,100289.31467010912,100303.96168250334,0.1279190028686163,0,0,1,28
2026-03-22,DELL_XPS_13,Dell,Laptops,115000,92000,104683.1460536167,108445.1093865488,0.0897117734468113,0,0,1,29
2026-03-23,DELL_XPS_13,Dell,Laptops,115000,92000,109685.66263333558,113881.59083856914,0.0462116292753427,0,0,0,18
2026-03-24,DELL_XPS_13,Dell,Laptops,115000,92000,106652.94013874687,105826.79937349216,0.07258312922828816,0,0,0,15
2026-03-25,DELL_XPS_13,Dell,Laptops,115000,92000,109937.67614470019,112353.88399377002,0.04402020743738963,0,0,0,22
2026-03-26,DELL_XPS_13,Dell,Laptops,115000,92000,100295.2035016577,100645.15706990969,0.12786779563775905,0,0,0,35
2026-03-27,DELL_XPS_13,Dell,Laptops,115000,92000,106333.01297939694,107621.76305971992,0.07536510452698321,0,0,0,25
2026-03-28,DELL_XPS_13,Dell,Laptops,115000,92000,113154.46364832182,110832.10810974281,0.016048142188505893,0,0,1,23
2026-03-29,DELL_XPS_13,Dell,Laptops,115000,92000,108009.13678501981,107775.58696643615,0.060790114912871146,0,0,1,27
2026-03-30,DELL_XPS_13,Dell,Laptops,115000,92000,104519.02263250171,104705.6765801136,0.09113893363041996,0,0,0,22
2026-03-31,DELL_XPS_13,Dell,Laptops,115000,92000,106783.3760805246,111877.84036169808,0.07144890364761229,0,0,0,27
2026-04-01,DELL_XPS_13,Dell,Laptops,115000,92000,103639.2806470784,108962.80233000049,0.09878886393844866,0,0,0,26
2026-04-02,DELL_XPS_13,Dell,Laptops,115000,92000,109701.96558423548,110057.6952769347,0.046069864484908796,0,0,0,24
2026-04-03,DELL_XPS_13,Dell,Laptops,115000,92000,107693.92003660591,104967.40303664791,0.0635311301164704,0,0,0,19
2026-04-04,DELL_XPS_13,Dell,Laptops,115000,92000,106237.72286690531,102120.75836622021,0.07619371420082338,0,0,1,23
2026-04-05,DELL_XPS_13,Dell,Laptops,115000,92000,103314.07682303428,107504.35438453974,0.10161672327796277,0,0,1,26
2026-04-06,DELL_XPS_13,Dell,Laptops,115000,92000,106457.71410369352,108003.77466826575,0.07428074692440408,0,0,0,35
2026-04-07,DELL_XPS_13,Dell,Laptops,115000,92000,100837.01748785994,99793.17481026833,0.12315636967078311,0,0,0,34
2026-04-08,DELL_XPS_13,Dell,Laptops,115000,92000,111522.2179184376,107142.95989135986,0.030241583317933862,0,0,0,33
2026-04-09,DELL_XPS_13,Dell,Laptops,115000,92000,108707.2582565132,108221.74159956144,0.05471949342162427,0,0,0,20
2026-04-10,DELL_XPS_13,Dell,Laptops,115000,92000,103008.67932206648,100998.72636310404,0.104272353721161,0,0,0,19
2026-04-11,DELL_XPS_13,Dell,Laptops,115000,92000,111657.53812800239,115203.16232740598,0.029064885843457455,0,0,1,16
2026-04-12,DELL_XPS_13,Dell,Laptops,115000,92000,107892.2965192485,109479.50031026268,0.061806117223926135,0,0,1,25
2026-04-13,DELL_XPS_13,Dell,Laptops,115000,92000,102756.7462802026,110430.80365666229,0.1064630758243252,0,0,0,26
2026-04-14,DELL_XPS_13,Dell,Laptops,115000,92000,104140.57059247242,103577.95076088593,0.0944298209350225,0,0,0,16
2026-04-15,DELL_XPS_13,Dell,Laptops,115000,92000,102380.67400234865,101186.06386732067,0.10973326954479434,0,0,0,24
2026-04-16,DELL_XPS_13,Dell,Laptops,115000,92000,107216.29203005323,110823.28675070163,0.06768441712997195,0,0,0,25
2026-04-17,DELL_XPS_13,Dell,Laptops,115000,92000,113135.70073333857,111189.95488584082,0.01621129797096893,0,0,0,19
2026-04-18,DELL_XPS_13,Dell,Laptops,115000,92000,104261.92161453952,102722.24017861026,0.09337459465617813,0,0,1,33
2026-04-19,DELL_XPS_13,Dell,Laptops,115000,92000,108131.2242181164,111436.90947817401,0.05972848505985744,0,0,1,36
2026-04-20,DELL_XPS_13,Dell,Laptops,115000,92000,100805.1134650774,102619.15960261716,0.12343379595584864,0,0,0,33
2026-04-21,DELL_XPS_13,Dell,Laptops,115000,92000,99606.13965586088,102871.38400810408,0.13385965516642706,0,0,0,19
2026-04-22,DELL_XPS_13,Dell,Laptops,115000,92000,107906.89603008368,112474.4548624551,0.061679164955794015,0,0,0,18
2026-04-23,DELL_XPS_13,Dell,Laptops,115000,92000,104679.49757633344,108637.23788004306,0.0897434993362309,0,0,0,20
2026-04-24,DELL_XPS_13,Dell,Laptops,115000,92000,103968.44349567506,109744.91158658288,0.09592657829847777,0,0,0,28
2026-04-25,DELL_XPS_13,Dell,Laptops,115000,92000,109929.92403303315,110535.2737330785,0.04408761710405948,0,0,1,37
2026-04-26,DELL_XPS_13,Dell,Laptops,115000,92000,103234.73450887942,104704.6433349035,0.10230665644452674,0,0,1,38
2026-04-27,DELL_XPS_13,Dell,Laptops,115000,92000,109255.80955816069,114979.49149001257,0.04994948210295049,0,0,0,25
2026-04-28,DELL_XPS_13,Dell,Laptops,115000,92000,105981.87175191128,109698.07260186007,0.07841850650511933,0,0,0,31
2026-04-29,DELL_XPS_13,Dell,Laptops,115000,92000,107123.54407701363,110966.06327452834,0.0684909210694466,0,0,0,18
2026-04-30,DELL_XPS_13,Dell,Laptops,115000,92000,110164.9942599046,111251.96313800679,0.04204352817474257,0,0,0,17
2026-05-01,DELL_XPS_13,Dell,Laptops,115000,92000,102435.22105480409,106007.69440838636,0.10925894734952969,0,0,0,23
2026-05-02,DELL_XPS_13,Dell,Laptops,115000,92000,98750.57847816063,99529.05176023333,0.1412993175812119,0,0,1,27
2026-05-03,DELL_XPS_13,Dell,Laptops,115000,92000,105624.33436155965,107049.80148544372,0.08152752729078556,0,0,1,26
2026-05-04,DELL_XPS_13,Dell,Laptops,115000,92000,105641.16464780168,103899.61351185566,0.08138117697563757,0,0,0,29
2026-05-05,DELL_XPS_13,Dell,Laptops,115000,92000,110373.75329820286,113097.34272342594,0.04022823218954032,0,0,0,19
2026-05-06,DELL_XPS_13,Dell,Laptops,115000,92000,99133.30190609068,104895.04216491806,0.1379712877731245,0,0,0,29
2026-05-07,DELL_XPS_13,Dell,Laptops,115000,92000,107406.08742448843,109555.36914222557,0.06603402239575279,0,0,0,24
2026-05-08,DELL_XPS_13,Dell,Laptops,115000,92000,111360.73496198974,107987.29238715721,0.03164578293921966,0,0,0,23
2026-05-09,DELL_XPS_13,Dell,Laptops,115000,92000,106547.59047275945,104649.0080947433,0.07349921328035255,0,0,1,23
2026-05-10,DELL_XPS_13,Dell,Laptops,115000,92000,107777.33368633682,109662.14482793237,0.06280579403185374,0,0,1,26
2026-05-11,DELL_XPS_13,Dell,Laptops,115000,92000,100156.10640224934,102229.97479139509,0.12907733563261445,0,0,0,29
2026-05-12,DELL_XPS_13,Dell,Laptops,115000,92000,109068.93245039962,110734.75905768527,0.05157450043130764,0,0,0,31
2026-05-13,DELL_XPS_13,Dell,Laptops,115000,92000,101359.7248963556,102292.18671496116,0.1186110878577774,0,0,0,16
2026-05-14,DELL_XPS_13,Dell,Laptops,115000,92000,114945.37016367169,111528.64891423257,0.0004750420550287404,0,0,0,18
2026-05-15,DELL_XPS_13,Dell,Laptops,115000,92000,110627.11174840563,113806.48673808986,0.03802511523125537,0,0,0,34
2026-05-16,DELL_XPS_13,Dell,Laptops,115000,92000,105791.47335540467,106281.56677672308,0.08007414473561154,0,0,1,27
2026-05-17,DELL_XPS_13,Dell,Laptops,115000,92000,115000.0,115681.50060643321,0.0,0,0,1,32
2026-05-18,DELL_XPS_13,Dell,Laptops,115000,92000,105545.68573304878,107239.46966311208,0.08221142840827146,0,0,0,19
2026-05-19,DELL_XPS_13,Dell,Laptops,115000,92000,112095.5095980041,113846.4883606239,0.0252564382782252,0,0,0,20
2026-05-20,DELL_XPS_13,Dell,Laptops,115000,92000,102910.32617206377,109121.25693924894,0.10512759850379327,0,0,0,17
2026-05-21,DELL_XPS_13,Dell,Laptops,115000,92000,105040.60144877226,108556.9121503011,0.08660346566284995,0,0,0,36
2026-05-22,DELL_XPS_13,Dell,Laptops,115000,92000,103300.48479736224,111417.6118848206,0.10173491480554574,0,0,0,28
2026-05-23,DELL_XPS_13,Dell,Laptops,115000,92000,99565.60523749173,104260.51988769263,0.1342121283696371,0,0,1,29
2026-05-24,DELL_XPS_13,Dell,Laptops,115000,92000,99824.80391745898,108036.99869943284,0.13195822680470448,0,0,1,25
2026-05-25,DELL_XPS_13,Dell,Laptops,115000,92000,109862.0426885605,117054.55505194645,0.04467788966469135,0,0,0,19
2026-05-26,DELL_XPS_13,Dell,Laptops,115000,92000,106617.70437449346,108510.66577704332,0.07288952717831766,0,0,0,19
2026-05-27,DELL_XPS_13,Dell,Laptops,115000,92000,108272.11643295511,104880.66951245214,0.058503335365607756,0,0,0,22
2026-05-28,DELL_XPS_13,Dell,Laptops,115000,92000,103923.05536203725,108657.42215880529,0.09632125772141523,0,0,0,22
2026-05-29,DELL_XPS_13,Dell,Laptops,115000,92000,105019.46605554216,106235.57467945949,0.08678725169093769,0,0,0,26
2026-05-30,DELL_XPS_13,Dell,Laptops,115000,92000,107991.21410380512,111900.08854111945,0.06094596431473806,0,0,1,40
2026-05-31,DELL_XPS_13,Dell,Laptops,115000,92000,100847.30046565764,98481.59769918033,0.12306695247254232,0,0,1,29
2026-06-01,DELL_XPS_13,Dell,Laptops,115000,92000,104659.83845065994,108340.2661182502,0.08991444825513095,0,0,0,30
2026-06-02,DELL_XPS_13,Dell,Laptops,115000,92000,107316.52126569487,104432.52207872718,0.06681285855917507,0,0,0,27
2026-06-03,DELL_XPS_13,Dell,Laptops,115000,92000,109605.5100684785,115113.39553744528,0.04690860810018696,0,0,0,28
2026-06-04,DELL_XPS_13,Dell,Laptops,115000,92000,101013.13409990544,105390.63717321833,0.12162492087038751,0,0,0,36
2026-06-05,DELL_XPS_13,Dell,Laptops,115000,92000,110604.69021333322,114464.19528197942,0.03822008510145029,0,0,0,22
2026-06-06,DELL_XPS_13,Dell,Laptops,115000,92000,106307.7197382562,108238.98795498733,0.07558504575429387,0,0,1,25
2026-06-07,DELL_XPS_13,Dell,Laptops,115000,92000,103815.87701287045,104009.4384158438,0.09725324336634393,0,0,1,25
2026-06-08,DELL_XPS_13,Dell,Laptops,115000,92000,101280.84575806081,103967.78981794917,0.11929699340816696,0,0,0,20
2026-06-09,DELL_XPS_13,Dell,Laptops,115000,92000,114173.13753440086,113045.17825833877,0.007190108396514183,0,0,0,22
2026-06-10,DELL_XPS_13,Dell,Laptops,115000,92000,101119.00195642284,100563.17337590673,0.12070433081371446,0,0,0,21
2026-06-11,DELL_XPS_13,Dell,Laptops,115000,92000,109686.4393999946,110489.54371863752,0.046204874782655635,0,0,0,20
2026-06-12,DELL_XPS_13,Dell,Laptops,115000,92000,106533.8166703859,107882.62911562293,0.07361898547490524,0,0,0,26
2026-06-13,DELL_XPS_13,Dell,Laptops,115000,92000,100889.72862308785,103715.54272243193,0.12269801197314911,0,0,1,22
2026-06-14,DELL_XPS_13,Dell,Laptops,115000,92000,105196.76440331052,107818.25140712441,0.08524552692773461,0,0,1,28
2026-06-15,DELL_XPS_13,Dell,Laptops,115000,92000,100807.45667571318,99214.7041743896,0.12341342021118976,0,0,0,34
2026-06-16,DELL_XPS_13,Dell,Laptops,115000,92000,107113.83094524608,109334.7042486819,0.06857538308481667,0,0,0,23
2026-06-17,DELL_XPS_13,Dell,Laptops,115000,92000,106131.84498557534,109016.35014643233,0.07711439142977963,0,0,0,26
2026-06-18,DELL_XPS_13,Dell,Laptops,115000,92000,109338.52277475843,105187.51466792477,0.04923023674123103,0,0,0,27
2026-06-19,DELL_XPS_13,Dell,Laptops,115000,92000,103439.52615040721,106416.23265851999,0.10052585956167635,0,0,0,23
2026-06-20,DELL_XPS_13,Dell,Laptops,115000,92000,105010.00383777553,109505.87377452668,0.08686953184543021,0,0,1,33
2026-06-21,DELL_XPS_13,Dell,Laptops,115000,92000,99425.53687880085,101236.98776540086,0.1354301140973839,0,0,1,14
2026-06-22,DELL_XPS_13,Dell,Laptops,115000,92000,106293.68677873818,105181.52316371567,0.07570707148923332,0,0,0,24
2026-06-23,DELL_XPS_13,Dell,Laptops,115000,92000,109597.99690657531,107485.03611482204,0.046973939942823416,0,0,0,20
2026-06-24,DELL_XPS_13,Dell,Laptops,115000,92000,98338.31751605356,92545.05284717672,0.14488419551257775,0,0,0,27
2026-06-25,DELL_XPS_13,Dell,Laptops,115000,92000,105322.65744719609,105913.89030541494,0.0841508048069906,0,0,0,25
2026-06-26,DELL_XPS_13,Dell,Laptops,115000,92000,109435.3945258042,105827.0087412534,0.048387873688659204,0,0,0,23
2026-06-27,DELL_XPS_13,Dell,Laptops,115000,92000,108110.08689812366,109216.29651940305,0.05991228784240299,0,0,1,28
2026-06-28,DELL_XPS_13,Dell,Laptops,115000,92000,102141.72162861362,101320.90883888239,0.11181111627292506,0,0,1,28
2026-06-29,DELL_XPS_13,Dell,Laptops,115000,92000,98326.8938398812,99389.8729599671,0.14498353182711998,0,0,0,30
2026-06-30,DELL_XPS_13,Dell,Laptops,115000,92000,112216.58528589475,113423.66731157746,0.024203606209610977,0,0,0,28
2026-07-01,DELL_XPS_13,Dell,Laptops,115000,92000,110685.19160086734,114181.75204180785,0.03752007303593624,0,0,0,18
2026-07-02,DELL_XPS_13,Dell,Laptops,115000,92000,105766.69516027217,104782.44345951696,0.08028960730198122,0,0,0,25
2026-07-03,DELL_XPS_13,Dell,Laptops,115000,92000,107351.23893040026,108873.0584243877,0.06651096582260646,0,0,0,21
2026-07-04,DELL_XPS_13,Dell,Laptops,115000,92000,108169.48741188526,110321.28012661696,0.05939576163578028,0,0,1,22
2026-07-05,DELL_XPS_13,Dell,Laptops,115000,92000,97237.62790965798,93723.88816259909,0.1544554094812349,0,0,1,22
2026-07-06,DELL_XPS_13,Dell,Laptops,115000,92000,108839.01183353976,115088.0147684516,0.05357381014313255,0,0,0,13
2026-07-07,DELL_XPS_13,Dell,Laptops,115000,92000,101095.70510903024,102246.25115810898,0.1209069120953892,0,0,0,28
2026-07-08,DELL_XPS_13,Dell,Laptops,115000,92000,108448.88795776563,106774.73248041386,0.05696619167160318,0,0,0,16
2026-07-09,DELL_XPS_13,Dell,Laptops,115000,92000,105756.95942001916,107751.55303858365,0.08037426591287682,0,0,0,27
2026-07-10,DELL_XPS_13,Dell,Laptops,115000,92000,107433.08941906982,109848.76166905819,0.06579922244287119,0,0,0,17
2026-07-11,DELL_XPS_13,Dell,Laptops,115000,92000,103779.4423965071,100388.80569667547,0.0975700661173296,0,0,1,24
2026-07-12,DELL_XPS_13,Dell,Laptops,115000,92000,111179.01975401702,109852.83766481807,0.03322591518246078,0,0,1,26
2026-07-13,DELL_XPS_13,Dell,Laptops,115000,92000,108029.58710246503,111079.7209188116,0.06061228606552152,0,0,0,21
2026-07-14,DELL_XPS_13,Dell,Laptops,115000,92000,111372.1220304601,111906.95237155676,0.03154676495252084,0,0,0,16
2026-07-15,DELL_XPS_13,Dell,Laptops,115000,92000,104322.63665845688,106095.63078526928,0.09284663775254888,0,0,0,22
2026-07-16,DELL_XPS_13,Dell,Laptops,115000,92000,104987.81494283192,104993.74600831827,0.08706247875798337,0,0,0,27
2026-07-17,DELL_XPS_13,Dell,Laptops,115000,92000,114026.16902364415,117665.77028179241,0.008468095446572621,0,0,0,16
2026-07-18,DELL_XPS_13,Dell,Laptops,115000,92000,104747.15062663674,101893.8130719077,0.08915521194228924,0,0,1,14
2026-07-19,DELL_XPS_13,Dell,Laptops,115000,92000,109084.49286458347,107859.63860045228,0.05143919248188289,0,0,1,16
2026-07-20,DELL_XPS_13,Dell,Laptops,115000,92000,99355.49729030194,104812.63900409346,0.13603915399737443,0,0,0,25
2026-07-21,DELL_XPS_13,Dell,Laptops,115000,92000,102343.87965771277,104756.59875952575,0.11005322036771512,0,0,0,21
2026-07-22,DELL_XPS_13,Dell,Laptops,115000,92000,108811.80548548023,108756.68134006008,0.05381038708278066,0,0,0,21
2026-07-23,DELL_XPS_13,Dell,Laptops,115000,92000,111848.77688800292,112407.64452929687,0.027401940104322557,0,0,0,25
2026-07-24,DELL_XPS_13,Dell,Laptops,115000,92000,110825.54129862654,112506.81009273643,0.03629964088150824,0,0,0,24
2026-07-25,DELL_XPS_13,Dell,Laptops,115000,92000,101446.63756833176,106492.20512554284,0.11785532549276738,0,0,1,25
2026-07-26,DELL_XPS_13,Dell,Laptops,115000,92000,107019.92146037586,109321.72684920992,0.06939198730107951,0,0,1,22
2026-07-27,DELL_XPS_13,Dell,Laptops,115000,92000,105275.31225930512,106551.48128524476,0.08456250209299886,0,0,0,33
2026-07-28,DELL_XPS_13,Dell,Laptops,115000,92000,114813.273732921,120394.15605461384,0.0016237066702521064,0,0,0,20
2026-07-29,DELL_XPS_13,Dell,Laptops,115000,92000,106712.71220651684,109574.24797541359,0.07206337211724494,0,0,0,22
2026-07-30,DELL_XPS_13,Dell,Laptops,115000,92000,102610.60996635167,106187.9188287219,0.10773382637955072,0,0,0,20
2026-07-31,DELL_XPS_13,Dell,Laptops,115000,92000,108279.99621879282,108299.82593100524,0.05843481548875802,0,0,0,19
2025-01-01,SONY_HEADPHONES,Sony,Audio,30000,21000,27143.904231870216,27504.657151377847,0.09520319227099289,0,0,0,94
2025-01-02,SONY_HEADPHONES,Sony,Audio,30000,21000,26860.444468795024,27718.779371711993,0.10465185104016585,0,0,0,88
2025-01-03,SONY_HEADPHONES,Sony,Audio,30000,21000,27842.94475536454,28105.588975684874,0.07190184148784864,0,0,0,96
2025-01-04,SONY_HEADPHONES,Sony,Audio,30000,21000,25521.05421329487,25895.040989449182,0.14929819289017096,0,0,1,120
2025-01-05,SONY_HEADPHONES,Sony,Audio,30000,21000,29559.131742963607,29875.76098941828,0.014695608567879728,0,0,1,83
2025-01-06,SONY_HEADPHONES,Sony,Audio,30000,21000,28887.888608897065,29042.57920079927,0.03707037970343121,0,0,0,70
2025-01-07,SONY_HEADPHONES,Sony,Audio,30000,21000,25399.0306601465,25349.060365294918,0.1533656446617833,0,0,0,96
2025-01-08,SONY_HEADPHONES,Sony,Audio,30000,21000,26646.746330410282,26924.814620604146,0.1117751223196572,0,0,0,81
2025-01-09,SONY_HEADPHONES,Sony,Audio,30000,21000,26037.927131276312,26663.951172933444,0.13206909562412297,0,0,0,98
2025-01-10,SONY_HEADPHONES,Sony,Audio,30000,21000,26733.871760384776,26417.708598726458,0.10887094132050745,0,0,0,101
2025-01-11,SONY_HEADPHONES,Sony,Audio,30000,21000,25962.270955351836,25477.382967318612,0.13459096815493873,0,0,1,87
2025-01-12,SONY_HEADPHONES,Sony,Audio,30000,21000,28331.883042833106,28816.952996630607,0.055603898572229846,0,0,1,98
2025-01-13,SONY_HEADPHONES,Sony,Audio,30000,21000,27935.488072414988,28574.41541191484,0.06881706425283378,0,0,0,100
2025-01-14,SONY_HEADPHONES,Sony,Audio,30000,21000,26133.71101452148,25037.95086798695,0.12887629951595067,0,0,0,102
2025-01-15,SONY_HEADPHONES,Sony,Audio,30000,21000,26762.885086532966,26000.77518720196,0.10790383044890117,0,0,0,89
2025-01-16,SONY_HEADPHONES,Sony,Audio,30000,21000,28878.55494648681,29669.29976037877,0.03738150178377306,0,0,0,75
2025-01-17,SONY_HEADPHONES,Sony,Audio,30000,21000,28915.649745026814,29069.27751682772,0.036145008499106214,0,0,0,82
2025-01-18,SONY_HEADPHONES,Sony,Audio,30000,21000,27478.598170057496,27089.864188719257,0.08404672766475017,0,0,1,107
2025-01-19,SONY_HEADPHONES,Sony,Audio,30000,21000,27755.98318564561,28123.854784703715,0.07480056047847962,0,0,1,96
2025-01-20,SONY_HEADPHONES,Sony,Audio,30000,21000,26349.20304506022,27318.10118250436,0.12169323183132597,0,0,0,103
2025-01-21,SONY_HEADPHONES,Sony,Audio,30000,21000,27305.39628574345,27180.52222650122,0.08982012380855167,0,0,0,98
2025-01-22,SONY_HEADPHONES,Sony,Audio,30000,21000,26439.420403432046,26733.22983904803,0.11868598655226509,0,0,0,99
2025-01-23,SONY_HEADPHONES,Sony,Audio,30000,21000,26610.65848155377,27558.231957492608,0.11297805061487426,0,0,0,104
2025-01-24,SONY_HEADPHONES,Sony,Audio,30000,21000,28974.217219710255,29977.413347784044,0.034192759342991534,0,0,0,95
2025-01-25,SONY_HEADPHONES,Sony,Audio,30000,21000,28806.76980625967,29837.631519101244,0.039774339791344336,0,0,1,82
2025-01-26,SONY_HEADPHONES,Sony,Audio,30000,21000,26874.075799865448,26746.180936491273,0.1041974733378184,0,0,1,98
2025-01-27,SONY_HEADPHONES,Sony,Audio,30000,21000,29407.099481911147,28978.920173818555,0.019763350602961798,0,0,0,95
2025-01-28,SONY_HEADPHONES,Sony,Audio,30000,21000,26653.799187944314,28002.389079650908,0.11154002706852287,0,0,0,94
2025-01-29,SONY_HEADPHONES,Sony,Audio,30000,21000,27797.91120274677,27790.07224437392,0.07340295990844097,0,0,0,87
2025-01-30,SONY_HEADPHONES,Sony,Audio,30000,21000,27615.485103917687,27004.10201737591,0.07948382986941052,0,0,0,98
2025-01-31,SONY_HEADPHONES,Sony,Audio,30000,21000,28134.812351147244,28553.158727139395,0.0621729216284252,0,0,0,95
2025-02-01,SONY_HEADPHONES,Sony,Audio,30000,21000,27292.89160266059,27318.54526020747,0.09023694657798036,0,0,1,88
2025-02-02,SONY_HEADPHONES,Sony,Audio,30000,21000,26711.652740666123,25815.816258516705,0.10961157531112928,0,0,1,99
2025-02-03,SONY_HEADPHONES,Sony,Audio,30000,21000,26589.262362219517,26619.961310021536,0.11369125459268284,0,0,0,102
2025-02-04,SONY_HEADPHONES,Sony,Audio,30000,21000,26624.794088170438,26599.448184047626,0.11250686372765212,0,0,0,95
2025-02-05,SONY_HEADPHONES,Sony,Audio,30000,21000,28986.62610423393,30213.056726308016,0.03377912985886898,0,0,0,84
2025-02-06,SONY_HEADPHONES,Sony,Audio,30000,21000,28333.809489464093,27963.061257583562,0.05553968368453022,0,0,0,73
2025-02-07,SONY_HEADPHONES,Sony,Audio,30000,21000,27412.12168461493,27638.63760496724,0.08626261051283562,0,0,0,98
2025-02-08,SONY_HEADPHONES,Sony,Audio,30000,21000,27119.44480824673,28180.59961418902,0.09601850639177552,0,0,1,94
2025-02-09,SONY_HEADPHONES,Sony,Audio,30000,21000,26332.68115913614,26685.434906753264,0.12224396136212873,0,0,1,87
2025-02-10,SONY_HEADPHONES,Sony,Audio,30000,21000,28247.698099758756,29128.124005754355,0.05841006334137479,0,0,0,99
2025-02-11,SONY_HEADPHONES,Sony,Audio,30000,21000,26767.390314282253,27415.85011052976,0.10775365619059163,0,0,0,114
2025-02-12,SONY_HEADPHONES,Sony,Audio,30000,21000,27461.901133417934,27616.113655961293,0.08460329555273548,0,0,0,89
2025-02-13,SONY_HEADPHONES,Sony,Audio,30000,21000,26329.15995756137,26346.45764267144,0.12236133474795437,0,0,0,87
2025-02-14,SONY_HEADPHONES,Sony,Audio,30000,21000,28292.263988692976,28408.152944181096,0.05692453371023423,0,0,0,101
2025-02-15,SONY_HEADPHONES,Sony,Audio,30000,21000,29015.43596412228,29377.570093337443,0.032818801195923966,0,0,1,92
2025-02-16,SONY_HEADPHONES,Sony,Audio,30000,21000,28063.075011549787,28523.098644581878,0.06456416628167369,0,0,1,96
2025-02-17,SONY_HEADPHONES,Sony,Audio,30000,21000,26889.267385295247,27084.67420738871,0.10369108715682504,0,0,0,93
2025-02-18,SONY_HEADPHONES,Sony,Audio,30000,21000,28111.162966144213,27922.188138643603,0.06296123446185958,0,0,0,104
2025-02-19,SONY_HEADPHONES,Sony,Audio,30000,21000,26998.638414703688,26505.177722740904,0.10004538617654378,0,0,0,106
2025-02-20,SONY_HEADPHONES,Sony,Audio,30000,21000,28551.833169979407,28319.606805757976,0.048272227667353035,0,0,0,90
2025-02-21,SONY_HEADPHONES,Sony,Audio,30000,21000,26597.599843169144,27698.290438325705,0.11341333856102853,0,0,0,92
2025-02-22,SONY_HEADPHONES,Sony,Audio,30000,21000,27889.938690805226,27409.79406804582,0.07033537697315922,0,0,1,86
2025-02-23,SONY_HEADPHONES,Sony,Audio,30000,21000,27221.390983319383,28444.273493245157,0.09262030055602055,0,0,1,90
2025-02-24,SONY_HEADPHONES,Sony,Audio,30000,21000,26741.640770191167,27336.134036007235,0.10861197432696118,0,0,0,102
2025-02-25,SONY_HEADPHONES,Sony,Audio,30000,21000,25791.240956260222,24108.025575260606,0.14029196812465922,0,0,0,102
2025-02-26,SONY_HEADPHONES,Sony,Audio,30000,21000,28492.28475317409,29347.857194123993,0.05025717489419694,0,0,0,97
2025-02-27,SONY_HEADPHONES,Sony,Audio,30000,21000,27989.751548824603,27609.461914837913,0.06700828170584658,0,0,0,112
2025-02-28,SONY_HEADPHONES,Sony,Audio,30000,21000,28006.405677545412,28083.15513767008,0.06645314408181953,0,0,0,97
2025-03-01,SONY_HEADPHONES,Sony,Audio,30000,21000,26392.364887686686,25692.778574737295,0.12025450374377714,0,0,1,91
2025-03-02,SONY_HEADPHONES,Sony,Audio,30000,21000,28342.548113258134,28678.890293375935,0.055248396224728887,0,0,1,117
2025-03-03,SONY_HEADPHONES,Sony,Audio,30000,21000,28651.194435779405,30084.038734761532,0.04496018547401976,0,0,0,92
2025-03-04,SONY_HEADPHONES,Sony,Audio,30000,21000,25726.88546306214,25981.419487560466,0.14243715123126197,0,0,0,106
2025-03-05,SONY_HEADPHONES,Sony,Audio,30000,21000,26994.997612155155,28209.707339567205,0.10016674626149477,0,0,0,104
2025-03-06,SONY_HEADPHONES,Sony,Audio,30000,21000,27748.19733541603,28382.335699170173,0.07506008881946574,0,0,0,101
2025-03-07,SONY_HEADPHONES,Sony,Audio,30000,21000,28764.772909122894,27771.75423934072,0.04117423636257018,0,0,0,106
2025-03-08,SONY_HEADPHONES,Sony,Audio,30000,21000,26627.905126324134,26839.655356605854,0.11240316245586207,0,0,1,102
2025-03-09,SONY_HEADPHONES,Sony,Audio,30000,21000,25765.660816915726,25656.761355571005,0.1411446394361424,0,0,1,114
2025-03-10,SONY_HEADPHONES,Sony,Audio,30000,21000,28840.250487625504,29717.44454625365,0.0386583170791499,0,0,0,102
2025-03-11,SONY_HEADPHONES,Sony,Audio,30000,21000,25871.402447236826,25418.590190463365,0.1376199184254392,0,0,0,118
2025-03-12,SONY_HEADPHONES,Sony,Audio,30000,21000,28503.77488789676,29753.815720873634,0.04987417040344139,0,0,0,83
2025-03-13,SONY_HEADPHONES,Sony,Audio,30000,21000,25382.806120661127,25968.36635356334,0.15390646264462904,0,0,0,115
2025-03-14,SONY_HEADPHONES,Sony,Audio,30000,21000,28282.997699432177,29449.544856743272,0.05723341001892741,0,0,0,87
2025-03-15,SONY_HEADPHONES,Sony,Audio,30000,21000,27885.599970923544,27730.78969205144,0.07048000096921524,0,0,1,110
2025-03-16,SONY_HEADPHONES,Sony,Audio,30000,21000,28115.78563534797,28871.04946475505,0.06280714548840105,0,0,1,93
2025-03-17,SONY_HEADPHONES,Sony,Audio,30000,21000,27548.88192085338,28143.566105393045,0.08170393597155402,0,0,0,90
2025-03-18,SONY_HEADPHONES,Sony,Audio,30000,21000,26710.533232188627,26829.131905434075,0.10964889226037908,0,0,0,96
2025-03-19,SONY_HEADPHONES,Sony,Audio,30000,21000,26567.662594951027,26841.568604996744,0.11441124683496576,0,0,0,117
2025-03-20,SONY_HEADPHONES,Sony,Audio,30000,21000,28101.276543177708,27416.729974556805,0.06329078189407644,0,0,0,107
2025-03-21,SONY_HEADPHONES,Sony,Audio,30000,21000,30000.0,31140.04247842484,0.0,0,0,0,98
2025-03-22,SONY_HEADPHONES,Sony,Audio,30000,21000,30000.0,31262.916587452706,0.0,0,0,1,95
2025-03-23,SONY_HEADPHONES,Sony,Audio,30000,21000,27779.12229802957,28339.856406285366,0.07402925673234759,0,0,1,118
2025-03-24,SONY_HEADPHONES,Sony,Audio,30000,21000,26743.353814417558,27179.89039535081,0.10855487285274806,0,0,0,93
2025-03-25,SONY_HEADPHONES,Sony,Audio,30000,21000,28388.578147159973,29307.98499206823,0.053714061761334225,0,0,0,105
2025-03-26,SONY_HEADPHONES,Sony,Audio,30000,21000,28140.137599739355,29062.07332264614,0.061995413342021535,0,0,0,104
2025-03-27,SONY_HEADPHONES,Sony,Audio,30000,21000,27873.914341308184,29326.26402578389,0.07086952195639384,0,0,0,102
2025-03-28,SONY_HEADPHONES,Sony,Audio,30000,21000,27979.537545621635,27993.891568793722,0.06734874847927884,0,0,0,82
2025-03-29,SONY_HEADPHONES,Sony,Audio,30000,21000,27675.94545136742,27442.342298852793,0.07746848495441926,0,0,1,116
2025-03-30,SONY_HEADPHONES,Sony,Audio,30000,21000,28546.64377006869,28283.876028446328,0.04844520766437694,0,0,1,102
2025-03-31,SONY_HEADPHONES,Sony,Audio,30000,21000,26222.817868789884,25930.476953140216,0.12590607104033727,0,0,0,110
2025-04-01,SONY_HEADPHONES,Sony,Audio,30000,21000,27989.336255489503,29828.343709648972,0.06702212481701657,0,0,0,119
2025-04-02,SONY_HEADPHONES,Sony,Audio,30000,21000,26609.042775960712,27490.1865032816,0.11303190746797628,0,0,0,96
2025-04-03,SONY_HEADPHONES,Sony,Audio,30000,21000,25474.770036801783,25665.983485358825,0.150840998773274,0,0,0,97
2025-04-04,SONY_HEADPHONES,Sony,Audio,30000,21000,29413.143362842093,30311.432344213536,0.019561887905263538,0,0,0,94
2025-04-05,SONY_HEADPHONES,Sony,Audio,30000,21000,27815.103665984952,29650.876303397694,0.07282987780050153,0,0,1,106
2025-04-06,SONY_HEADPHONES,Sony,Audio,30000,21000,27742.90128161573,27883.329371691136,0.07523662394614228,0,0,1,106
2025-04-07,SONY_HEADPHONES,Sony,Audio,30000,21000,28922.54086531323,29470.039414954612,0.035915304489559055,0,0,0,96
2025-04-08,SONY_HEADPHONES,Sony,Audio,30000,21000,28230.37452897675,29229.933005599098,0.058987515700774935,0,0,0,97
2025-04-09,SONY_HEADPHONES,Sony,Audio,30000,21000,26139.737774401496,26194.555235098058,0.1286754075199501,0,0,0,112
2025-04-10,SONY_HEADPHONES,Sony,Audio,30000,21000,27053.18473302929,27326.71848466221,0.09822717556569024,0,0,0,108
2025-04-11,SONY_HEADPHONES,Sony,Audio,30000,21000,27672.68037833859,27031.757006652206,0.07757732072204687,0,0,0,117
2025-04-12,SONY_HEADPHONES,Sony,Audio,30000,21000,27728.90999697115,28631.711842399185,0.07570300010096163,0,0,1,90
2025-04-13,SONY_HEADPHONES,Sony,Audio,30000,21000,27197.16222493987,26872.063449724767,0.09342792583533761,0,0,1,110
2025-04-14,SONY_HEADPHONES,Sony,Audio,30000,21000,28150.439870509817,28668.634441187325,0.06165200431633944,0,0,0,91
2025-04-15,SONY_HEADPHONES,Sony,Audio,30000,21000,26494.27679652534,26857.38282631295,0.11685744011582194,0,0,0,106
2025-04-16,SONY_HEADPHONES,Sony,Audio,30000,21000,26152.14319484823,26605.743415309233,0.1282618935050589,0,0,0,93
2025-04-17,SONY_HEADPHONES,Sony,Audio,30000,21000,26977.401650103613,26739.84233593014,0.10075327832987954,0,0,0,106
2025-04-18,SONY_HEADPHONES,Sony,Audio,30000,21000,28431.041024638496,27875.289533081304,0.05229863251205012,0,0,0,126
2025-04-19,SONY_HEADPHONES,Sony,Audio,30000,21000,27415.680643973094,28289.901621630826,0.08614397853423018,0,0,1,96
2025-04-20,SONY_HEADPHONES,Sony,Audio,30000,21000,27714.01336986941,28405.541934672354,0.07619955433768635,0,0,1,122
2025-04-21,SONY_HEADPHONES,Sony,Audio,30000,21000,26377.053675498097,26799.238615014216,0.12076487748339686,0,0,0,124
2025-04-22,SONY_HEADPHONES,Sony,Audio,30000,21000,28498.90586880909,28103.690285436158,0.05003647103969693,0,0,0,82
2025-04-23,SONY_HEADPHONES,Sony,Audio,30000,21000,28443.509074055,30029.567831755532,0.05188303086483336,0,0,0,97
2025-04-24,SONY_HEADPHONES,Sony,Audio,30000,21000,27503.695102764217,27649.57276253491,0.08321016324119279,0,0,0,86
2025-04-25,SONY_HEADPHONES,Sony,Audio,30000,21000,26437.125797875935,27564.434954999786,0.11876247340413548,0,0,0,107
2025-04-26,SONY_HEADPHONES,Sony,Audio,30000,21000,28972.162408219207,30535.407695196718,0.0342612530593598,0,0,1,91
2025-04-27,SONY_HEADPHONES,Sony,Audio,30000,21000,27853.387457334746,27930.696443386958,0.07155375142217514,0,0,1,118
2025-04-28,SONY_HEADPHONES,Sony,Audio,30000,21000,28805.617656570295,30417.835311075298,0.03981274478099015,0,0,0,93
2025-04-29,SONY_HEADPHONES,Sony,Audio,30000,21000,27523.558115919575,28975.982156807324,0.08254806280268083,0,0,0,98
2025-04-30,SONY_HEADPHONES,Sony,Audio,30000,21000,26744.943194703734,29016.39007803306,0.10850189350987557,0,0,0,82
2025-05-01,SONY_HEADPHONES,Sony,Audio,30000,21000,27418.959155304034,27862.15379275946,0.08603469482319898,0,0,0,110
2025-05-02,SONY_HEADPHONES,Sony,Audio,30000,21000,28917.121112713878,28725.159237918448,0.036095962909537455,0,0,0,90
2025-05-03,SONY_HEADPHONES,Sony,Audio,30000,21000,26651.674028405487,25577.62398093918,0.11161086571981718,0,0,1,111
2025-05-04,SONY_HEADPHONES,Sony,Audio,30000,21000,27298.792965039684,28476.23331283701,0.09004023449867726,0,0,1,101
2025-05-05,SONY_HEADPHONES,Sony,Audio,30000,21000,27539.496098682426,27645.142006820373,0.08201679671058584,0,0,0,90
2025-05-06,SONY_HEADPHONES,Sony,Audio,30000,21000,27453.614082686276,26904.921856542423,0.08487953057712422,0,0,0,83
2025-05-07,SONY_HEADPHONES,Sony,Audio,30000,21000,28444.481317521888,28846.28851326285,0.051850622749270395,0,0,0,109
2025-05-08,SONY_HEADPHONES,Sony,Audio,30000,21000,29285.915073215925,29523.095177642426,0.023802830892802426,0,0,0,102
2025-05-09,SONY_HEADPHONES,Sony,Audio,30000,21000,26808.39233154826,27416.862308460884,0.10638692228172465,0,0,0,112
2025-05-10,SONY_HEADPHONES,Sony,Audio,30000,21000,29206.637475180498,28231.63908426644,0.02644541749398338,0,0,1,101
2025-05-11,SONY_HEADPHONES,Sony,Audio,30000,21000,26891.07737896229,25159.270164229543,0.1036307540345903,0,0,1,112
2025-05-12,SONY_HEADPHONES,Sony,Audio,30000,21000,29246.160964969262,29612.430358169328,0.02512796783435787,0,0,0,98
2025-05-13,SONY_HEADPHONES,Sony,Audio,30000,21000,26445.973284318334,25807.13997064087,0.11846755718938881,0,0,0,92
2025-05-14,SONY_HEADPHONES,Sony,Audio,30000,21000,25796.54078470347,26466.839934256175,0.14011530717655113,0,0,0,106
2025-05-15,SONY_HEADPHONES,Sony,Audio,30000,21000,28360.90792226642,28543.24967283798,0.054636402591119335,0,0,0,94
2025-05-16,SONY_HEADPHONES,Sony,Audio,30000,21000,27469.34052219771,27810.434673492906,0.08435531592674306,0,0,0,78
2025-05-17,SONY_HEADPHONES,Sony,Audio,30000,21000,27744.155621305883,27896.67731252659,0.07519481262313717,0,0,1,122
2025-05-18,SONY_HEADPHONES,Sony,Audio,30000,21000,25751.340563644284,25467.795924404898,0.14162198121185723,0,0,1,101
2025-05-19,SONY_HEADPHONES,Sony,Audio,30000,21000,27403.54338591661,27308.76175188361,0.08654855380277955,0,0,0,112
2025-05-20,SONY_HEADPHONES,Sony,Audio,30000,21000,30000.0,30668.834917200515,0.0,0,0,0,100
2025-05-21,SONY_HEADPHONES,Sony,Audio,30000,21000,28541.292909637712,29680.276720325073,0.048623569678742984,0,0,0,101
2025-05-22,SONY_HEADPHONES,Sony,Audio,30000,21000,26767.1129962994,26535.831443833613,0.10776290012335345,0,0,0,112
2025-05-23,SONY_HEADPHONES,Sony,Audio,30000,21000,28406.115599907043,29716.798662172278,0.05312948000309858,0,0,0,109
2025-05-24,SONY_HEADPHONES,Sony,Audio,30000,21000,25395.788004782153,25201.368420231498,0.15347373317392815,0,0,1,131
2025-05-25,SONY_HEADPHONES,Sony,Audio,30000,21000,26601.158741679643,26649.163651455685,0.1132947086106786,0,0,1,104
2025-05-26,SONY_HEADPHONES,Sony,Audio,30000,21000,26079.749345541066,26158.57156962798,0.13067502181529775,0,0,0,107
2025-05-27,SONY_HEADPHONES,Sony,Audio,30000,21000,28653.60550129614,28246.133957216563,0.04487981662346198,0,0,0,93
2025-05-28,SONY_HEADPHONES,Sony,Audio,30000,21000,26766.356906186218,27919.826650717114,0.10778810312712603,0,0,0,109
2025-05-29,SONY_HEADPHONES,Sony,Audio,30000,21000,27732.852352005084,28547.445648946366,0.07557158826649726,0,0,0,104
2025-05-30,SONY_HEADPHONES,Sony,Audio,30000,21000,27703.367579885587,28910.54742084694,0.07655441400381381,0,0,0,104
2025-05-31,SONY_HEADPHONES,Sony,Audio,30000,21000,29712.06589173491,30699.390087617707,0.009597803608836289,0,0,1,74
2025-06-01,SONY_HEADPHONES,Sony,Audio,30000,21000,29157.05869323681,29444.55667034325,0.02809804355877303,0,0,1,89
2025-06-02,SONY_HEADPHONES,Sony,Audio,30000,21000,29146.944181538376,29793.000393977345,0.02843519394872078,0,0,0,94
2025-06-03,SONY_HEADPHONES,Sony,Audio,30000,21000,26391.623617831418,26598.54385417881,0.1202792127389527,0,0,0,120
2025-06-04,SONY_HEADPHONES,Sony,Audio,30000,21000,27657.068838120213,27299.58184356717,0.07809770539599292,0,0,0,99
2025-06-05,SONY_HEADPHONES,Sony,Audio,30000,21000,26412.135997237765,25756.77657468204,0.11959546675874114,0,0,0,87
2025-06-06,SONY_HEADPHONES,Sony,Audio,30000,21000,27199.667395683624,28028.016623743282,0.09334442014387927,0,0,0,94
2025-06-07,SONY_HEADPHONES,Sony,Audio,30000,21000,27765.088052735675,28693.007233223565,0.0744970649088108,0,0,1,116
2025-06-08,SONY_HEADPHONES,Sony,Audio,30000,21000,28729.65148992976,28721.42295160771,0.04234495033567467,0,0,1,91
2025-06-09,SONY_HEADPHONES,Sony,Audio,30000,21000,29251.658969781973,29590.30372573636,0.024944701007267485,0,0,0,88
2025-06-10,SONY_HEADPHONES,Sony,Audio,30000,21000,26805.576175568247,26936.397266764332,0.10648079414772513,0,0,0,95
2025-06-11,SONY_HEADPHONES,Sony,Audio,30000,21000,27698.6499839139,28252.33530071005,0.07671166720287005,0,0,0,101
2025-06-12,SONY_HEADPHONES,Sony,Audio,30000,21000,27063.78717267566,26245.58996405632,0.09787376091081136,0,0,0,117
2025-06-13,SONY_HEADPHONES,Sony,Audio,30000,21000,28219.55950720446,27457.726708185768,0.05934801642651799,0,0,0,98
2025-06-14,SONY_HEADPHONES,Sony,Audio,30000,21000,28006.333304115575,29385.11392609682,0.06645555652948083,0,0,1,105
2025-06-15,SONY_HEADPHONES,Sony,Audio,30000,21000,26789.901342580073,27052.16532397332,0.10700328858066419,0,0,1,122
2025-06-16,SONY_HEADPHONES,Sony,Audio,30000,21000,25613.972128967318,26062.59247800796,0.14620092903442272,0,0,0,98
2025-06-17,SONY_HEADPHONES,Sony,Audio,30000,21000,24954.306972072358,25288.01288163855,0.1681897675975881,0,0,0,96
2025-06-18,SONY_HEADPHONES,Sony,Audio,30000,21000,29517.196148818235,30080.66781850001,0.016093461706058798,0,0,0,82
2025-06-19,SONY_HEADPHONES,Sony,Audio,30000,21000,27615.718938932503,27083.7975885094,0.0794760353689166,0,0,0,117
2025-06-20,SONY_HEADPHONES,Sony,Audio,30000,21000,28161.92248052602,29633.701631278145,0.061269250649132675,0,0,0,96
2025-06-21,SONY_HEADPHONES,Sony,Audio,30000,21000,26709.266919310165,26924.75094126452,0.1096911026896612,0,0,1,96
2025-06-22,SONY_HEADPHONES,Sony,Audio,30000,21000,26174.791429497902,26325.36636581941,0.12750695235006992,0,0,1,119
2025-06-23,SONY_HEADPHONES,Sony,Audio,30000,21000,28259.71341661864,28402.75800706347,0.05800955277937864,0,0,0,88
2025-06-24,SONY_HEADPHONES,Sony,Audio,30000,21000,25365.68602150488,25146.987651787884,0.15447713261650398,0,0,0,104
2025-06-25,SONY_HEADPHONES,Sony,Audio,30000,21000,25281.234322443135,24326.257225669735,0.15729218925189548,0,0,0,126
2025-06-26,SONY_HEADPHONES,Sony,Audio,30000,21000,27564.667543537693,28103.50281550571,0.0811777485487436,0,0,0,86
2025-06-27,SONY_HEADPHONES,Sony,Audio,30000,21000,27755.84377951716,27249.377285908176,0.07480520734942801,0,0,0,101
2025-06-28,SONY_HEADPHONES,Sony,Audio,30000,21000,29511.692467859266,29637.788475576017,0.016276917738024366,0,0,1,108
2025-06-29,SONY_HEADPHONES,Sony,Audio,30000,21000,25166.778546104393,24735.09928275204,0.16110738179652015,0,0,1,111
2025-06-30,SONY_HEADPHONES,Sony,Audio,30000,21000,28233.10569932549,27583.291367207803,0.058896476689150365,0,0,0,100
2025-07-01,SONY_HEADPHONES,Sony,Audio,30000,21000,28008.671702456602,28232.067870330782,0.06637760991811327,0,0,0,95
2025-07-02,SONY_HEADPHONES,Sony,Audio,30000,21000,29250.889568710805,29615.711940166348,0.024970347709639747,0,0,0,87
2025-07-03,SONY_HEADPHONES,Sony,Audio,30000,21000,30000.0,30591.161243693306,0.0,0,0,0,79
2025-07-04,SONY_HEADPHONES,Sony,Audio,30000,21000,29363.168494556474,30372.606063217914,0.02122771684811755,0,0,0,78
2025-07-05,SONY_HEADPHONES,Sony,Audio,30000,21000,27637.42048897825,27468.69196524731,0.0787526503673916,0,0,1,79
2025-07-06,SONY_HEADPHONES,Sony,Audio,30000,21000,28859.995359098328,28779.76616033774,0.03800015469672249,0,0,1,96
2025-07-07,SONY_HEADPHONES,Sony,Audio,30000,21000,27686.039606511422,29303.862423434628,0.0771320131162859,0,0,0,100
2025-07-08,SONY_HEADPHONES,Sony,Audio,30000,21000,27774.266828184675,28204.868777910466,0.07419110572717763,0,0,0,103
2025-07-09,SONY_HEADPHONES,Sony,Audio,30000,21000,27715.919899303997,28147.16419521571,0.07613600335653348,0,0,0,75
2025-07-10,SONY_HEADPHONES,Sony,Audio,30000,21000,27431.358132737074,27693.213158314746,0.08562139557543089,0,0,0,92
2025-07-11,SONY_HEADPHONES,Sony,Audio,30000,21000,28309.497106666626,29083.830323873648,0.05635009644444577,0,0,0,83
2025-07-12,SONY_HEADPHONES,Sony,Audio,30000,21000,28740.7315010234,29381.332170502425,0.041975616632553364,0,0,1,87
2025-07-13,SONY_HEADPHONES,Sony,Audio,30000,21000,26849.442477095923,25870.696385079555,0.10501858409680254,0,0,1,98
2025-07-14,SONY_HEADPHONES,Sony,Audio,30000,21000,28830.8966217481,27858.781467892524,0.03897011260839665,0,0,0,101
2025-07-15,SONY_HEADPHONES,Sony,Audio,30000,21000,26253.786189002163,26157.114574154548,0.12487379369992793,0,0,0,103
2025-07-16,SONY_HEADPHONES,Sony,Audio,30000,21000,26320.46141694878,26353.236293543418,0.12265128610170739,0,0,0,95
2025-07-17,SONY_HEADPHONES,Sony,Audio,30000,21000,28664.48342801821,28432.655757078533,0.04451721906605969,0,0,0,75
2025-07-18,SONY_HEADPHONES,Sony,Audio,30000,21000,27451.362769759417,28208.441375604078,0.08495457434135281,0,0,0,102
2025-07-19,SONY_HEADPHONES,Sony,Audio,30000,21000,27584.44318957297,28505.41492190052,0.08051856034756769,0,0,1,79
2025-07-20,SONY_HEADPHONES,Sony,Audio,30000,21000,27798.021443661633,28021.1515224568,0.07339928521127892,0,0,1,91
2025-07-21,SONY_HEADPHONES,Sony,Audio,30000,21000,28422.66253476317,28079.74503965693,0.052577915507894396,0,0,0,79
2025-07-22,SONY_HEADPHONES,Sony,Audio,30000,21000,27935.0739941828,28923.51663072313,0.06883086686057338,0,0,0,101
2025-07-23,SONY_HEADPHONES,Sony,Audio,30000,21000,28220.598006763186,27761.19234747711,0.05931339977456054,0,0,0,90
2025-07-24,SONY_HEADPHONES,Sony,Audio,30000,21000,28793.714740716136,29619.508826477057,0.040209508642795454,0,0,0,91
2025-07-25,SONY_HEADPHONES,Sony,Audio,30000,21000,25282.878139154145,24469.69857111641,0.15723739536152853,0,0,0,103
2025-07-26,SONY_HEADPHONES,Sony,Audio,30000,21000,27061.304930465896,27857.530960240772,0.09795650231780352,0,0,1,103
2025-07-27,SONY_HEADPHONES,Sony,Audio,30000,21000,27476.048059975736,26914.87548436188,0.0841317313341421,0,0,1,85
2025-07-28,SONY_HEADPHONES,Sony,Audio,30000,21000,25929.51157351819,25760.755011225083,0.1356829475493937,0,0,0,85
2025-07-29,SONY_HEADPHONES,Sony,Audio,30000,21000,28246.15667525064,27179.684769652715,0.05846144415831204,0,0,0,94
2025-07-30,SONY_HEADPHONES,Sony,Audio,30000,21000,28561.765960433408,27744.02181159175,0.04794113465221969,0,0,0,80
2025-07-31,SONY_HEADPHONES,Sony,Audio,30000,21000,26319.49041725433,25987.60485212648,0.12268365275818907,0,0,0,95
2025-08-01,SONY_HEADPHONES,Sony,Audio,30000,21000,28690.046249262006,28469.77047111293,0.04366512502459969,0,0,0,82
2025-08-02,SONY_HEADPHONES,Sony,Audio,30000,21000,25875.45979177526,26162.444602016138,0.13748467360749128,0,0,1,97
2025-08-03,SONY_HEADPHONES,Sony,Audio,30000,21000,26558.771302826157,27223.439701942556,0.11470762323912809,0,0,1,95
2025-08-04,SONY_HEADPHONES,Sony,Audio,30000,21000,27288.58697099166,27852.48372969516,0.0903804343002781,0,0,0,97
2025-08-05,SONY_HEADPHONES,Sony,Audio,30000,21000,28353.127101136564,28555.73126932334,0.05489576329544785,0,0,0,84
2025-08-06,SONY_HEADPHONES,Sony,Audio,30000,21000,26866.645578833875,26024.352395614376,0.10444514737220414,0,0,0,85
2025-08-07,SONY_HEADPHONES,Sony,Audio,30000,21000,27922.738835682092,29070.32286147853,0.0692420388105969,0,0,0,100
2025-08-08,SONY_HEADPHONES,Sony,Audio,30000,21000,27255.589796117423,27759.497918912883,0.09148034012941919,0,0,0,83
2025-08-09,SONY_HEADPHONES,Sony,Audio,30000,21000,26611.680783497635,26485.845092130396,0.11294397388341217,0,0,1,109
2025-08-10,SONY_HEADPHONES,Sony,Audio,30000,21000,28702.409222638,29182.6257388947,0.04325302591206654,0,0,1,80
2025-08-11,SONY_HEADPHONES,Sony,Audio,30000,21000,28732.28237198461,29366.30689118696,0.04225725426717971,0,0,0,92
2025-08-12,SONY_HEADPHONES,Sony,Audio,30000,21000,27835.782793670187,27377.57067357244,0.07214057354432715,0,0,0,71
2025-08-13,SONY_HEADPHONES,Sony,Audio,30000,21000,26540.441417685546,26561.01013421377,0.11531861941048185,0,0,0,99
2025-08-14,SONY_HEADPHONES,Sony,Audio,30000,21000,27066.319312463485,28462.06580438574,0.09778935625121722,0,0,0,84
2025-08-15,SONY_HEADPHONES,Sony,Audio,30000,21000,26560.551602879885,27838.979538888427,0.11464827990400378,0,0,0,93
2025-08-16,SONY_HEADPHONES,Sony,Audio,30000,21000,26584.100855345365,26648.79257114745,0.11386330482182115,0,0,1,86
2025-08-17,SONY_HEADPHONES,Sony,Audio,30000,21000,28479.251188567054,28513.271563006616,0.05069162704776488,0,0,1,93
2025-08-18,SONY_HEADPHONES,Sony,Audio,30000,21000,27897.4576073886,29077.053290242686,0.07008474642038008,0,0,0,90
2025-08-19,SONY_HEADPHONES,Sony,Audio,30000,21000,28119.624691088284,27497.92129483994,0.06267917696372381,0,0,0,87
2025-08-20,SONY_HEADPHONES,Sony,Audio,30000,21000,27377.617958804927,27674.622599731847,0.08741273470650245,0,0,0,74
2025-08-21,SONY_HEADPHONES,Sony,Audio,30000,21000,28431.889751880048,28423.32303173543,0.0522703416039985,0,0,0,84
2025-08-22,SONY_HEADPHONES,Sony,Audio,30000,21000,25959.19806950778,26529.14779980941,0.13469339768307392,0,0,0,78
2025-08-23,SONY_HEADPHONES,Sony,Audio,30000,21000,28368.896530951715,28260.195672181067,0.054370115634942914,0,0,1,91
2025-08-24,SONY_HEADPHONES,Sony,Audio,30000,21000,26816.407690567838,26440.566903183073,0.1061197436477388,0,0,1,102
2025-08-25,SONY_HEADPHONES,Sony,Audio,30000,21000,26662.291276953412,26769.862271778176,0.11125695743488628,0,0,0,89
2025-08-26,SONY_HEADPHONES,Sony,Audio,30000,21000,28484.00869287576,28193.4337573418,0.05053304357080807,0,0,0,69
2025-08-27,SONY_HEADPHONES,Sony,Audio,30000,21000,27862.92839324641,27794.43924438377,0.07123572022511973,0,0,0,60
2025-08-28,SONY_HEADPHONES,Sony,Audio,30000,21000,29569.599547490012,30989.14582626813,0.014346681750332893,0,0,0,73
2025-08-29,SONY_HEADPHONES,Sony,Audio,30000,21000,27944.980914379812,28148.74534247118,0.06850063618733959,0,0,0,85
2025-08-30,SONY_HEADPHONES,Sony,Audio,30000,21000,27005.21124168499,27460.611047581177,0.0998262919438337,0,0,1,108
2025-08-31,SONY_HEADPHONES,Sony,Audio,30000,21000,29629.370849697385,29740.541371456733,0.01235430501008715,0,0,1,85
2025-09-01,SONY_HEADPHONES,Sony,Audio,30000,21000,28864.524379166483,29458.469668686124,0.03784918736111715,1,0,0,114
2025-09-02,SONY_HEADPHONES,Sony,Audio,30000,21000,29021.471898831056,29765.103214236173,0.032617603372298146,1,0,0,107
2025-09-03,SONY_HEADPHONES,Sony,Audio,30000,21000,27636.0289972873,28651.44004562799,0.07879903342375669,1,0,0,105
2025-09-04,SONY_HEADPHONES,Sony,Audio,30000,21000,28731.025167466454,29494.82729594374,0.042299161084451524,1,0,0,103
2025-09-05,SONY_HEADPHONES,Sony,Audio,30000,21000,26748.87527819398,26635.924906964712,0.10837082406020074,1,0,0,121
2025-09-06,SONY_HEADPHONES,Sony,Audio,30000,21000,27820.004800592906,27687.841716284307,0.07266650664690306,1,0,1,128
2025-09-07,SONY_HEADPHONES,Sony,Audio,30000,21000,28159.494117903192,27643.46676596555,0.06135019606989354,1,0,1,110
2025-09-08,SONY_HEADPHONES,Sony,Audio,30000,21000,28970.78805946212,28490.814328730474,0.03430706468459599,0,0,0,72
2025-09-09,SONY_HEADPHONES,Sony,Audio,30000,21000,29635.739904850656,29090.85408340297,0.01214200317164478,0,0,0,71
2025-09-10,SONY_HEADPHONES,Sony,Audio,30000,21000,27957.28316185188,29597.46599704779,0.06809056127160405,0,0,0,86
2025-09-11,SONY_HEADPHONES,Sony,Audio,30000,21000,28168.35921359535,28289.40943848295,0.061054692880155,0,0,0,81
2025-09-12,SONY_HEADPHONES,Sony,Audio,30000,21000,27549.716778191025,27631.203109536313,0.08167610739363253,0,0,0,97
2025-09-13,SONY_HEADPHONES,Sony,Audio,30000,21000,27019.40965134199,26855.098926092523,0.0993530116219337,0,0,1,86
2025-09-14,SONY_HEADPHONES,Sony,Audio,30000,21000,29071.316714909757,28206.132338099094,0.03095610950300811,0,0,1,98
2025-09-15,SONY_HEADPHONES,Sony,Audio,30000,21000,26685.402442197523,25363.146573183145,0.11048658526008262,0,0,0,109
2025-09-16,SONY_HEADPHONES,Sony,Audio,30000,21000,27857.318341395425,27368.358363598552,0.07142272195348587,0,0,0,63
2025-09-17,SONY_HEADPHONES,Sony,Audio,30000,21000,26978.492498443182,27235.359385784748,0.10071691671856059,0,0,0,84
2025-09-18,SONY_HEADPHONES,Sony,Audio,30000,21000,27593.925629432015,27932.027397792306,0.08020247901893288,0,0,0,81
2025-09-19,SONY_HEADPHONES,Sony,Audio,30000,21000,27540.94239554816,26849.893809042347,0.08196858681506126,0,0,0,83
2025-09-20,SONY_HEADPHONES,Sony,Audio,30000,21000,28112.86839590558,27776.638154406126,0.06290438680314722,1,0,1,118
2025-09-21,SONY_HEADPHONES,Sony,Audio,30000,21000,28356.17104886381,28689.85018032678,0.05479429837120632,1,0,1,123
2025-09-22,SONY_HEADPHONES,Sony,Audio,30000,21000,26677.884156291522,27504.396917798123,0.11073719479028259,1,0,0,122
2025-09-23,SONY_HEADPHONES,Sony,Audio,30000,21000,27349.514591881107,27326.656115344365,0.08834951360396315,1,0,0,101
2025-09-24,SONY_HEADPHONES,Sony,Audio,30000,21000,27595.244244395864,28352.311132040806,0.08015852518680454,1,0,0,145
2025-09-25,SONY_HEADPHONES,Sony,Audio,30000,21000,28361.950983027175,28619.181215779565,0.05460163389909428,1,0,0,114
2025-09-26,SONY_HEADPHONES,Sony,Audio,30000,21000,28176.852553147448,27937.694070457765,0.06077158156175174,1,0,0,119
2025-09-27,SONY_HEADPHONES,Sony,Audio,30000,21000,27701.586875596873,27681.903700028106,0.07661377081343758,1,0,1,103
2025-09-28,SONY_HEADPHONES,Sony,Audio,30000,21000,26417.156211630012,26038.158415962964,0.11942812627899962,1,0,1,115
2025-09-29,SONY_HEADPHONES,Sony,Audio,30000,21000,27964.2181114846,27069.61795745794,0.06785939628384671,1,0,0,121
2025-09-30,SONY_HEADPHONES,Sony,Audio,30000,21000,26776.6213175893,27063.715217468478,0.10744595608035667,1,0,0,109
2025-10-01,SONY_HEADPHONES,Sony,Audio,30000,21000,25993.31934201845,27186.202871215944,0.13355602193271826,1,0,0,117
2025-10-02,SONY_HEADPHONES,Sony,Audio,30000,21000,27359.708331499296,28558.03435362283,0.08800972228335677,1,0,0,123
2025-10-03,SONY_HEADPHONES,Sony,Audio,30000,21000,27053.411164363937,27297.218844387964,0.09821962785453545,1,0,0,110
2025-10-04,SONY_HEADPHONES,Sony,Audio,30000,21000,27296.07637350681,26597.74939078426,0.09013078754977305,1,0,1,147
2025-10-05,SONY_HEADPHONES,Sony,Audio,30000,21000,26565.518818550445,25902.471977320292,0.11448270604831853,1,0,1,130
2025-10-06,SONY_HEADPHONES,Sony,Audio,30000,21000,24169.34085390073,23783.810512755717,0.1943553048699758,1,1,0,283
2025-10-07,SONY_HEADPHONES,Sony,Audio,30000,21000,24316.013315832915,24572.53604216086,0.1894662228055695,1,1,0,277
2025-10-08,SONY_HEADPHONES,Sony,Audio,30000,21000,24321.63755076214,24284.836832941703,0.1892787483079285,0,1,0,228
2025-10-09,SONY_HEADPHONES,Sony,Audio,30000,21000,22586.877488770722,23639.369956484294,0.24710408370764253,0,1,0,285
2025-10-10,SONY_HEADPHONES,Sony,Audio,30000,21000,23761.615594073224,24106.91414028058,0.20794614686422588,0,1,0,255
2025-10-11,SONY_HEADPHONES,Sony,Audio,30000,21000,24951.78978661927,24494.501346199642,0.16827367377935767,0,1,1,262
2025-10-12,SONY_HEADPHONES,Sony,Audio,30000,21000,26160.470388336948,26744.319339111,0.12798432038876842,0,1,1,223
2025-10-13,SONY_HEADPHONES,Sony,Audio,30000,21000,28383.172431758,29490.983456338894,0.05389425227473337,0,0,0,84
2025-10-14,SONY_HEADPHONES,Sony,Audio,30000,21000,27799.26721454638,28429.17322268533,0.07335775951512066,0,0,0,92
2025-10-15,SONY_HEADPHONES,Sony,Audio,30000,21000,28498.913035289253,28848.084195450447,0.050036232157024935,0,0,0,95
2025-10-16,SONY_HEADPHONES,Sony,Audio,30000,21000,27516.972449139255,28029.207303143266,0.08276758502869147,0,0,0,86
2025-10-17,SONY_HEADPHONES,Sony,Audio,30000,21000,28271.176947826058,26915.40227966429,0.05762743507246473,0,0,0,85
2025-10-18,SONY_HEADPHONES,Sony,Audio,30000,21000,27538.465863497997,28591.059415974043,0.08205113788340017,0,0,1,88
2025-10-19,SONY_HEADPHONES,Sony,Audio,30000,21000,28457.436496496564,28666.888238125663,0.05141878345011457,0,0,1,100
2025-10-20,SONY_HEADPHONES,Sony,Audio,30000,21000,25791.154803743233,26422.337237131414,0.1402948398752255,1,0,0,121
2025-10-21,SONY_HEADPHONES,Sony,Audio,30000,21000,27679.119853322536,28312.03077395029,0.0773626715559155,1,0,0,120
2025-10-22,SONY_HEADPHONES,Sony,Audio,30000,21000,28084.588792017654,28635.573693146576,0.06384704026607821,1,0,0,112
2025-10-23,SONY_HEADPHONES,Sony,Audio,30000,21000,27447.593869021126,27073.70240147111,0.08508020436596243,1,0,0,97
2025-10-24,SONY_HEADPHONES,Sony,Audio,30000,21000,26500.859051334086,26863.469549817288,0.11663803162219713,1,0,0,128
2025-10-25,SONY_HEADPHONES,Sony,Audio,30000,21000,27411.350659184835,28338.41540620488,0.08628831136050556,1,0,1,127
2025-10-26,SONY_HEADPHONES,Sony,Audio,30000,21000,26787.991220623055,26772.335320543178,0.10706695931256481,1,0,1,126
2025-10-27,SONY_HEADPHONES,Sony,Audio,30000,21000,26310.478941530026,27314.17788728976,0.12298403528233251,1,0,0,115
2025-10-28,SONY_HEADPHONES,Sony,Audio,30000,21000,28049.849856493354,27430.589508972975,0.06500500478355481,1,0,0,102
2025-10-29,SONY_HEADPHONES,Sony,Audio,30000,21000,27131.230877529983,27331.322685860796,0.09562563741566721,1,0,0,127
2025-10-30,SONY_HEADPHONES,Sony,Audio,30000,21000,27452.552839182925,28025.910147914845,0.0849149053605692,1,0,0,116
2025-10-31,SONY_HEADPHONES,Sony,Audio,30000,21000,29109.423070516626,29050.80875422822,0.029685897649445715,0,0,0,79
2025-11-01,SONY_HEADPHONES,Sony,Audio,30000,21000,25927.50533240941,26297.339174948764,0.13574982225301957,1,0,1,127
2025-11-02,SONY_HEADPHONES,Sony,Audio,30000,21000,27070.947069118884,27399.314902578662,0.09763509769603718,1,0,1,123
2025-11-03,SONY_HEADPHONES,Sony,Audio,30000,21000,27103.124030542032,28120.97868161092,0.0965625323152656,1,0,0,125
2025-11-04,SONY_HEADPHONES,Sony,Audio,30000,21000,29582.25534908347,30397.618494910163,0.013924821697217801,1,0,0,107
2025-11-05,SONY_HEADPHONES,Sony,Audio,30000,21000,27695.950323449342,28582.553985954917,0.076801655885022,1,0,0,105
2025-11-06,SONY_HEADPHONES,Sony,Audio,30000,21000,27691.028861264647,27996.787263706065,0.07696570462451179,1,0,0,117
2025-11-07,SONY_HEADPHONES,Sony,Audio,30000,21000,25953.03936435521,25940.624861900153,0.13489868785482645,1,0,0,125
2025-11-08,SONY_HEADPHONES,Sony,Audio,30000,21000,28350.34345273051,27685.285627132034,0.05498855157564962,0,0,1,74
2025-11-09,SONY_HEADPHONES,Sony,Audio,30000,21000,28255.94987519594,28646.890283189205,0.058135004160135374,0,0,1,90
2025-11-10,SONY_HEADPHONES,Sony,Audio,30000,21000,26895.58419577297,25866.26759582315,0.10348052680756761,0,0,0,86
2025-11-11,SONY_HEADPHONES,Sony,Audio,30000,21000,28110.443290191273,28692.370751861148,0.06298522366029087,0,0,0,90
2025-11-12,SONY_HEADPHONES,Sony,Audio,30000,21000,26458.738601321547,26107.39443348821,0.11804204662261503,0,0,0,94
2025-11-13,SONY_HEADPHONES,Sony,Audio,30000,21000,26484.299393979967,27139.368416235757,0.1171900202006677,0,0,0,105
2025-11-14,SONY_HEADPHONES,Sony,Audio,30000,21000,29156.176939256547,29562.205254465385,0.02812743535811508,0,0,0,69
2025-11-15,SONY_HEADPHONES,Sony,Audio,30000,21000,28165.452776246904,29513.998032939835,0.06115157412510325,0,0,1,99
2025-11-16,SONY_HEADPHONES,Sony,Audio,30000,21000,29427.713408311753,29337.863105342876,0.019076219722941573,0,0,1,86
2025-11-17,SONY_HEADPHONES,Sony,Audio,30000,21000,28469.615990942264,28978.730750661838,0.051012800301924593,0,0,0,71
2025-11-18,SONY_HEADPHONES,Sony,Audio,30000,21000,29939.18953520341,31344.604605568667,0.002027015493219625,0,0,0,71
2025-11-19,SONY_HEADPHONES,Sony,Audio,30000,21000,27311.322679876408,27724.027607237695,0.08962257733745306,0,0,0,96
2025-11-20,SONY_HEADPHONES,Sony,Audio,30000,21000,28812.78133242842,29648.289210306408,0.039573955585719356,1,0,0,110
2025-11-21,SONY_HEADPHONES,Sony,Audio,30000,21000,26918.758093040844,27998.17267729771,0.10270806356530514,1,0,0,128
2025-11-22,SONY_HEADPHONES,Sony,Audio,30000,21000,27940.27579299187,27143.2563270021,0.06865747356693763,1,0,1,131
2025-11-23,SONY_HEADPHONES,Sony,Audio,30000,21000,28305.57496102117,29240.500344716736,0.05648083463262765,1,0,1,135
2025-11-24,SONY_HEADPHONES,Sony,Audio,30000,21000,28140.607895523972,29814.025225601115,0.06197973681586763,1,0,0,144
2025-11-25,SONY_HEADPHONES,Sony,Audio,30000,21000,26774.57342502184,28245.53156999242,0.1075142191659386,1,0,0,114
2025-11-26,SONY_HEADPHONES,Sony,Audio,30000,21000,28086.987133132374,28652.258536677742,0.06376709556225423,1,0,0,127
2025-11-27,SONY_HEADPHONES,Sony,Audio,30000,21000,26656.006390521023,28519.943576471298,0.11146645364929936,1,0,0,140
2025-11-28,SONY_HEADPHONES,Sony,Audio,30000,21000,28094.371895328968,28755.558450064113,0.06352093682236765,1,0,0,125
2025-11-29,SONY_HEADPHONES,Sony,Audio,30000,21000,27416.758555376917,27449.44969966827,0.08610804815410283,1,0,1,145
2025-11-30,SONY_HEADPHONES,Sony,Audio,30000,21000,27415.815676082268,27927.851456493787,0.0861394774639244,1,0,1,134
2025-12-01,SONY_HEADPHONES,Sony,Audio,30000,21000,27043.055362826,27044.178580791162,0.09856482123913332,0,0,0,93
2025-12-02,SONY_HEADPHONES,Sony,Audio,30000,21000,26776.414507440928,27521.33757552451,0.10745284975196913,0,0,0,99
2025-12-03,SONY_HEADPHONES,Sony,Audio,30000,21000,27021.786711243712,27878.495894268428,0.09927377629187631,0,0,0,99
2025-12-04,SONY_HEADPHONES,Sony,Audio,30000,21000,27792.48268412447,27310.444027872963,0.07358391052918437,0,0,0,101
2025-12-05,SONY_HEADPHONES,Sony,Audio,30000,21000,26846.971526656045,26736.657035616012,0.10510094911146514,0,0,0,93
2025-12-06,SONY_HEADPHONES,Sony,Audio,30000,21000,28438.843842997787,29454.45112988173,0.05203853856674043,0,0,1,107
2025-12-07,SONY_HEADPHONES,Sony,Audio,30000,21000,28299.8840427947,29201.35553343204,0.056670531906843395,0,0,1,98
2025-12-08,SONY_HEADPHONES,Sony,Audio,30000,21000,26695.268694560687,27425.062391279327,0.11015771018131035,0,0,0,99
2025-12-09,SONY_HEADPHONES,Sony,Audio,30000,21000,27278.22086331795,27373.866909625933,0.09072597122273492,0,0,0,101
2025-12-10,SONY_HEADPHONES,Sony,Audio,30000,21000,28621.023926591155,30433.91221341873,0.04596586911362825,0,0,0,79
2025-12-11,SONY_HEADPHONES,Sony,Audio,30000,21000,28139.696092244758,28225.42765935988,0.06201013025850814,0,0,0,91
2025-12-12,SONY_HEADPHONES,Sony,Audio,30000,21000,27722.028126413956,27626.506077763555,0.07593239578620145,0,0,0,86
2025-12-13,SONY_HEADPHONES,Sony,Audio,30000,21000,27075.778590139253,26993.27638205705,0.09747404699535825,0,0,1,102
2025-12-14,SONY_HEADPHONES,Sony,Audio,30000,21000,27914.363535498855,27780.204049382544,0.06952121548337149,0,0,1,110
2025-12-15,SONY_HEADPHONES,Sony,Audio,30000,21000,27935.727224980878,27423.01747179812,0.06880909250063735,0,0,0,95
2025-12-16,SONY_HEADPHONES,Sony,Audio,30000,21000,29003.083118378923,30472.073297630654,0.03323056272070261,0,0,0,96
2025-12-17,SONY_HEADPHONES,Sony,Audio,30000,21000,27188.265468237933,26037.04807081256,0.0937244843920689,0,0,0,93
2025-12-18,SONY_HEADPHONES,Sony,Audio,30000,21000,28421.296081202203,28816.583122046577,0.052623463959926536,0,0,0,96
2025-12-19,SONY_HEADPHONES,Sony,Audio,30000,21000,26648.40482381518,26707.146533552874,0.11171983920616074,0,0,0,111
2025-12-20,SONY_HEADPHONES,Sony,Audio,30000,21000,27736.574383347706,28630.60593435828,0.07544752055507636,0,0,1,110
2025-12-21,SONY_HEADPHONES,Sony,Audio,30000,21000,30000.0,30395.991272757947,0.0,0,0,1,111
2025-12-22,SONY_HEADPHONES,Sony,Audio,30000,21000,28392.040870473727,27735.6268863614,0.05359863765087576,0,0,0,85
2025-12-23,SONY_HEADPHONES,Sony,Audio,30000,21000,26996.57235660702,26813.728366616717,0.10011425477976599,0,0,0,103
2025-12-24,SONY_HEADPHONES,Sony,Audio,30000,21000,27288.331536026824,27415.70772795537,0.09038894879910582,0,0,0,103
2025-12-25,SONY_HEADPHONES,Sony,Audio,30000,21000,27349.486602672863,28336.027307378128,0.08835044657757117,0,0,0,94
2025-12-26,SONY_HEADPHONES,Sony,Audio,30000,21000,28702.903312717295,28430.038641791256,0.043236556242756775,0,0,0,93
2025-12-27,SONY_HEADPHONES,Sony,Audio,30000,21000,26969.877721993267,27225.13527931625,0.10100407593355772,0,0,1,118
2025-12-28,SONY_HEADPHONES,Sony,Audio,30000,21000,27452.41577663291,27962.332710010327,0.08491947411223624,0,0,1,97
2025-12-29,SONY_HEADPHONES,Sony,Audio,30000,21000,26388.053454855253,26570.63111764671,0.1203982181714916,0,0,0,102
2025-12-30,SONY_HEADPHONES,Sony,Audio,30000,21000,25502.154385261452,25135.729751767158,0.1499281871579515,0,0,0,95
2025-12-31,SONY_HEADPHONES,Sony,Audio,30000,21000,26424.455577169854,26372.774225393823,0.11918481409433823,0,0,0,87
2026-01-01,SONY_HEADPHONES,Sony,Audio,30000,21000,26615.913567650055,26445.737231450334,0.1128028810783315,0,0,0,100
2026-01-02,SONY_HEADPHONES,Sony,Audio,30000,21000,29012.909314244553,29993.220761114237,0.03290302285851486,0,0,0,94
2026-01-03,SONY_HEADPHONES,Sony,Audio,30000,21000,27938.35321152751,27300.933908740713,0.06872155961574977,0,0,1,117
2026-01-04,SONY_HEADPHONES,Sony,Audio,30000,21000,26546.70614652916,26966.006566902513,0.1151097951156948,0,0,1,106
2026-01-05,SONY_HEADPHONES,Sony,Audio,30000,21000,27941.727045350257,28497.631156230873,0.06860909848832478,0,0,0,79
2026-01-06,SONY_HEADPHONES,Sony,Audio,30000,21000,28860.67591893715,27647.559695769327,0.03797746936876167,0,0,0,99
2026-01-07,SONY_HEADPHONES,Sony,Audio,30000,21000,26652.901702879404,26628.09055522537,0.11156994323735325,0,0,0,88
2026-01-08,SONY_HEADPHONES,Sony,Audio,30000,21000,28348.41677906897,28636.541559041434,0.055052774031034216,0,0,0,94
2026-01-09,SONY_HEADPHONES,Sony,Audio,30000,21000,26758.12555645509,26352.533912966494,0.10806248145149701,0,0,0,98
2026-01-10,SONY_HEADPHONES,Sony,Audio,30000,21000,26312.290558881985,26711.992275085286,0.1229236480372672,0,0,1,112
2026-01-11,SONY_HEADPHONES,Sony,Audio,30000,21000,27463.585150368155,27861.393834992865,0.0845471616543948,0,0,1,99
2026-01-12,SONY_HEADPHONES,Sony,Audio,30000,21000,25831.33134361862,26098.01655374672,0.13895562187937927,0,0,0,108
2026-01-13,SONY_HEADPHONES,Sony,Audio,30000,21000,27928.819599024122,30151.419599751614,0.06903934669919602,0,0,0,101
2026-01-14,SONY_HEADPHONES,Sony,Audio,30000,21000,27717.512519459164,28653.710906967444,0.07608291601802784,0,0,0,100
2026-01-15,SONY_HEADPHONES,Sony,Audio,30000,21000,26924.85718753,27212.930639471637,0.1025047604156667,0,0,0,109
2026-01-16,SONY_HEADPHONES,Sony,Audio,30000,21000,25241.50258576382,25845.276769911365,0.1586165804745393,0,0,0,116
2026-01-17,SONY_HEADPHONES,Sony,Audio,30000,21000,28471.775258256053,27434.284093014954,0.05094082472479819,0,0,1,102
2026-01-18,SONY_HEADPHONES,Sony,Audio,30000,21000,29042.88212499012,29276.553940217276,0.03190392916699599,0,0,1,125
2026-01-19,SONY_HEADPHONES,Sony,Audio,30000,21000,26836.07525751985,27004.49063992369,0.1054641580826717,0,0,0,102
2026-01-20,SONY_HEADPHONES,Sony,Audio,30000,21000,27620.45028856641,26564.32556851372,0.07931832371445291,0,0,0,92
2026-01-21,SONY_HEADPHONES,Sony,Audio,30000,21000,26908.022750377848,26126.988749426688,0.10306590832073836,0,0,0,102
2026-01-22,SONY_HEADPHONES,Sony,Audio,30000,21000,28170.12449211061,28659.196303613488,0.06099585026297957,0,0,0,105
2026-01-23,SONY_HEADPHONES,Sony,Audio,30000,21000,28368.71421342279,28257.55529873475,0.054376192885907025,0,0,0,90
2026-01-24,SONY_HEADPHONES,Sony,Audio,30000,21000,28927.554166850474,29396.343628799146,0.035748194438317504,0,0,1,91
2026-01-25,SONY_HEADPHONES,Sony,Audio,30000,21000,27255.978801442507,27567.63426141403,0.09146737328524973,0,0,1,116
2026-01-26,SONY_HEADPHONES,Sony,Audio,30000,21000,29707.669094659068,28706.60635675899,0.009744363511364387,0,0,0,97
2026-01-27,SONY_HEADPHONES,Sony,Audio,30000,21000,26602.24626569705,26638.356217541397,0.11325845781009838,0,0,0,109
2026-01-28,SONY_HEADPHONES,Sony,Audio,30000,21000,28161.600800781507,27280.46675588287,0.06127997330728309,0,0,0,102
2026-01-29,SONY_HEADPHONES,Sony,Audio,30000,21000,26818.559424460323,27660.660373636507,0.10604801918465591,0,0,0,121
2026-01-30,SONY_HEADPHONES,Sony,Audio,30000,21000,28234.3452010892,27817.587658048098,0.058855159963693386,0,0,0,101
2026-01-31,SONY_HEADPHONES,Sony,Audio,30000,21000,27055.561524717214,27604.05959575854,0.09814794917609294,0,0,1,109
2026-02-01,SONY_HEADPHONES,Sony,Audio,30000,21000,28214.555057882186,28267.82755355856,0.059514831403927056,0,0,1,117
2026-02-02,SONY_HEADPHONES,Sony,Audio,30000,21000,26353.762268524308,27503.566806566127,0.12154125771585642,0,0,0,122
2026-02-03,SONY_HEADPHONES,Sony,Audio,30000,21000,27132.074320285396,27824.794226484762,0.09559752265715347,0,0,0,113
2026-02-04,SONY_HEADPHONES,Sony,Audio,30000,21000,26627.153806436232,27527.583859453076,0.11242820645212556,0,0,0,114
2026-02-05,SONY_HEADPHONES,Sony,Audio,30000,21000,28678.67909420352,28865.827025867708,0.04404403019321596,0,0,0,104
2026-02-06,SONY_HEADPHONES,Sony,Audio,30000,21000,27777.674341073827,28027.310645156187,0.07407752196420586,0,0,0,102
2026-02-07,SONY_HEADPHONES,Sony,Audio,30000,21000,27864.72931671068,28158.68360848306,0.07117568944297734,0,0,1,113
2026-02-08,SONY_HEADPHONES,Sony,Audio,30000,21000,30000.0,29860.858828578195,0.0,0,0,1,125
2026-02-09,SONY_HEADPHONES,Sony,Audio,30000,21000,26702.05149393753,27267.645375625314,0.10993161686874896,0,0,0,138
2026-02-10,SONY_HEADPHONES,Sony,Audio,30000,21000,28224.561325976778,28535.594734542763,0.059181289134107334,0,0,0,105
2026-02-11,SONY_HEADPHONES,Sony,Audio,30000,21000,24523.163700232868,25900.01753567487,0.18256120999223785,0,0,0,115
2026-02-12,SONY_HEADPHONES,Sony,Audio,30000,21000,27219.706461790072,27134.71798739295,0.09267645127366429,0,0,0,115
2026-02-13,SONY_HEADPHONES,Sony,Audio,30000,21000,27250.74817597991,27592.5660321515,0.09164172746733637,0,0,0,112
2026-02-14,SONY_HEADPHONES,Sony,Audio,30000,21000,28800.854866616013,28787.887909114877,0.039971504446132955,0,0,1,119
2026-02-15,SONY_HEADPHONES,Sony,Audio,30000,21000,28089.832903717623,28083.57200656388,0.0636722365427459,0,0,1,106
2026-02-16,SONY_HEADPHONES,Sony,Audio,30000,21000,28266.535256209452,27409.260694959,0.057782158126351534,0,0,0,112
2026-02-17,SONY_HEADPHONES,Sony,Audio,30000,21000,27011.44425088596,26637.062898271568,0.09961852497046794,0,0,0,107
2026-02-18,SONY_HEADPHONES,Sony,Audio,30000,21000,28854.82409169081,29181.975956900525,0.03817253027697303,0,0,0,111
2026-02-19,SONY_HEADPHONES,Sony,Audio,30000,21000,27152.673737617373,28761.9301601251,0.09491087541275425,0,0,0,115
2026-02-20,SONY_HEADPHONES,Sony,Audio,30000,21000,28728.185904673803,29441.485926286816,0.04239380317753993,0,0,0,97
2026-02-21,SONY_HEADPHONES,Sony,Audio,30000,21000,26029.196671966696,26098.374125869403,0.13236011093444341,0,0,1,121
2026-02-22,SONY_HEADPHONES,Sony,Audio,30000,21000,28436.035328912512,28227.24518433308,0.05213215570291632,0,0,1,122
2026-02-23,SONY_HEADPHONES,Sony,Audio,30000,21000,28299.633077371855,29756.54818248183,0.056678897420938096,0,0,0,112
2026-02-24,SONY_HEADPHONES,Sony,Audio,30000,21000,26814.47396613553,27091.772941858384,0.10618420112881563,0,0,0,117
2026-02-25,SONY_HEADPHONES,Sony,Audio,30000,21000,29347.89928427679,29858.737573616538,0.02173669052410704,0,0,0,99
2026-02-26,SONY_HEADPHONES,Sony,Audio,30000,21000,27467.43133365037,27321.264774836927,0.08441895554498764,0,0,0,107
2026-02-27,SONY_HEADPHONES,Sony,Audio,30000,21000,29213.921386422306,29994.69611304986,0.026202620452589774,0,0,0,103
2026-02-28,SONY_HEADPHONES,Sony,Audio,30000,21000,28403.935949507646,28487.614274309457,0.05320213501641177,0,0,1,117
2026-03-01,SONY_HEADPHONES,Sony,Audio,30000,21000,28936.819463867894,30045.393025791273,0.03543935120440354,0,0,1,111
2026-03-02,SONY_HEADPHONES,Sony,Audio,30000,21000,27596.037450617034,28040.499956166164,0.08013208497943222,0,0,0,124
2026-03-03,SONY_HEADPHONES,Sony,Audio,30000,21000,28403.3914004651,28990.182615541467,0.05322028665116328,0,0,0,112
2026-03-04,SONY_HEADPHONES,Sony,Audio,30000,21000,26621.00599627045,27001.63370497438,0.11263313345765155,0,0,0,108
2026-03-05,SONY_HEADPHONES,Sony,Audio,30000,21000,27264.117633752867,28179.349337675085,0.09119607887490441,0,0,0,126
2026-03-06,SONY_HEADPHONES,Sony,Audio,30000,21000,24674.79249030624,25527.196733745594,0.17750691698979196,0,0,0,120
2026-03-07,SONY_HEADPHONES,Sony,Audio,30000,21000,25207.5568182462,25324.52685682847,0.15974810605845996,0,0,1,115
2026-03-08,SONY_HEADPHONES,Sony,Audio,30000,21000,25956.64142414704,26540.882079763884,0.13477861919509854,0,0,1,119
2026-03-09,SONY_HEADPHONES,Sony,Audio,30000,21000,27277.43585680723,27580.35599286971,0.09075213810642553,0,0,0,120
2026-03-10,SONY_HEADPHONES,Sony,Audio,30000,21000,27877.704366207054,27777.482907065532,0.07074318779309821,0,0,0,89
2026-03-11,SONY_HEADPHONES,Sony,Audio,30000,21000,27736.705309445002,28025.472792342687,0.07544315635183334,0,0,0,118
2026-03-12,SONY_HEADPHONES,Sony,Audio,30000,21000,27988.949100193153,27679.752135485443,0.06703502999356153,0,0,0,119
2026-03-13,SONY_HEADPHONES,Sony,Audio,30000,21000,27512.809890196033,28078.279375262355,0.08290633699346563,0,0,0,119
2026-03-14,SONY_HEADPHONES,Sony,Audio,30000,21000,27300.239529177543,26843.368391354234,0.08999201569408187,0,0,1,108
2026-03-15,SONY_HEADPHONES,Sony,Audio,30000,21000,25818.303222602106,27359.26922007696,0.13938989257992987,0,0,1,114
2026-03-16,SONY_HEADPHONES,Sony,Audio,30000,21000,26917.17324262884,27764.027109779665,0.102760891912372,0,0,0,97
2026-03-17,SONY_HEADPHONES,Sony,Audio,30000,21000,27336.50964710151,27860.042020181838,0.08878301176328307,0,0,0,113
2026-03-18,SONY_HEADPHONES,Sony,Audio,30000,21000,28525.210715463574,29011.106685604587,0.049159642817880905,0,0,0,95
2026-03-19,SONY_HEADPHONES,Sony,Audio,30000,21000,27662.590337657963,29285.569701152937,0.0779136554114013,0,0,0,116
2026-03-20,SONY_HEADPHONES,Sony,Audio,30000,21000,27880.286671496608,29327.28850665674,0.0706571109501131,0,0,0,105
2026-03-21,SONY_HEADPHONES,Sony,Audio,30000,21000,29225.091721303248,29772.792254737877,0.025830275956558436,0,0,1,116
2026-03-22,SONY_HEADPHONES,Sony,Audio,30000,21000,28356.387297641486,27617.09817401317,0.05478709007861711,0,0,1,111
2026-03-23,SONY_HEADPHONES,Sony,Audio,30000,21000,26924.602810519813,27456.272951889514,0.1025132396493396,0,0,0,104
2026-03-24,SONY_HEADPHONES,Sony,Audio,30000,21000,27097.784588132577,27391.525729705405,0.09674051372891412,0,0,0,111
2026-03-25,SONY_HEADPHONES,Sony,Audio,30000,21000,28267.071861086613,27868.860150155062,0.05776427129711287,0,0,0,110
2026-03-26,SONY_HEADPHONES,Sony,Audio,30000,21000,26004.652907900447,26739.336422014654,0.13317823640331836,0,0,0,102
2026-03-27,SONY_HEADPHONES,Sony,Audio,30000,21000,26552.793812952972,26739.12186217573,0.1149068729015677,0,0,0,114
2026-03-28,SONY_HEADPHONES,Sony,Audio,30000,21000,28387.468004371287,28070.046473599996,0.05375106652095703,0,0,1,115
2026-03-29,SONY_HEADPHONES,Sony,Audio,30000,21000,27491.622927245786,27277.050105928458,0.08361256909180712,0,0,1,123
2026-03-30,SONY_HEADPHONES,Sony,Audio,30000,21000,29368.298415814774,30094.597202612655,0.02105671947284081,0,0,0,111
2026-03-31,SONY_HEADPHONES,Sony,Audio,30000,21000,26553.19464440125,26483.754989785968,0.11489351185329169,0,0,0,126
2026-04-01,SONY_HEADPHONES,Sony,Audio,30000,21000,29149.664651956482,29580.26345149648,0.028344511601450587,0,0,0,124
2026-04-02,SONY_HEADPHONES,Sony,Audio,30000,21000,27737.676486412158,27777.045909890447,0.07541078378626148,0,0,0,96
2026-04-03,SONY_HEADPHONES,Sony,Audio,30000,21000,27161.43452473189,27496.44718434672,0.09461884917560368,0,0,0,115
2026-04-04,SONY_HEADPHONES,Sony,Audio,30000,21000,28350.10588768922,28080.512962156237,0.0549964704103593,0,0,1,114
2026-04-05,SONY_HEADPHONES,Sony,Audio,30000,21000,27563.013428334798,28470.09761071958,0.08123288572217338,0,0,1,128
2026-04-06,SONY_HEADPHONES,Sony,Audio,30000,21000,27476.070900358987,27332.763759903035,0.08413096998803367,0,0,0,129
2026-04-07,SONY_HEADPHONES,Sony,Audio,30000,21000,27404.168472272428,27833.443761099494,0.08652771759091901,0,0,0,95
2026-04-08,SONY_HEADPHONES,Sony,Audio,30000,21000,28340.5947474898,30018.966465389844,0.05531350841700664,0,0,0,104
2026-04-09,SONY_HEADPHONES,Sony,Audio,30000,21000,26696.806673771018,26887.143532750008,0.11010644420763269,0,0,0,101
2026-04-10,SONY_HEADPHONES,Sony,Audio,30000,21000,25634.69964446837,26118.292023135036,0.14551001185105433,0,0,0,127
2026-04-11,SONY_HEADPHONES,Sony,Audio,30000,21000,27316.44790588254,28544.748792797156,0.08945173647058187,0,0,1,114
2026-04-12,SONY_HEADPHONES,Sony,Audio,30000,21000,26688.542613060836,27286.834092799123,0.1103819128979722,0,0,1,128
2026-04-13,SONY_HEADPHONES,Sony,Audio,30000,21000,27738.285266552906,27605.496369057204,0.07539049111490315,0,0,0,108
2026-04-14,SONY_HEADPHONES,Sony,Audio,30000,21000,25121.073719596385,25923.291475198945,0.16263087601345383,0,0,0,124
2026-04-15,SONY_HEADPHONES,Sony,Audio,30000,21000,27776.973211698736,28326.87855366942,0.07410089294337548,0,0,0,113
2026-04-16,SONY_HEADPHONES,Sony,Audio,30000,21000,27727.17536802878,27493.145279365268,0.07576082106570736,0,0,0,121
2026-04-17,SONY_HEADPHONES,Sony,Audio,30000,21000,29381.411667044726,30026.24472742636,0.020619611098509225,0,0,0,103
2026-04-18,SONY_HEADPHONES,Sony,Audio,30000,21000,27545.008518288756,28621.670595412914,0.08183304939037486,0,0,1,114
2026-04-19,SONY_HEADPHONES,Sony,Audio,30000,21000,28120.25786515427,29220.691852481417,0.06265807116152422,0,0,1,115
2026-04-20,SONY_HEADPHONES,Sony,Audio,30000,21000,26543.447215322783,27352.297922568974,0.1152184261559073,0,0,0,120
2026-04-21,SONY_HEADPHONES,Sony,Audio,30000,21000,27646.473126292505,28714.46791628256,0.07845089579024982,0,0,0,117
2026-04-22,SONY_HEADPHONES,Sony,Audio,30000,21000,26593.356762790077,26961.37423334912,0.11355477457366397,0,0,0,113
2026-04-23,SONY_HEADPHONES,Sony,Audio,30000,21000,29107.752726929415,29242.33094003347,0.02974157576901943,0,0,0,107
2026-04-24,SONY_HEADPHONES,Sony,Audio,30000,21000,26527.188467801923,27016.33240369785,0.11576038440660255,0,0,0,106
2026-04-25,SONY_HEADPHONES,Sony,Audio,30000,21000,28023.24690424171,28364.867907242886,0.06589176985860966,0,0,1,101
2026-04-26,SONY_HEADPHONES,Sony,Audio,30000,21000,28054.625078504327,29919.17810155484,0.06484583071652245,0,0,1,115
2026-04-27,SONY_HEADPHONES,Sony,Audio,30000,21000,30000.0,30357.144316086542,0.0,0,0,0,98
2026-04-28,SONY_HEADPHONES,Sony,Audio,30000,21000,26527.258335392165,26832.092720166795,0.11575805548692783,0,0,0,137
2026-04-29,SONY_HEADPHONES,Sony,Audio,30000,21000,28158.469582547383,28238.223997332054,0.06138434724842059,0,0,0,110
2026-04-30,SONY_HEADPHONES,Sony,Audio,30000,21000,25595.78491295338,26295.717912948006,0.14680716956822076,0,0,0,106
2026-05-01,SONY_HEADPHONES,Sony,Audio,30000,21000,26939.7454802506,27175.801870926032,0.10200848399164666,0,0,0,111
2026-05-02,SONY_HEADPHONES,Sony,Audio,30000,21000,27303.50336124051,26951.088137633655,0.08988322129198303,0,0,1,126
2026-05-03,SONY_HEADPHONES,Sony,Audio,30000,21000,25518.36128311723,27299.73325723596,0.1493879572294257,0,0,1,133
2026-05-04,SONY_HEADPHONES,Sony,Audio,30000,21000,28593.36773773185,29526.04751098967,0.046887742075605095,0,0,0,128
2026-05-05,SONY_HEADPHONES,Sony,Audio,30000,21000,25783.723243170945,25510.142927849643,0.14054255856096853,0,0,0,118
2026-05-06,SONY_HEADPHONES,Sony,Audio,30000,21000,26737.738792760585,27376.013564026067,0.10874204024131381,0,0,0,124
2026-05-07,SONY_HEADPHONES,Sony,Audio,30000,21000,28861.273459837925,28545.42890563418,0.037957551338735795,0,0,0,83
2026-05-08,SONY_HEADPHONES,Sony,Audio,30000,21000,26665.647536916516,27123.21570453228,0.11114508210278272,0,0,0,115
2026-05-09,SONY_HEADPHONES,Sony,Audio,30000,21000,27728.31225859278,28844.642054589578,0.07572292471357399,0,0,1,130
2026-05-10,SONY_HEADPHONES,Sony,Audio,30000,21000,27032.130379096285,25712.43091768438,0.0989289873634572,0,0,1,129
2026-05-11,SONY_HEADPHONES,Sony,Audio,30000,21000,26601.100763583927,25596.25856110195,0.11329664121386906,0,0,0,107
2026-05-12,SONY_HEADPHONES,Sony,Audio,30000,21000,28483.177435938414,30008.39642418765,0.050560752135386265,0,0,0,118
2026-05-13,SONY_HEADPHONES,Sony,Audio,30000,21000,30000.0,29815.231847137977,0.0,0,0,0,105
2026-05-14,SONY_HEADPHONES,Sony,Audio,30000,21000,27903.33703505075,28193.10451536194,0.06988876549830834,0,0,0,110
2026-05-15,SONY_HEADPHONES,Sony,Audio,30000,21000,26429.113235575544,27624.66686764956,0.11902955881414853,0,0,0,113
2026-05-16,SONY_HEADPHONES,Sony,Audio,30000,21000,26845.193409482265,26217.374741220443,0.1051602196839245,0,0,1,104
2026-05-17,SONY_HEADPHONES,Sony,Audio,30000,21000,26277.62810685827,27016.030938062282,0.12407906310472433,0,0,1,121
2026-05-18,SONY_HEADPHONES,Sony,Audio,30000,21000,26598.72530180436,26470.940816217266,0.1133758232731881,0,0,0,118
2026-05-19,SONY_HEADPHONES,Sony,Audio,30000,21000,25984.68526633981,26163.09157715483,0.13384382445533974,0,0,0,127
2026-05-20,SONY_HEADPHONES,Sony,Audio,30000,21000,28291.133355937698,29149.997599096198,0.0569622214687434,0,0,0,94
2026-05-21,SONY_HEADPHONES,Sony,Audio,30000,21000,27598.78096394308,28352.02422163517,0.08004063453523054,0,0,0,115
2026-05-22,SONY_HEADPHONES,Sony,Audio,30000,21000,27909.50227793681,27499.756433458817,0.06968325740210636,0,0,0,98
2026-05-23,SONY_HEADPHONES,Sony,Audio,30000,21000,27828.25550938733,27868.839344199758,0.07239148302042232,0,0,1,114
2026-05-24,SONY_HEADPHONES,Sony,Audio,30000,21000,28370.28834339097,28139.41213943925,0.05432372188696761,0,0,1,110
2026-05-25,SONY_HEADPHONES,Sony,Audio,30000,21000,27362.009772368554,27547.98359690544,0.08793300758771479,0,0,0,117
2026-05-26,SONY_HEADPHONES,Sony,Audio,30000,21000,27472.6940815886,27366.466188335766,0.08424353061371329,0,0,0,111
2026-05-27,SONY_HEADPHONES,Sony,Audio,30000,21000,27042.985711543635,26248.68751011595,0.09856714294854554,0,0,0,119
2026-05-28,SONY_HEADPHONES,Sony,Audio,30000,21000,28895.378872544974,29366.611915807265,0.03682070424850077,0,0,0,92
2026-05-29,SONY_HEADPHONES,Sony,Audio,30000,21000,28202.767949246438,27189.943914849333,0.05990773502511866,0,0,0,103
2026-05-30,SONY_HEADPHONES,Sony,Audio,30000,21000,27030.62763918902,27277.30867658769,0.09897907869369928,0,0,1,116
2026-05-31,SONY_HEADPHONES,Sony,Audio,30000,21000,27535.684654142595,26641.857806162276,0.08214384486191355,0,0,1,120
2026-06-01,SONY_HEADPHONES,Sony,Audio,30000,21000,29474.277131023187,29600.856230931367,0.017524095632560424,0,0,0,108
2026-06-02,SONY_HEADPHONES,Sony,Audio,30000,21000,28297.814762346025,27457.01372238238,0.056739507921799215,0,0,0,79
2026-06-03,SONY_HEADPHONES,Sony,Audio,30000,21000,27065.030395261696,28243.88621487324,0.0978323201579435,0,0,0,101
2026-06-04,SONY_HEADPHONES,Sony,Audio,30000,21000,28151.14706101245,28834.944553604742,0.06162843129958505,0,0,0,101
2026-06-05,SONY_HEADPHONES,Sony,Audio,30000,21000,29173.195899790888,31171.557136401934,0.027560136673637138,0,0,0,118
2026-06-06,SONY_HEADPHONES,Sony,Audio,30000,21000,28326.52738264852,28956.76592585446,0.05578242057838263,0,0,1,118
2026-06-07,SONY_HEADPHONES,Sony,Audio,30000,21000,25772.099019134843,25819.297661177978,0.14093003269550522,0,0,1,137
2026-06-08,SONY_HEADPHONES,Sony,Audio,30000,21000,27111.790272218597,27537.40963399498,0.09627365759271339,0,0,0,113
2026-06-09,SONY_HEADPHONES,Sony,Audio,30000,21000,27992.882264043612,27866.23055785637,0.0669039245318797,0,0,0,91
2026-06-10,SONY_HEADPHONES,Sony,Audio,30000,21000,28792.16089006689,27197.45742148239,0.0402613036644369,0,0,0,105
2026-06-11,SONY_HEADPHONES,Sony,Audio,30000,21000,27722.60232737162,27537.39923915058,0.07591325575427932,0,0,0,107
2026-06-12,SONY_HEADPHONES,Sony,Audio,30000,21000,26848.340345977722,27749.219158640568,0.10505532180074267,0,0,0,114
2026-06-13,SONY_HEADPHONES,Sony,Audio,30000,21000,26230.93214677205,26277.795528732437,0.12563559510759825,0,0,1,118
2026-06-14,SONY_HEADPHONES,Sony,Audio,30000,21000,28525.19837432165,28093.2463012103,0.04916005418927832,0,0,1,117
2026-06-15,SONY_HEADPHONES,Sony,Audio,30000,21000,28379.882849651935,27930.75073808838,0.05400390501160225,0,0,0,109
2026-06-16,SONY_HEADPHONES,Sony,Audio,30000,21000,26589.27841801191,27195.91248024626,0.11369071939960307,0,0,0,112
2026-06-17,SONY_HEADPHONES,Sony,Audio,30000,21000,27468.610359691836,27112.09618707977,0.08437965467693871,0,0,0,102
2026-06-18,SONY_HEADPHONES,Sony,Audio,30000,21000,25461.588525494317,25453.476403414337,0.15128038248352282,0,0,0,112
2026-06-19,SONY_HEADPHONES,Sony,Audio,30000,21000,26666.71923948301,27535.048721746276,0.11110935868389972,0,0,0,115
2026-06-20,SONY_HEADPHONES,Sony,Audio,30000,21000,26153.76509227979,26662.68726410716,0.1282078302573403,0,0,1,118
2026-06-21,SONY_HEADPHONES,Sony,Audio,30000,21000,27234.299439949842,27699.545423287305,0.09219001866833865,0,0,1,122
2026-06-22,SONY_HEADPHONES,Sony,Audio,30000,21000,29164.58680935545,28979.257288500085,0.027847106354818366,0,0,0,102
2026-06-23,SONY_HEADPHONES,Sony,Audio,30000,21000,27843.126968642562,29629.87892102186,0.07189576771191467,0,0,0,111
2026-06-24,SONY_HEADPHONES,Sony,Audio,30000,21000,28215.53907899505,27759.611211728847,0.05948203070016503,0,0,0,101
2026-06-25,SONY_HEADPHONES,Sony,Audio,30000,21000,29006.233831259564,28196.3374216183,0.03312553895801446,0,0,0,104
2026-06-26,SONY_HEADPHONES,Sony,Audio,30000,21000,25276.05818608813,25658.351708321425,0.15746472713039567,0,0,0,93
2026-06-27,SONY_HEADPHONES,Sony,Audio,30000,21000,28581.209615724976,29849.628734497917,0.04729301280916742,0,0,1,100
2026-06-28,SONY_HEADPHONES,Sony,Audio,30000,21000,25632.74478640801,25316.55264890648,0.14557517378639978,0,0,1,134
2026-06-29,SONY_HEADPHONES,Sony,Audio,30000,21000,28977.559622634428,29605.264050892238,0.034081345912185736,0,0,0,97
2026-06-30,SONY_HEADPHONES,Sony,Audio,30000,21000,26662.27878166389,27027.31993285641,0.11125737394453705,0,0,0,124
2026-07-01,SONY_HEADPHONES,Sony,Audio,30000,21000,26322.01358278608,25583.546000812756,0.12259954724046393,0,0,0,106
2026-07-02,SONY_HEADPHONES,Sony,Audio,30000,21000,30000.0,29485.5354498161,0.0,0,0,0,103
2026-07-03,SONY_HEADPHONES,Sony,Audio,30000,21000,28342.18551363033,28045.95370819091,0.055260482878988985,0,0,0,95
2026-07-04,SONY_HEADPHONES,Sony,Audio,30000,21000,29774.80627081575,29803.395816434317,0.007506457639474967,0,0,1,99
2026-07-05,SONY_HEADPHONES,Sony,Audio,30000,21000,26997.89451872762,27859.109695843115,0.10007018270907937,0,0,1,123
2026-07-06,SONY_HEADPHONES,Sony,Audio,30000,21000,26296.80896398446,25160.398801521063,0.12343970120051806,0,0,0,101
2026-07-07,SONY_HEADPHONES,Sony,Audio,30000,21000,27127.067442074058,27039.170182804828,0.09576441859753133,0,0,0,112
2026-07-08,SONY_HEADPHONES,Sony,Audio,30000,21000,29416.81025389054,28423.17761660693,0.019439658203648687,0,0,0,104
2026-07-09,SONY_HEADPHONES,Sony,Audio,30000,21000,27456.430711334913,27127.01298272937,0.08478564295550287,0,0,0,111
2026-07-10,SONY_HEADPHONES,Sony,Audio,30000,21000,27510.430259200173,26975.819351828653,0.0829856580266609,0,0,0,115
2026-07-11,SONY_HEADPHONES,Sony,Audio,30000,21000,26206.44921605812,26254.579585379553,0.12645169279806254,0,0,1,99
2026-07-12,SONY_HEADPHONES,Sony,Audio,30000,21000,27862.156616198674,28028.15300108747,0.07126144612671081,0,0,1,92
2026-07-13,SONY_HEADPHONES,Sony,Audio,30000,21000,30000.0,31194.576751235327,0.0,0,0,0,91
2026-07-14,SONY_HEADPHONES,Sony,Audio,30000,21000,28719.986037364713,28908.747770519294,0.0426671320878429,0,0,0,111
2026-07-15,SONY_HEADPHONES,Sony,Audio,30000,21000,27542.62858627271,27272.281966487593,0.08191238045757633,0,0,0,106
2026-07-16,SONY_HEADPHONES,Sony,Audio,30000,21000,26970.513196777538,27955.314433446514,0.10098289344074873,0,0,0,108
2026-07-17,SONY_HEADPHONES,Sony,Audio,30000,21000,29430.879232410098,30247.292573835744,0.018970692252996704,0,0,0,102
2026-07-18,SONY_HEADPHONES,Sony,Audio,30000,21000,29605.061905556748,29316.167287585133,0.013164603148108439,0,0,1,104
2026-07-19,SONY_HEADPHONES,Sony,Audio,30000,21000,28173.531436261543,28089.829957218313,0.06088228545794863,0,0,1,132
2026-07-20,SONY_HEADPHONES,Sony,Audio,30000,21000,26285.84164818317,26248.88769467362,0.12380527839389438,0,0,0,107
2026-07-21,SONY_HEADPHONES,Sony,Audio,30000,21000,28080.302379383815,27448.050710323787,0.06398992068720619,0,0,0,111
2026-07-22,SONY_HEADPHONES,Sony,Audio,30000,21000,27287.447638921567,27414.93885516226,0.0904184120359478,0,0,0,88
2026-07-23,SONY_HEADPHONES,Sony,Audio,30000,21000,27088.953943158227,26467.873172827,0.09703486856139246,0,0,0,99
2026-07-24,SONY_HEADPHONES,Sony,Audio,30000,21000,25771.0906642923,26534.44671414772,0.14096364452359,0,0,0,113
2026-07-25,SONY_HEADPHONES,Sony,Audio,30000,21000,23817.026257398582,24079.959717824066,0.2060991247533806,0,0,1,130
2026-07-26,SONY_HEADPHONES,Sony,Audio,30000,21000,26554.165871527097,27997.543858074212,0.11486113761576341,0,0,1,100
2026-07-27,SONY_HEADPHONES,Sony,Audio,30000,21000,27264.246210844045,27412.3593838439,0.09119179297186515,0,0,0,109
2026-07-28,SONY_HEADPHONES,Sony,Audio,30000,21000,28102.054058841593,28169.02198249499,0.06326486470528025,0,0,0,112
2026-07-29,SONY_HEADPHONES,Sony,Audio,30000,21000,27416.973446297096,27534.64817516926,0.0861008851234302,0,0,0,98
2026-07-30,SONY_HEADPHONES,Sony,Audio,30000,21000,26878.258095650617,28113.009491510413,0.10405806347831266,0,0,0,111
2026-07-31,SONY_HEADPHONES,Sony,Audio,30000,21000,28812.349495914612,28265.43174959622,0.03958835013617956,0,0,0,89
2025-01-01,AIRPODS_PRO,Apple,Audio,25000,17000,23389.348927613737,22608.120079793356,0.06442604289545054,0,0,0,98
2025-01-02,AIRPODS_PRO,Apple,Audio,25000,17000,21553.77008695335,22369.32236880674,0.13784919652186595,0,0,0,102
2025-01-03,AIRPODS_PRO,Apple,Audio,25000,17000,23169.35253052164,23340.43119261267,0.0732258987791344,0,0,0,88
2025-01-04,AIRPODS_PRO,Apple,Audio,25000,17000,22697.12142404165,22483.460204944786,0.09211514303833405,0,0,1,119
2025-01-05,AIRPODS_PRO,Apple,Audio,25000,17000,23297.84576212638,23116.09888559033,0.06808616951494476,0,0,1,95
2025-01-06,AIRPODS_PRO,Apple,Audio,25000,17000,22948.86614197686,23227.372827158084,0.08204535432092556,0,0,0,112
2025-01-07,AIRPODS_PRO,Apple,Audio,25000,17000,23115.889129737126,23927.602343944993,0.07536443481051497,0,0,0,93
2025-01-08,AIRPODS_PRO,Apple,Audio,25000,17000,23104.26436120733,23301.328482098426,0.07582942555170681,0,0,0,91
2025-01-09,AIRPODS_PRO,Apple,Audio,25000,17000,24282.172835514346,24922.188623723712,0.02871308657942615,0,0,0,107
2025-01-10,AIRPODS_PRO,Apple,Audio,25000,17000,22864.399483763085,23531.59673799755,0.08542402064947655,0,0,0,116
2025-01-11,AIRPODS_PRO,Apple,Audio,25000,17000,23752.09821867435,23338.24653018189,0.04991607125302602,0,0,1,110
2025-01-12,AIRPODS_PRO,Apple,Audio,25000,17000,23211.680986240754,22354.76936407873,0.07153276055036986,0,0,1,98
2025-01-13,AIRPODS_PRO,Apple,Audio,25000,17000,21493.51896438175,21561.198837544864,0.14025924142472998,0,0,0,127
2025-01-14,AIRPODS_PRO,Apple,Audio,25000,17000,25000.0,24930.19133005518,0.0,0,0,0,88
2025-01-15,AIRPODS_PRO,Apple,Audio,25000,17000,23151.80076687471,24220.913187953618,0.07392796932501165,0,0,0,116
2025-01-16,AIRPODS_PRO,Apple,Audio,25000,17000,22958.769762165444,22385.160370341233,0.08164920951338234,0,0,0,106
2025-01-17,AIRPODS_PRO,Apple,Audio,25000,17000,22685.205008854733,22930.074620083735,0.09259179964581069,0,0,0,92
2025-01-18,AIRPODS_PRO,Apple,Audio,25000,17000,21239.743621487596,21015.184525263925,0.15041025514049616,0,0,1,127
2025-01-19,AIRPODS_PRO,Apple,Audio,25000,17000,23053.32207281275,23961.990402821546,0.07786711708749011,0,0,1,115
2025-01-20,AIRPODS_PRO,Apple,Audio,25000,17000,22300.697620663126,22726.580377721748,0.10797209517347497,0,0,0,95
2025-01-21,AIRPODS_PRO,Apple,Audio,25000,17000,23602.007712989234,23657.413784060587,0.05591969148043068,0,0,0,116
2025-01-22,AIRPODS_PRO,Apple,Audio,25000,17000,23083.30097609843,22565.245900582093,0.07666796095606282,0,0,0,108
2025-01-23,AIRPODS_PRO,Apple,Audio,25000,17000,23432.68102664688,23689.06095697957,0.0626927589341248,0,0,0,113
2025-01-24,AIRPODS_PRO,Apple,Audio,25000,17000,22496.95721419934,23020.26560241982,0.10012171143202629,0,0,0,103
2025-01-25,AIRPODS_PRO,Apple,Audio,25000,17000,24437.860405248994,24459.462218891542,0.022485583790040273,0,0,1,99
2025-01-26,AIRPODS_PRO,Apple,Audio,25000,17000,23699.895582324178,22865.58640793692,0.05200417670703287,0,0,1,120
2025-01-27,AIRPODS_PRO,Apple,Audio,25000,17000,23125.050355494033,23063.536323480526,0.07499798578023863,0,0,0,122
2025-01-28,AIRPODS_PRO,Apple,Audio,25000,17000,22996.315794233687,23536.944306224144,0.0801473682306525,0,0,0,103
2025-01-29,AIRPODS_PRO,Apple,Audio,25000,17000,22690.270225569286,23990.79352996485,0.09238919097722864,0,0,0,115
2025-01-30,AIRPODS_PRO,Apple,Audio,25000,17000,22867.495459859372,23897.14409267678,0.08530018160562514,0,0,0,108
2025-01-31,AIRPODS_PRO,Apple,Audio,25000,17000,23922.18949187332,24363.637810243457,0.04311242032506723,0,0,0,104
2025-02-01,AIRPODS_PRO,Apple,Audio,25000,17000,23612.33807570073,23697.244556914116,0.055506476971970906,0,0,1,105
2025-02-02,AIRPODS_PRO,Apple,Audio,25000,17000,22277.855922414725,22352.919005096548,0.10888576310341098,0,0,1,114
2025-02-03,AIRPODS_PRO,Apple,Audio,25000,17000,22103.697073262403,21953.669603151426,0.11585211706950388,0,0,0,92
2025-02-04,AIRPODS_PRO,Apple,Audio,25000,17000,23951.15153700112,24318.257168615968,0.04195393851995537,0,0,0,100
2025-02-05,AIRPODS_PRO,Apple,Audio,25000,17000,22773.847347470815,22815.704185056587,0.08904610610116742,0,0,0,113
2025-02-06,AIRPODS_PRO,Apple,Audio,25000,17000,22459.39155848068,21593.753801580104,0.10162433766077278,0,0,0,107
2025-02-07,AIRPODS_PRO,Apple,Audio,25000,17000,23835.0822578898,24321.042637078284,0.04659670968440799,0,0,0,112
2025-02-08,AIRPODS_PRO,Apple,Audio,25000,17000,23198.314045620522,23064.427853443907,0.07206743817517919,0,0,1,124
2025-02-09,AIRPODS_PRO,Apple,Audio,25000,17000,22881.826258314268,23648.0030815365,0.08472694966742918,0,0,1,144
2025-02-10,AIRPODS_PRO,Apple,Audio,25000,17000,22699.55094392896,23355.28700618585,0.09201796224284163,0,0,0,111
2025-02-11,AIRPODS_PRO,Apple,Audio,25000,17000,22653.964239960114,23567.197044572433,0.09384143040159544,0,0,0,111
2025-02-12,AIRPODS_PRO,Apple,Audio,25000,17000,23435.981373136095,24262.176302014916,0.06256074507455628,0,0,0,108
2025-02-13,AIRPODS_PRO,Apple,Audio,25000,17000,22863.571237205277,23025.91902460284,0.08545715051178893,0,0,0,105
2025-02-14,AIRPODS_PRO,Apple,Audio,25000,17000,23284.356269897584,24212.927900549927,0.06862574920409663,0,0,0,118
2025-02-15,AIRPODS_PRO,Apple,Audio,25000,17000,23933.9898626526,24681.557012841116,0.04264040549389589,0,0,1,106
2025-02-16,AIRPODS_PRO,Apple,Audio,25000,17000,23434.786666258522,23988.392014750912,0.06260853334965906,0,0,1,135
2025-02-17,AIRPODS_PRO,Apple,Audio,25000,17000,21743.72744668198,21318.077312455345,0.13025090213272086,0,0,0,116
2025-02-18,AIRPODS_PRO,Apple,Audio,25000,17000,23786.796584042015,24681.30770467955,0.04852813663831933,0,0,0,101
2025-02-19,AIRPODS_PRO,Apple,Audio,25000,17000,23009.71476679498,24047.62864244563,0.0796114093282008,0,0,0,116
2025-02-20,AIRPODS_PRO,Apple,Audio,25000,17000,25000.0,25435.804434224985,0.0,0,0,0,108
2025-02-21,AIRPODS_PRO,Apple,Audio,25000,17000,22364.299446107063,22787.58036447484,0.10542802215571744,0,0,0,113
2025-02-22,AIRPODS_PRO,Apple,Audio,25000,17000,23281.008163738887,24133.91649912465,0.06875967345044452,0,0,1,130
2025-02-23,AIRPODS_PRO,Apple,Audio,25000,17000,22734.268980318953,23863.137552126023,0.0906292407872419,0,0,1,119
2025-02-24,AIRPODS_PRO,Apple,Audio,25000,17000,22433.98834321532,23857.45586902117,0.10264046627138723,0,0,0,109
2025-02-25,AIRPODS_PRO,Apple,Audio,25000,17000,23946.702644281595,23615.65813859267,0.042131894228736234,0,0,0,110
2025-02-26,AIRPODS_PRO,Apple,Audio,25000,17000,23579.812969599523,23722.21343839424,0.05680748121601903,0,0,0,122
2025-02-27,AIRPODS_PRO,Apple,Audio,25000,17000,23887.667804639266,24831.61481552817,0.04449328781442939,0,0,0,124
2025-02-28,AIRPODS_PRO,Apple,Audio,25000,17000,21615.208336732707,21877.183383187374,0.1353916665306918,0,0,0,128
2025-03-01,AIRPODS_PRO,Apple,Audio,25000,17000,23082.92433800449,22357.56279817382,0.0766830264798204,0,0,1,127
2025-03-02,AIRPODS_PRO,Apple,Audio,25000,17000,24017.71178691967,23016.459424357352,0.039291528523213104,0,0,1,122
2025-03-03,AIRPODS_PRO,Apple,Audio,25000,17000,23541.605372356207,23509.294125775963,0.058335785105751665,0,0,0,103
2025-03-04,AIRPODS_PRO,Apple,Audio,25000,17000,22521.791135953175,22800.646981329064,0.09912835456187297,0,0,0,111
2025-03-05,AIRPODS_PRO,Apple,Audio,25000,17000,23717.264936884003,24311.699858739492,0.05130940252463991,0,0,0,123
2025-03-06,AIRPODS_PRO,Apple,Audio,25000,17000,20946.898841505776,21500.098742365197,0.16212404633976896,0,0,0,133
2025-03-07,AIRPODS_PRO,Apple,Audio,25000,17000,23467.479269838164,23819.580438653844,0.06130082920647342,0,0,0,114
2025-03-08,AIRPODS_PRO,Apple,Audio,25000,17000,23909.411386518314,23470.55747401955,0.04362354453926741,0,0,1,107
2025-03-09,AIRPODS_PRO,Apple,Audio,25000,17000,21535.23300099242,21867.067540595108,0.1385906799603033,0,0,1,132
2025-03-10,AIRPODS_PRO,Apple,Audio,25000,17000,23997.672548036604,23452.089095044732,0.04009309807853586,0,0,0,125
2025-03-11,AIRPODS_PRO,Apple,Audio,25000,17000,23794.492774405855,24239.167523563425,0.04822028902376577,0,0,0,125
2025-03-12,AIRPODS_PRO,Apple,Audio,25000,17000,24302.588598309125,24545.365877378572,0.027896456067634995,0,0,0,116
2025-03-13,AIRPODS_PRO,Apple,Audio,25000,17000,22580.80757643973,22144.9003016743,0.09676769694241083,0,0,0,124
2025-03-14,AIRPODS_PRO,Apple,Audio,25000,17000,22269.518729613417,22401.558024569502,0.10921925081546319,0,0,0,113
2025-03-15,AIRPODS_PRO,Apple,Audio,25000,17000,23665.642115929884,24051.62767782243,0.053374315362804625,0,0,1,120
2025-03-16,AIRPODS_PRO,Apple,Audio,25000,17000,22807.848528413142,23048.034027397494,0.0876860588634742,0,0,1,119
2025-03-17,AIRPODS_PRO,Apple,Audio,25000,17000,22746.473976450223,22410.863947540394,0.09014104094199121,0,0,0,128
2025-03-18,AIRPODS_PRO,Apple,Audio,25000,17000,22430.20895162154,21886.76274864497,0.10279164193513846,0,0,0,123
2025-03-19,AIRPODS_PRO,Apple,Audio,25000,17000,24203.405596801644,23234.2253098755,0.031863776127934264,0,0,0,120
2025-03-20,AIRPODS_PRO,Apple,Audio,25000,17000,22605.726460130758,22980.436258971222,0.09577094159476963,0,0,0,98
2025-03-21,AIRPODS_PRO,Apple,Audio,25000,17000,22548.38190467305,23636.2756528751,0.09806472381307801,0,0,0,110
2025-03-22,AIRPODS_PRO,Apple,Audio,25000,17000,23993.229491984835,23713.27035200425,0.04027082032060663,0,0,1,118
2025-03-23,AIRPODS_PRO,Apple,Audio,25000,17000,22615.725878621713,23205.94714067133,0.09537096485513141,0,0,1,128
2025-03-24,AIRPODS_PRO,Apple,Audio,25000,17000,22930.279142635263,23077.336909951653,0.08278883429458948,0,0,0,116
2025-03-25,AIRPODS_PRO,Apple,Audio,25000,17000,21893.326664071905,21936.47326651845,0.12426693343712379,0,0,0,118
2025-03-26,AIRPODS_PRO,Apple,Audio,25000,17000,22356.46505437852,22596.58530554807,0.10574139782485911,0,0,0,133
2025-03-27,AIRPODS_PRO,Apple,Audio,25000,17000,24767.368621168363,24309.12115642685,0.009305255153265565,0,0,0,104
2025-03-28,AIRPODS_PRO,Apple,Audio,25000,17000,23367.810910754462,24185.187489826294,0.06528756356982159,0,0,0,115
2025-03-29,AIRPODS_PRO,Apple,Audio,25000,17000,23219.870753659154,23042.567463748677,0.07120516985363394,0,0,1,154
2025-03-30,AIRPODS_PRO,Apple,Audio,25000,17000,22294.333889373018,22962.293716948265,0.10822664442507929,0,0,1,110
2025-03-31,AIRPODS_PRO,Apple,Audio,25000,17000,25000.0,25154.659407726806,0.0,0,0,0,107
2025-04-01,AIRPODS_PRO,Apple,Audio,25000,17000,22003.163408932123,22054.622317206256,0.1198734636427151,0,0,0,112
2025-04-02,AIRPODS_PRO,Apple,Audio,25000,17000,23961.8424878707,24636.06378227051,0.04152630048517198,0,0,0,115
2025-04-03,AIRPODS_PRO,Apple,Audio,25000,17000,24074.08371230859,24341.188413500247,0.0370366515076563,0,0,0,118
2025-04-04,AIRPODS_PRO,Apple,Audio,25000,17000,23277.119440785173,22543.967080033777,0.068915222368593,0,0,0,114
2025-04-05,AIRPODS_PRO,Apple,Audio,25000,17000,22174.839438634088,22552.406119531064,0.1130064224546364,0,0,1,135
2025-04-06,AIRPODS_PRO,Apple,Audio,25000,17000,21855.203928827465,21992.261196973806,0.12579184284690148,0,0,1,125
2025-04-07,AIRPODS_PRO,Apple,Audio,25000,17000,23905.454518014703,23195.077540252434,0.04378181927941178,0,0,0,109
2025-04-08,AIRPODS_PRO,Apple,Audio,25000,17000,22282.500756072397,21880.942647196727,0.10869996975710407,0,0,0,120
2025-04-09,AIRPODS_PRO,Apple,Audio,25000,17000,20959.949669012767,22073.71871826593,0.1616020132394893,0,0,0,123
2025-04-10,AIRPODS_PRO,Apple,Audio,25000,17000,23048.49605423462,23056.07845743276,0.07806015783061523,0,0,0,122
2025-04-11,AIRPODS_PRO,Apple,Audio,25000,17000,23720.68773862369,23533.94315700044,0.05117249045505246,0,0,0,96
2025-04-12,AIRPODS_PRO,Apple,Audio,25000,17000,21181.612960028724,21109.746589298502,0.15273548159885103,0,0,1,146
2025-04-13,AIRPODS_PRO,Apple,Audio,25000,17000,22691.34355289849,23161.671797949984,0.09234625788406052,0,0,1,158
2025-04-14,AIRPODS_PRO,Apple,Audio,25000,17000,22228.808699219644,22599.166257301455,0.11084765203121429,0,0,0,107
2025-04-15,AIRPODS_PRO,Apple,Audio,25000,17000,23053.259830242674,23422.842415809027,0.07786960679029295,0,0,0,128
2025-04-16,AIRPODS_PRO,Apple,Audio,25000,17000,22648.106012998804,22976.6647894091,0.09407575948004783,0,0,0,118
2025-04-17,AIRPODS_PRO,Apple,Audio,25000,17000,23484.440673981942,23903.1823365833,0.06062237304072228,0,0,0,128
2025-04-18,AIRPODS_PRO,Apple,Audio,25000,17000,22124.297337040265,21953.18862452048,0.11502810651838934,0,0,0,126
2025-04-19,AIRPODS_PRO,Apple,Audio,25000,17000,21231.45560036684,21328.960885867567,0.15074177598532645,0,0,1,141
2025-04-20,AIRPODS_PRO,Apple,Audio,25000,17000,24214.76644477431,24141.70498826363,0.03140934220902772,0,0,1,117
2025-04-21,AIRPODS_PRO,Apple,Audio,25000,17000,24942.724275484663,25172.56959842535,0.0022910289806135076,0,0,0,111
2025-04-22,AIRPODS_PRO,Apple,Audio,25000,17000,21642.746303776734,22275.503001046844,0.13429014784893067,0,0,0,125
2025-04-23,AIRPODS_PRO,Apple,Audio,25000,17000,23125.270541931088,22752.70150697626,0.07498917832275638,0,0,0,109
2025-04-24,AIRPODS_PRO,Apple,Audio,25000,17000,24143.382598060463,25209.226401027827,0.034264696077581494,0,0,0,116
2025-04-25,AIRPODS_PRO,Apple,Audio,25000,17000,21909.698440694796,22402.553095167066,0.12361206237220809,0,0,0,121
2025-04-26,AIRPODS_PRO,Apple,Audio,25000,17000,23479.85322110562,24081.595167325977,0.06080587115577525,0,0,1,111
2025-04-27,AIRPODS_PRO,Apple,Audio,25000,17000,21995.32081342557,23141.487813463285,0.12018716746297715,0,0,1,143
2025-04-28,AIRPODS_PRO,Apple,Audio,25000,17000,24320.24259817581,24311.49538752674,0.027190296072967635,0,0,0,121
2025-04-29,AIRPODS_PRO,Apple,Audio,25000,17000,23444.209368058495,23517.91590597526,0.06223162527766027,0,0,0,109
2025-04-30,AIRPODS_PRO,Apple,Audio,25000,17000,22629.66954779664,21742.84839165115,0.09481321808813443,0,0,0,112
2025-05-01,AIRPODS_PRO,Apple,Audio,25000,17000,23394.09513571352,23347.862570678422,0.06423619457145927,0,0,0,126
2025-05-02,AIRPODS_PRO,Apple,Audio,25000,17000,22994.851694380923,23298.960193542058,0.08020593222476308,0,0,0,121
2025-05-03,AIRPODS_PRO,Apple,Audio,25000,17000,23253.74902380359,24610.00252790662,0.06985003904785643,0,0,1,121
2025-05-04,AIRPODS_PRO,Apple,Audio,25000,17000,23177.545356260354,23648.759599884437,0.07289818574958586,0,0,1,125
2025-05-05,AIRPODS_PRO,Apple,Audio,25000,17000,22482.594859497887,22174.513643987088,0.10069620562008452,0,0,0,119
2025-05-06,AIRPODS_PRO,Apple,Audio,25000,17000,23786.95155117416,24387.717331546442,0.04852193795303362,0,0,0,117
2025-05-07,AIRPODS_PRO,Apple,Audio,25000,17000,21897.12427567965,23033.93282890955,0.12411502897281405,0,0,0,133
2025-05-08,AIRPODS_PRO,Apple,Audio,25000,17000,23806.62634493663,24603.190904768075,0.04773494620253476,0,0,0,117
2025-05-09,AIRPODS_PRO,Apple,Audio,25000,17000,23062.403154200467,24009.66265282126,0.07750387383198133,0,0,0,123
2025-05-10,AIRPODS_PRO,Apple,Audio,25000,17000,22738.875587952534,23255.257646151873,0.09044497648189864,0,0,1,116
2025-05-11,AIRPODS_PRO,Apple,Audio,25000,17000,21737.744099279113,22804.464014160218,0.1304902360288355,0,0,1,156
2025-05-12,AIRPODS_PRO,Apple,Audio,25000,17000,22928.551678323824,22233.989419711288,0.08285793286704711,0,0,0,127
2025-05-13,AIRPODS_PRO,Apple,Audio,25000,17000,23656.053890652835,25143.158282017543,0.05375784437388662,0,0,0,118
2025-05-14,AIRPODS_PRO,Apple,Audio,25000,17000,22509.262124770634,22218.213597258342,0.09962951500917472,0,0,0,131
2025-05-15,AIRPODS_PRO,Apple,Audio,25000,17000,23537.713171776843,24397.50567680772,0.05849147312892633,0,0,0,111
2025-05-16,AIRPODS_PRO,Apple,Audio,25000,17000,21336.288417611973,21543.33728263247,0.14654846329552107,0,0,0,137
2025-05-17,AIRPODS_PRO,Apple,Audio,25000,17000,21909.906139406936,22633.34635335642,0.12360375442372265,0,0,1,127
2025-05-18,AIRPODS_PRO,Apple,Audio,25000,17000,22727.324779240862,23349.144011420056,0.09090700883036555,0,0,1,134
2025-05-19,AIRPODS_PRO,Apple,Audio,25000,17000,22766.03261180227,23726.05899385829,0.08935869552790922,0,0,0,112
2025-05-20,AIRPODS_PRO,Apple,Audio,25000,17000,23186.92651992471,22880.40499130562,0.0725229392030115,0,0,0,128
2025-05-21,AIRPODS_PRO,Apple,Audio,25000,17000,22911.13851259104,22986.672509274835,0.08355445949635856,0,0,0,108
2025-05-22,AIRPODS_PRO,Apple,Audio,25000,17000,24793.871662235935,25827.269157533607,0.008245133510562636,0,0,0,117
2025-05-23,AIRPODS_PRO,Apple,Audio,25000,17000,21892.95097304117,21424.732993161142,0.12428196107835324,0,0,0,125
2025-05-24,AIRPODS_PRO,Apple,Audio,25000,17000,22743.387546487,21986.426878595383,0.09026449814052007,0,0,1,114
2025-05-25,AIRPODS_PRO,Apple,Audio,25000,17000,23706.202052270382,23745.658827854084,0.05175191790918464,0,0,1,121
2025-05-26,AIRPODS_PRO,Apple,Audio,25000,17000,23616.25774829868,24181.337200257964,0.05534969006805285,0,0,0,134
2025-05-27,AIRPODS_PRO,Apple,Audio,25000,17000,25000.0,24725.563610893096,0.0,0,0,0,100
2025-05-28,AIRPODS_PRO,Apple,Audio,25000,17000,22260.222033647427,21478.552717844646,0.10959111865410286,0,0,0,111
2025-05-29,AIRPODS_PRO,Apple,Audio,25000,17000,23644.17244883484,24466.426355384723,0.0542331020466064,0,0,0,119
2025-05-30,AIRPODS_PRO,Apple,Audio,25000,17000,21216.188315582767,22100.268796628436,0.15135246737668934,0,0,0,129
2025-05-31,AIRPODS_PRO,Apple,Audio,25000,17000,23315.17316992432,24731.039438174816,0.06739307320302727,0,0,1,121
2025-06-01,AIRPODS_PRO,Apple,Audio,25000,17000,22231.828926966125,21769.296578557212,0.11072684292135507,0,0,1,114
2025-06-02,AIRPODS_PRO,Apple,Audio,25000,17000,24477.518175548983,25202.380857642303,0.02089927297804075,0,0,0,114
2025-06-03,AIRPODS_PRO,Apple,Audio,25000,17000,23160.09616049569,22658.472416602675,0.07359615358017246,0,0,0,109
2025-06-04,AIRPODS_PRO,Apple,Audio,25000,17000,23204.464130259308,24060.81254210398,0.07182143478962767,0,0,0,109
2025-06-05,AIRPODS_PRO,Apple,Audio,25000,17000,23606.57916962733,23417.63150823855,0.05573683321490685,0,0,0,113
2025-06-06,AIRPODS_PRO,Apple,Audio,25000,17000,23215.389846278707,23381.87754233937,0.07138440614885175,0,0,0,114
2025-06-07,AIRPODS_PRO,Apple,Audio,25000,17000,23376.889156845264,23944.992926797328,0.06492443372618938,0,0,1,125
2025-06-08,AIRPODS_PRO,Apple,Audio,25000,17000,22396.95910113912,22539.421874707004,0.1041216359544352,0,0,1,145
2025-06-09,AIRPODS_PRO,Apple,Audio,25000,17000,23658.980831628578,23559.576668806003,0.053640766734856835,0,0,0,101
2025-06-10,AIRPODS_PRO,Apple,Audio,25000,17000,21794.355313408836,23106.35158171664,0.12822578746364657,0,0,0,117
2025-06-11,AIRPODS_PRO,Apple,Audio,25000,17000,24242.37534276185,23763.158471854935,0.03030498628952595,0,0,0,106
2025-06-12,AIRPODS_PRO,Apple,Audio,25000,17000,23515.201370792063,24577.558962833034,0.05939194516831747,0,0,0,106
2025-06-13,AIRPODS_PRO,Apple,Audio,25000,17000,23379.186011024307,23944.519105550786,0.06483255955902768,0,0,0,106
2025-06-14,AIRPODS_PRO,Apple,Audio,25000,17000,23205.070269004507,23108.76358361337,0.07179718923981968,0,0,1,120
2025-06-15,AIRPODS_PRO,Apple,Audio,25000,17000,23258.936597682667,22758.49492450895,0.06964253609269327,0,0,1,130
2025-06-16,AIRPODS_PRO,Apple,Audio,25000,17000,22391.24526176056,22185.206421690906,0.10435018952957767,0,0,0,118
2025-06-17,AIRPODS_PRO,Apple,Audio,25000,17000,23581.098625301,23291.83628424202,0.05675605498796003,0,0,0,108
2025-06-18,AIRPODS_PRO,Apple,Audio,25000,17000,21619.838615080836,21562.843574237242,0.13520645539676657,0,0,0,126
2025-06-19,AIRPODS_PRO,Apple,Audio,25000,17000,22848.78925520013,21866.690389787997,0.08604842979199494,0,0,0,118
2025-06-20,AIRPODS_PRO,Apple,Audio,25000,17000,25000.0,24477.68373498617,0.0,0,0,0,103
2025-06-21,AIRPODS_PRO,Apple,Audio,25000,17000,22133.41204296507,22413.12345254679,0.11466351828139734,0,0,1,131
2025-06-22,AIRPODS_PRO,Apple,Audio,25000,17000,21510.621091935594,22349.648658343332,0.1395751563225762,0,0,1,132
2025-06-23,AIRPODS_PRO,Apple,Audio,25000,17000,23760.09230104585,23860.68292750355,0.04959630795816594,0,0,0,92
2025-06-24,AIRPODS_PRO,Apple,Audio,25000,17000,21825.52816448434,21863.631137447785,0.12697887342062636,0,0,0,110
2025-06-25,AIRPODS_PRO,Apple,Audio,25000,17000,22426.787262330286,21864.357970508172,0.10292850950678858,0,0,0,125
2025-06-26,AIRPODS_PRO,Apple,Audio,25000,17000,22743.976359976772,22928.995543415447,0.09024094560092906,0,0,0,98
2025-06-27,AIRPODS_PRO,Apple,Audio,25000,17000,23749.992871630224,23871.603716836675,0.05000028513479106,0,0,0,100
2025-06-28,AIRPODS_PRO,Apple,Audio,25000,17000,22762.63609865437,23529.822301780572,0.08949455605382527,0,0,1,132
2025-06-29,AIRPODS_PRO,Apple,Audio,25000,17000,21595.451736691666,22240.760121681902,0.13618193053233338,0,0,1,146
2025-06-30,AIRPODS_PRO,Apple,Audio,25000,17000,21928.1412679511,21604.310029303928,0.12287434928195597,0,0,0,121
2025-07-01,AIRPODS_PRO,Apple,Audio,25000,17000,24173.558585383667,24239.81115166588,0.033057656584653344,0,0,0,124
2025-07-02,AIRPODS_PRO,Apple,Audio,25000,17000,22325.207082836478,23337.30523438663,0.10699171668654088,0,0,0,96
2025-07-03,AIRPODS_PRO,Apple,Audio,25000,17000,22719.596081177366,22337.030206677664,0.09121615675290538,0,0,0,111
2025-07-04,AIRPODS_PRO,Apple,Audio,25000,17000,23024.485993586946,23305.674528355405,0.07902056025652218,0,0,0,102
2025-07-05,AIRPODS_PRO,Apple,Audio,25000,17000,23653.726728403544,22932.232276348743,0.053850930863858296,0,0,1,129
2025-07-06,AIRPODS_PRO,Apple,Audio,25000,17000,22303.228677503157,22379.897776628615,0.10787085289987376,0,0,1,131
2025-07-07,AIRPODS_PRO,Apple,Audio,25000,17000,22440.942355422267,22787.329881571284,0.10236230578310931,0,0,0,112
2025-07-08,AIRPODS_PRO,Apple,Audio,25000,17000,23224.778735934276,23224.884797068633,0.0710088505626289,0,0,0,111
2025-07-09,AIRPODS_PRO,Apple,Audio,25000,17000,23092.299696263053,23617.60981947315,0.07630801214947783,0,0,0,107
2025-07-10,AIRPODS_PRO,Apple,Audio,25000,17000,25000.0,25550.668980944236,0.0,0,0,0,82
2025-07-11,AIRPODS_PRO,Apple,Audio,25000,17000,22652.39195633119,23324.08992485535,0.09390432174675242,0,0,0,107
2025-07-12,AIRPODS_PRO,Apple,Audio,25000,17000,21707.84048638219,21533.297405779995,0.1316863805447125,0,0,1,121
2025-07-13,AIRPODS_PRO,Apple,Audio,25000,17000,24296.614813446133,24635.25951055742,0.02813540746215467,0,0,1,105
2025-07-14,AIRPODS_PRO,Apple,Audio,25000,17000,22934.756445697065,22948.679041743195,0.08260974217211738,0,0,0,101
2025-07-15,AIRPODS_PRO,Apple,Audio,25000,17000,22623.682057678452,22480.19662158852,0.09505271769286198,0,0,0,127
2025-07-16,AIRPODS_PRO,Apple,Audio,25000,17000,22961.80385748491,23115.185089576687,0.08152784570060365,0,0,0,111
2025-07-17,AIRPODS_PRO,Apple,Audio,25000,17000,22805.711895372187,22469.816781778216,0.08777152418511253,0,0,0,125
2025-07-18,AIRPODS_PRO,Apple,Audio,25000,17000,23305.787333177705,22924.046725946173,0.06776850667289182,0,0,0,114
2025-07-19,AIRPODS_PRO,Apple,Audio,25000,17000,23807.404993118824,24044.105745390996,0.04770380027524706,0,0,1,108
2025-07-20,AIRPODS_PRO,Apple,Audio,25000,17000,23637.190334204854,23228.02848469311,0.05451238663180593,0,0,1,120
2025-07-21,AIRPODS_PRO,Apple,Audio,25000,17000,23181.954149014793,23857.7878494133,0.0727218340394083,0,0,0,106
2025-07-22,AIRPODS_PRO,Apple,Audio,25000,17000,23137.32670461753,23450.708236820577,0.07450693181529874,0,0,0,115
2025-07-23,AIRPODS_PRO,Apple,Audio,25000,17000,23928.140170961095,25049.44890695994,0.042874393161556314,0,0,0,115
2025-07-24,AIRPODS_PRO,Apple,Audio,25000,17000,23288.053992912803,22759.287549962537,0.06847784028348794,0,0,0,108
2025-07-25,AIRPODS_PRO,Apple,Audio,25000,17000,21808.579473979782,21921.015611729596,0.1276568210408086,0,0,0,121
2025-07-26,AIRPODS_PRO,Apple,Audio,25000,17000,21327.092606064736,21545.347234524314,0.14691629575741055,0,0,1,133
2025-07-27,AIRPODS_PRO,Apple,Audio,25000,17000,23222.26799539934,23802.396723631773,0.0711092801840264,0,0,1,122
2025-07-28,AIRPODS_PRO,Apple,Audio,25000,17000,23612.053316919362,24131.8311503843,0.055517867323225514,0,0,0,95
2025-07-29,AIRPODS_PRO,Apple,Audio,25000,17000,23360.548697915503,24025.51142731087,0.06557805208337981,0,0,0,109
2025-07-30,AIRPODS_PRO,Apple,Audio,25000,17000,23094.485533402112,23406.365031187088,0.07622057866391554,0,0,0,112
2025-07-31,AIRPODS_PRO,Apple,Audio,25000,17000,25000.0,25079.86114264207,0.0,0,0,0,113
2025-08-01,AIRPODS_PRO,Apple,Audio,25000,17000,23058.4244654969,23703.589601813368,0.0776630213801239,0,0,0,116
2025-08-02,AIRPODS_PRO,Apple,Audio,25000,17000,23943.82817465173,24338.933972254134,0.042246873013930666,0,0,1,102
2025-08-03,AIRPODS_PRO,Apple,Audio,25000,17000,20800.56196531721,21627.84500097575,0.1679775213873116,0,0,1,106
2025-08-04,AIRPODS_PRO,Apple,Audio,25000,17000,23153.19950648949,23433.238820334285,0.07387201974042029,0,0,0,112
2025-08-05,AIRPODS_PRO,Apple,Audio,25000,17000,23416.58616076249,23980.17060724578,0.0633365535695004,0,0,0,113
2025-08-06,AIRPODS_PRO,Apple,Audio,25000,17000,24130.8755172751,24122.670588666875,0.034764979308996045,0,0,0,112
2025-08-07,AIRPODS_PRO,Apple,Audio,25000,17000,23659.078417081542,23634.95106871375,0.05363686331673831,0,0,0,105
2025-08-08,AIRPODS_PRO,Apple,Audio,25000,17000,22817.59993507918,21769.904076856867,0.08729600259683283,0,0,0,104
2025-08-09,AIRPODS_PRO,Apple,Audio,25000,17000,23273.49617576866,23202.302594107834,0.06906015296925355,0,0,1,122
2025-08-10,AIRPODS_PRO,Apple,Audio,25000,17000,22168.2006110143,21876.654321185466,0.11327197555942795,0,0,1,121
2025-08-11,AIRPODS_PRO,Apple,Audio,25000,17000,22803.483195906258,22933.1641116643,0.08786067216374971,0,0,0,109
2025-08-12,AIRPODS_PRO,Apple,Audio,25000,17000,22097.85906008786,22802.000514008716,0.11608563759648555,0,0,0,122
2025-08-13,AIRPODS_PRO,Apple,Audio,25000,17000,21537.297992932465,22329.268748908074,0.1385080802827014,0,0,0,108
2025-08-14,AIRPODS_PRO,Apple,Audio,25000,17000,22740.324056301295,23421.71974644663,0.09038703774794822,0,0,0,104
2025-08-15,AIRPODS_PRO,Apple,Audio,25000,17000,23230.736682638944,23523.61025174976,0.07077053269444225,0,0,0,110
2025-08-16,AIRPODS_PRO,Apple,Audio,25000,17000,22870.527229446332,22596.643010986445,0.0851789108221467,0,0,1,104
2025-08-17,AIRPODS_PRO,Apple,Audio,25000,17000,21876.06741965676,22636.840163382803,0.12495730321372965,0,0,1,115
2025-08-18,AIRPODS_PRO,Apple,Audio,25000,17000,23434.099732310453,23717.665087768317,0.06263601070758182,0,0,0,112
2025-08-19,AIRPODS_PRO,Apple,Audio,25000,17000,23073.88218806109,22928.09200611757,0.0770447124775564,0,0,0,94
2025-08-20,AIRPODS_PRO,Apple,Audio,25000,17000,24023.753225634882,24671.171327025582,0.03904987097460481,0,0,0,92
2025-08-21,AIRPODS_PRO,Apple,Audio,25000,17000,21306.07520561789,21185.026090748728,0.14775699177528445,0,0,0,114
2025-08-22,AIRPODS_PRO,Apple,Audio,25000,17000,25000.0,26370.281764461623,0.0,0,0,0,84
2025-08-23,AIRPODS_PRO,Apple,Audio,25000,17000,23024.8206913759,22593.575373890133,0.07900717234496417,0,0,1,107
2025-08-24,AIRPODS_PRO,Apple,Audio,25000,17000,23457.698497107827,23264.429886918628,0.06169206011568692,0,0,1,118
2025-08-25,AIRPODS_PRO,Apple,Audio,25000,17000,21434.297357041738,21434.83528062281,0.1426281057183305,0,0,0,112
2025-08-26,AIRPODS_PRO,Apple,Audio,25000,17000,23858.908106388553,25542.485458375035,0.04564367574445797,0,0,0,99
2025-08-27,AIRPODS_PRO,Apple,Audio,25000,17000,21615.858418188385,22487.035179616367,0.13536566327246458,0,0,0,104
2025-08-28,AIRPODS_PRO,Apple,Audio,25000,17000,21535.520639843828,21629.677941319205,0.1385791744062469,0,0,0,108
2025-08-29,AIRPODS_PRO,Apple,Audio,25000,17000,22704.59455533615,22912.16656774357,0.09181621778655402,0,0,0,96
2025-08-30,AIRPODS_PRO,Apple,Audio,25000,17000,21793.277522227505,20750.37984979167,0.12826889911089984,0,0,1,110
2025-08-31,AIRPODS_PRO,Apple,Audio,25000,17000,23943.551693381516,25086.844081763713,0.042257932264739256,0,0,1,108
2025-09-01,AIRPODS_PRO,Apple,Audio,25000,17000,23558.078559042846,24579.940763591603,0.05767685763828627,1,0,0,135
2025-09-02,AIRPODS_PRO,Apple,Audio,25000,17000,23599.051072530357,23680.447018679715,0.05603795709878572,1,0,0,120
2025-09-03,AIRPODS_PRO,Apple,Audio,25000,17000,21315.526016555195,21949.073877390932,0.1473789593377922,1,0,0,141
2025-09-04,AIRPODS_PRO,Apple,Audio,25000,17000,22841.6794013715,23367.625452400833,0.08633282394513998,1,0,0,123
2025-09-05,AIRPODS_PRO,Apple,Audio,25000,17000,22058.937481510693,22346.558498251554,0.1176425007395723,1,0,0,136
2025-09-06,AIRPODS_PRO,Apple,Audio,25000,17000,22469.166800696355,24070.350934401406,0.1012333279721458,1,0,1,155
2025-09-07,AIRPODS_PRO,Apple,Audio,25000,17000,23888.347489177995,24229.023423289036,0.04446610043288014,1,0,1,131
2025-09-08,AIRPODS_PRO,Apple,Audio,25000,17000,23419.962172949396,23150.53964285308,0.06320151308202414,0,0,0,104
2025-09-09,AIRPODS_PRO,Apple,Audio,25000,17000,22860.84326835973,22608.382935420508,0.08556626926561073,0,0,0,89
2025-09-10,AIRPODS_PRO,Apple,Audio,25000,17000,23855.11025392013,24032.80804319343,0.04579558984319477,0,0,0,105
2025-09-11,AIRPODS_PRO,Apple,Audio,25000,17000,23007.20331899832,23270.091582787554,0.07971186724006712,0,0,0,89
2025-09-12,AIRPODS_PRO,Apple,Audio,25000,17000,22859.881965139986,22754.940484908162,0.08560472139440053,0,0,0,103
2025-09-13,AIRPODS_PRO,Apple,Audio,25000,17000,23535.26378186623,23904.62263503942,0.05858944872535093,0,0,1,97
2025-09-14,AIRPODS_PRO,Apple,Audio,25000,17000,22919.39387818615,22111.24293915654,0.083224244872554,0,0,1,126
2025-09-15,AIRPODS_PRO,Apple,Audio,25000,17000,21659.033545716884,21139.7222099997,0.13363865817132467,0,0,0,115
2025-09-16,AIRPODS_PRO,Apple,Audio,25000,17000,23205.20756032086,22742.61308985291,0.0717916975871655,0,0,0,107
2025-09-17,AIRPODS_PRO,Apple,Audio,25000,17000,23554.038046944577,23480.47494635623,0.05783847812221683,0,0,0,114
2025-09-18,AIRPODS_PRO,Apple,Audio,25000,17000,23380.982849290827,23493.782085928928,0.06476068602836699,0,0,0,98
2025-09-19,AIRPODS_PRO,Apple,Audio,25000,17000,21439.075076589746,21173.24664250671,0.1424369969364102,0,0,0,98
2025-09-20,AIRPODS_PRO,Apple,Audio,25000,17000,22464.358314404064,23364.72831195447,0.10142566742383739,1,0,1,140
2025-09-21,AIRPODS_PRO,Apple,Audio,25000,17000,22562.68223581516,23597.040218862436,0.0974927105673936,1,0,1,136
2025-09-22,AIRPODS_PRO,Apple,Audio,25000,17000,22554.044780753644,23049.337064103223,0.09783820876985432,1,0,0,144
2025-09-23,AIRPODS_PRO,Apple,Audio,25000,17000,21918.221592756894,22317.24773115326,0.12327113628972419,1,0,0,138
2025-09-24,AIRPODS_PRO,Apple,Audio,25000,17000,21941.88040347213,22339.436184931103,0.12232478386111478,1,0,0,147
2025-09-25,AIRPODS_PRO,Apple,Audio,25000,17000,21894.70951735922,22903.28472512588,0.12421161930563115,1,0,0,126
2025-09-26,AIRPODS_PRO,Apple,Audio,25000,17000,23136.802026811787,23390.481583658326,0.0745279189275285,1,0,0,138
2025-09-27,AIRPODS_PRO,Apple,Audio,25000,17000,22528.839286152317,21948.053263108024,0.09884642855390731,1,0,1,147
2025-09-28,AIRPODS_PRO,Apple,Audio,25000,17000,22229.76969509937,22407.848462693353,0.11080921219602509,1,0,1,145
2025-09-29,AIRPODS_PRO,Apple,Audio,25000,17000,24057.30795580865,23898.360736063903,0.03770768176765403,1,0,0,137
2025-09-30,AIRPODS_PRO,Apple,Audio,25000,17000,23368.997870363066,22698.400837984627,0.0652400851854774,1,0,0,127
2025-10-01,AIRPODS_PRO,Apple,Audio,25000,17000,23937.31594513437,23205.608107832177,0.04250736219462518,1,0,0,132
2025-10-02,AIRPODS_PRO,Apple,Audio,25000,17000,21738.559589575572,22112.794138043304,0.13045761641697703,1,0,0,145
2025-10-03,AIRPODS_PRO,Apple,Audio,25000,17000,22481.631618536107,23102.016392176123,0.10073473525855574,1,0,0,151
2025-10-04,AIRPODS_PRO,Apple,Audio,25000,17000,23816.399474486105,23433.385570627925,0.04734402102055574,1,0,1,138
2025-10-05,AIRPODS_PRO,Apple,Audio,25000,17000,24030.606810691766,24015.74124309775,0.038775727572329374,1,0,1,128
2025-10-06,AIRPODS_PRO,Apple,Audio,25000,17000,20941.273029316275,21188.187012719645,0.1623490788273489,1,1,0,296
2025-10-07,AIRPODS_PRO,Apple,Audio,25000,17000,19811.497439856736,20302.056020389155,0.20754010240573048,1,1,0,344
2025-10-08,AIRPODS_PRO,Apple,Audio,25000,17000,20948.716458274303,20800.697005995287,0.16205134166902796,0,1,0,266
2025-10-09,AIRPODS_PRO,Apple,Audio,25000,17000,20998.023555470692,20972.67512766938,0.16007905778117237,0,1,0,293
2025-10-10,AIRPODS_PRO,Apple,Audio,25000,17000,21736.010284726053,22118.029518815198,0.13055958861095784,0,1,0,263
2025-10-11,AIRPODS_PRO,Apple,Audio,25000,17000,18818.21767784427,19014.689896265998,0.24727129288622915,0,1,1,330
2025-10-12,AIRPODS_PRO,Apple,Audio,25000,17000,20445.17587318118,20879.10814778762,0.18219296507275287,0,1,1,282
2025-10-13,AIRPODS_PRO,Apple,Audio,25000,17000,23958.10804084825,23806.214064011638,0.0416756783660701,0,0,0,115
2025-10-14,AIRPODS_PRO,Apple,Audio,25000,17000,23488.05344220392,23056.475630609097,0.060477862311843295,0,0,0,107
2025-10-15,AIRPODS_PRO,Apple,Audio,25000,17000,21557.63896826732,22180.364629999465,0.13769444126930705,0,0,0,113
2025-10-16,AIRPODS_PRO,Apple,Audio,25000,17000,22271.01096265145,22305.644465335656,0.10915956149394206,0,0,0,89
2025-10-17,AIRPODS_PRO,Apple,Audio,25000,17000,23191.718767041926,23463.158760245606,0.07233124931832305,0,0,0,107
2025-10-18,AIRPODS_PRO,Apple,Audio,25000,17000,23141.60060513756,23405.147995184612,0.07433597579449754,0,0,1,121
2025-10-19,AIRPODS_PRO,Apple,Audio,25000,17000,24329.12076785005,23917.113820112398,0.026835169285997912,0,0,1,102
2025-10-20,AIRPODS_PRO,Apple,Audio,25000,17000,23371.067019196107,23450.821093356135,0.06515731923215574,1,0,0,149
2025-10-21,AIRPODS_PRO,Apple,Audio,25000,17000,23230.742142379484,23787.082282155377,0.07077031430482061,1,0,0,136
2025-10-22,AIRPODS_PRO,Apple,Audio,25000,17000,22784.6469867309,23238.214071376016,0.08861412053076415,1,0,0,159
2025-10-23,AIRPODS_PRO,Apple,Audio,25000,17000,23501.109132176025,23182.785003664027,0.05995563471295905,1,0,0,134
2025-10-24,AIRPODS_PRO,Apple,Audio,25000,17000,23161.397661822746,23785.50473980029,0.07354409352709013,1,0,0,123
2025-10-25,AIRPODS_PRO,Apple,Audio,25000,17000,21603.42186933004,21525.364322277037,0.13586312522679844,1,0,1,148
2025-10-26,AIRPODS_PRO,Apple,Audio,25000,17000,21606.03205618494,21261.358056066125,0.1357587177526024,1,0,1,137
2025-10-27,AIRPODS_PRO,Apple,Audio,25000,17000,24267.311428213518,24332.605448809194,0.029307542871459362,1,0,0,123
2025-10-28,AIRPODS_PRO,Apple,Audio,25000,17000,21244.65803975977,21682.77393104659,0.15021367840960914,1,0,0,158
2025-10-29,AIRPODS_PRO,Apple,Audio,25000,17000,23088.253307694147,23065.32761913723,0.07646986769223413,1,0,0,141
2025-10-30,AIRPODS_PRO,Apple,Audio,25000,17000,23618.038493359254,23752.98137814617,0.055278460265629784,1,0,0,144
2025-10-31,AIRPODS_PRO,Apple,Audio,25000,17000,23293.37304020267,22787.39870460331,0.0682650783918932,0,0,0,100
2025-11-01,AIRPODS_PRO,Apple,Audio,25000,17000,21421.408418486986,21469.777004352516,0.14314366326052053,1,0,1,154
2025-11-02,AIRPODS_PRO,Apple,Audio,25000,17000,23882.250309468785,23312.366310477868,0.044709987621248524,1,0,1,146
2025-11-03,AIRPODS_PRO,Apple,Audio,25000,17000,22597.290924675573,23781.170076672603,0.09610836301297714,1,0,0,153
2025-11-04,AIRPODS_PRO,Apple,Audio,25000,17000,21185.90038165247,21339.83233182384,0.15256398473390118,1,0,0,141
2025-11-05,AIRPODS_PRO,Apple,Audio,25000,17000,23270.42772625485,23550.776270049413,0.06918289094980606,1,0,0,136
2025-11-06,AIRPODS_PRO,Apple,Audio,25000,17000,22947.795843015145,22136.414492295964,0.08208816627939423,1,0,0,115
2025-11-07,AIRPODS_PRO,Apple,Audio,25000,17000,23373.417475233746,23789.110992202102,0.06506330099065012,1,0,0,150
2025-11-08,AIRPODS_PRO,Apple,Audio,25000,17000,22652.271471224012,23207.491069809115,0.0939091411510396,0,0,1,99
2025-11-09,AIRPODS_PRO,Apple,Audio,25000,17000,24620.19984322005,24529.912756076625,0.01519200627119803,0,0,1,116
2025-11-10,AIRPODS_PRO,Apple,Audio,25000,17000,23088.026465761664,23205.446953810675,0.07647894136953345,0,0,0,95
2025-11-11,AIRPODS_PRO,Apple,Audio,25000,17000,22290.775750921428,23616.705554022014,0.10836896996314285,0,0,0,108
2025-11-12,AIRPODS_PRO,Apple,Audio,25000,17000,22705.219180891483,23828.478229404696,0.09179123276434069,0,0,0,126
2025-11-13,AIRPODS_PRO,Apple,Audio,25000,17000,23993.2651134751,24046.74661230463,0.040269395460996116,0,0,0,95
2025-11-14,AIRPODS_PRO,Apple,Audio,25000,17000,23112.044781388468,22433.585133591107,0.07551820874446127,0,0,0,106
2025-11-15,AIRPODS_PRO,Apple,Audio,25000,17000,22835.412879616346,23353.49865780551,0.0865834848153462,0,0,1,124
2025-11-16,AIRPODS_PRO,Apple,Audio,25000,17000,23453.95003707495,24117.853741734813,0.061841998517001964,0,0,1,118
2025-11-17,AIRPODS_PRO,Apple,Audio,25000,17000,24976.949523352734,24852.51780872971,0.0009220190658905808,0,0,0,99
2025-11-18,AIRPODS_PRO,Apple,Audio,25000,17000,24764.026442074988,23745.220222448468,0.00943894231700046,0,0,0,99
2025-11-19,AIRPODS_PRO,Apple,Audio,25000,17000,22894.11691220104,23331.207184257935,0.08423532351195841,0,0,0,121
2025-11-20,AIRPODS_PRO,Apple,Audio,25000,17000,23553.38866805598,23898.80784297985,0.05786445327776074,1,0,0,125
2025-11-21,AIRPODS_PRO,Apple,Audio,25000,17000,21882.63982331983,21857.65163213068,0.12469440706720683,1,0,0,153
2025-11-22,AIRPODS_PRO,Apple,Audio,25000,17000,21570.613271642076,21224.739764666676,0.13717546913431705,1,0,1,156
2025-11-23,AIRPODS_PRO,Apple,Audio,25000,17000,22883.366393299922,23994.049709340045,0.0846653442680031,1,0,1,152
2025-11-24,AIRPODS_PRO,Apple,Audio,25000,17000,22781.50623393028,21179.423228587664,0.08873975064278886,1,0,0,135
2025-11-25,AIRPODS_PRO,Apple,Audio,25000,17000,22304.347180438093,23150.89162315173,0.10782611278247622,1,0,0,177
2025-11-26,AIRPODS_PRO,Apple,Audio,25000,17000,22935.56596867729,22715.13114396692,0.08257736125290839,1,0,0,138
2025-11-27,AIRPODS_PRO,Apple,Audio,25000,17000,22185.994754371586,22344.83153758533,0.11256020982513665,1,0,0,144
2025-11-28,AIRPODS_PRO,Apple,Audio,25000,17000,24631.05672192375,25685.5795916179,0.014757731123050066,1,0,0,146
2025-11-29,AIRPODS_PRO,Apple,Audio,25000,17000,21439.673844723544,21352.41205063517,0.14241304621105816,1,0,1,163
2025-11-30,AIRPODS_PRO,Apple,Audio,25000,17000,22974.24638713251,24288.115595732397,0.08103014451469975,1,0,1,177
2025-12-01,AIRPODS_PRO,Apple,Audio,25000,17000,21629.906980167652,22181.942987277725,0.13480372079329397,0,0,0,96
2025-12-02,AIRPODS_PRO,Apple,Audio,25000,17000,21731.762952127738,21852.255248281843,0.1307294819148904,0,0,0,104
2025-12-03,AIRPODS_PRO,Apple,Audio,25000,17000,24129.072334757184,25096.572576272876,0.03483710660971261,0,0,0,104
2025-12-04,AIRPODS_PRO,Apple,Audio,25000,17000,23002.159368148154,22366.026099247978,0.07991362527407386,0,0,0,113
2025-12-05,AIRPODS_PRO,Apple,Audio,25000,17000,23462.973583865194,23569.89843633012,0.0614810566453923,0,0,0,87
2025-12-06,AIRPODS_PRO,Apple,Audio,25000,17000,23846.928530021043,23124.153385583468,0.046122858799158235,0,0,1,136
2025-12-07,AIRPODS_PRO,Apple,Audio,25000,17000,24438.179874442456,24667.869546302416,0.022472805022301735,0,0,1,98
2025-12-08,AIRPODS_PRO,Apple,Audio,25000,17000,21755.62591489542,21763.39519208374,0.1297749634041831,0,0,0,99
2025-12-09,AIRPODS_PRO,Apple,Audio,25000,17000,24549.427619767175,25414.02904521729,0.018022895209313036,0,0,0,101
2025-12-10,AIRPODS_PRO,Apple,Audio,25000,17000,22477.046623881753,23522.736950681552,0.10091813504472985,0,0,0,110
2025-12-11,AIRPODS_PRO,Apple,Audio,25000,17000,21790.38369874374,22260.900119627302,0.12838465205025038,0,0,0,112
2025-12-12,AIRPODS_PRO,Apple,Audio,25000,17000,22412.725060829842,22047.884146521537,0.1034909975668063,0,0,0,108
2025-12-13,AIRPODS_PRO,Apple,Audio,25000,17000,23750.657912675102,22993.86123354342,0.049973683492995906,0,0,1,136
2025-12-14,AIRPODS_PRO,Apple,Audio,25000,17000,23446.686238918148,24474.992363625464,0.06213255044327415,0,0,1,130
2025-12-15,AIRPODS_PRO,Apple,Audio,25000,17000,22843.35670004917,22635.077981093098,0.08626573199803318,0,0,0,128
2025-12-16,AIRPODS_PRO,Apple,Audio,25000,17000,21882.083363422244,22217.057654814682,0.12471666546311028,0,0,0,111
2025-12-17,AIRPODS_PRO,Apple,Audio,25000,17000,22091.08824658731,22902.322311850123,0.11635647013650763,0,0,0,131
2025-12-18,AIRPODS_PRO,Apple,Audio,25000,17000,22746.45374868803,22515.052888583232,0.09014185005247874,0,0,0,140
2025-12-19,AIRPODS_PRO,Apple,Audio,25000,17000,22794.751232555533,23365.237032014833,0.08820995069777868,0,0,0,109
2025-12-20,AIRPODS_PRO,Apple,Audio,25000,17000,24010.691168340123,24228.26476585906,0.039572353266395126,0,0,1,133
2025-12-21,AIRPODS_PRO,Apple,Audio,25000,17000,23940.186090951458,24790.291250652157,0.04239255636194172,0,0,1,118
2025-12-22,AIRPODS_PRO,Apple,Audio,25000,17000,22946.855890116356,22736.004975200238,0.08212576439534566,0,0,0,106
2025-12-23,AIRPODS_PRO,Apple,Audio,25000,17000,21737.42744064181,21915.74456525664,0.1305029023743276,0,0,0,123
2025-12-24,AIRPODS_PRO,Apple,Audio,25000,17000,22276.996140955507,22485.61387795722,0.10892015436177967,0,0,0,122
2025-12-25,AIRPODS_PRO,Apple,Audio,25000,17000,23917.987638651874,23827.438435277287,0.04328049445392512,0,0,0,103
2025-12-26,AIRPODS_PRO,Apple,Audio,25000,17000,22705.687854713215,21932.796215170547,0.09177248581147152,0,0,0,124
2025-12-27,AIRPODS_PRO,Apple,Audio,25000,17000,22558.316309199316,22402.73252405122,0.09766734763202749,0,0,1,133
2025-12-28,AIRPODS_PRO,Apple,Audio,25000,17000,22851.072528463155,22786.30259870585,0.08595709886147386,0,0,1,122
2025-12-29,AIRPODS_PRO,Apple,Audio,25000,17000,22389.017655569416,22637.431750546977,0.10443929377722334,0,0,0,123
2025-12-30,AIRPODS_PRO,Apple,Audio,25000,17000,22423.645537832585,21745.932027181505,0.10305417848669665,0,0,0,106
2025-12-31,AIRPODS_PRO,Apple,Audio,25000,17000,23160.127519670918,22990.319708957537,0.07359489921316335,0,0,0,128
2026-01-01,AIRPODS_PRO,Apple,Audio,25000,17000,22584.156312119896,23378.618617448912,0.09663374751520419,0,0,0,120
2026-01-02,AIRPODS_PRO,Apple,Audio,25000,17000,22154.133141277973,23209.94147890508,0.11383467434888103,0,0,0,120
2026-01-03,AIRPODS_PRO,Apple,Audio,25000,17000,22095.05166024583,22209.792195480444,0.1161979335901667,0,0,1,126
2026-01-04,AIRPODS_PRO,Apple,Audio,25000,17000,23830.113842830273,23062.247005478082,0.04679544628678916,0,0,1,140
2026-01-05,AIRPODS_PRO,Apple,Audio,25000,17000,24103.35291404503,24499.69021590687,0.03586588343819886,0,0,0,113
2026-01-06,AIRPODS_PRO,Apple,Audio,25000,17000,24409.35750805259,24889.130480920565,0.023625699677896406,0,0,0,114
2026-01-07,AIRPODS_PRO,Apple,Audio,25000,17000,22553.90933010891,24127.40995496012,0.0978436267956436,0,0,0,131
2026-01-08,AIRPODS_PRO,Apple,Audio,25000,17000,22901.709440161194,23995.919428804762,0.08393162239355217,0,0,0,115
2026-01-09,AIRPODS_PRO,Apple,Audio,25000,17000,22870.02091325262,22400.192714251425,0.08519916346989524,0,0,0,114
2026-01-10,AIRPODS_PRO,Apple,Audio,25000,17000,23754.833063152462,24057.614002297334,0.049806677473901384,0,0,1,130
2026-01-11,AIRPODS_PRO,Apple,Audio,25000,17000,23206.978257185816,23529.39125097293,0.07172086971256729,0,0,1,121
2026-01-12,AIRPODS_PRO,Apple,Audio,25000,17000,22645.845932848933,22403.59603409566,0.09416616268604262,0,0,0,100
2026-01-13,AIRPODS_PRO,Apple,Audio,25000,17000,22619.06163883287,23156.436073283396,0.09523753444668516,0,0,0,127
2026-01-14,AIRPODS_PRO,Apple,Audio,25000,17000,22849.802951277215,24137.402943464993,0.08600788194891137,0,0,0,125
2026-01-15,AIRPODS_PRO,Apple,Audio,25000,17000,23253.594170259847,23818.012143578053,0.06985623318960611,0,0,0,104
2026-01-16,AIRPODS_PRO,Apple,Audio,25000,17000,22575.99495630505,23389.93199184566,0.096960201747798,0,0,0,111
2026-01-17,AIRPODS_PRO,Apple,Audio,25000,17000,19840.06869503629,20632.963981137862,0.20639725219854843,0,0,1,148
2026-01-18,AIRPODS_PRO,Apple,Audio,25000,17000,23547.02006475291,23617.75585705605,0.058119197409883624,0,0,1,122
2026-01-19,AIRPODS_PRO,Apple,Audio,25000,17000,23934.678352522526,24496.872552720073,0.042612865899098906,0,0,0,102
2026-01-20,AIRPODS_PRO,Apple,Audio,25000,17000,23954.803131113324,25055.464647398472,0.041807874755467135,0,0,0,107
2026-01-21,AIRPODS_PRO,Apple,Audio,25000,17000,24131.92234407201,24155.142096372052,0.03472310623711971,0,0,0,125
2026-01-22,AIRPODS_PRO,Apple,Audio,25000,17000,22009.781280123934,21409.822260598,0.11960874879504263,0,0,0,139
2026-01-23,AIRPODS_PRO,Apple,Audio,25000,17000,21833.798485833413,22248.045675909718,0.12664806056666347,0,0,0,131
2026-01-24,AIRPODS_PRO,Apple,Audio,25000,17000,22087.596696263827,22333.016355824006,0.11649613214944701,0,0,1,129
2026-01-25,AIRPODS_PRO,Apple,Audio,25000,17000,22841.08668705488,22948.724162101636,0.0863565325178047,0,0,1,132
2026-01-26,AIRPODS_PRO,Apple,Audio,25000,17000,23278.60312729733,23934.640357448043,0.06885587490810674,0,0,0,123
2026-01-27,AIRPODS_PRO,Apple,Audio,25000,17000,21845.786600984764,22149.2109848383,0.12616853596060956,0,0,0,127
2026-01-28,AIRPODS_PRO,Apple,Audio,25000,17000,22484.80973242974,22583.565560243533,0.10060761070281035,0,0,0,102
2026-01-29,AIRPODS_PRO,Apple,Audio,25000,17000,22559.514314325075,22615.39552098352,0.09761942742699695,0,0,0,110
2026-01-30,AIRPODS_PRO,Apple,Audio,25000,17000,22193.520114125076,22292.762438800535,0.11225919543499695,0,0,0,119
2026-01-31,AIRPODS_PRO,Apple,Audio,25000,17000,21482.852253918718,22383.72172001718,0.1406859098432513,0,0,1,143
2026-02-01,AIRPODS_PRO,Apple,Audio,25000,17000,22582.06990786635,22062.83548763073,0.09671720368534598,0,0,1,166
2026-02-02,AIRPODS_PRO,Apple,Audio,25000,17000,23161.63517298205,23705.26116142209,0.07353459308071808,0,0,0,121
2026-02-03,AIRPODS_PRO,Apple,Audio,25000,17000,22140.64910185557,22902.18483872069,0.11437403592577713,0,0,0,130
2026-02-04,AIRPODS_PRO,Apple,Audio,25000,17000,22343.021904321537,21466.79442001866,0.10627912382713856,0,0,0,132
2026-02-05,AIRPODS_PRO,Apple,Audio,25000,17000,23832.937741716723,24536.141960680496,0.04668249033133114,0,0,0,131
2026-02-06,AIRPODS_PRO,Apple,Audio,25000,17000,23483.914381752318,23895.12717458889,0.06064342472990725,0,0,0,132
2026-02-07,AIRPODS_PRO,Apple,Audio,25000,17000,21411.9398286743,21306.34397110397,0.14352240685302795,0,0,1,114
2026-02-08,AIRPODS_PRO,Apple,Audio,25000,17000,22074.15758425347,22490.719097877998,0.11703369662986127,0,0,1,139
2026-02-09,AIRPODS_PRO,Apple,Audio,25000,17000,20955.872162850326,21352.90966154039,0.16176511348598685,0,0,0,138
2026-02-10,AIRPODS_PRO,Apple,Audio,25000,17000,23472.449175379425,23723.17278637677,0.061102032984823036,0,0,0,115
2026-02-11,AIRPODS_PRO,Apple,Audio,25000,17000,23877.909775272277,24539.258937186194,0.044883608989108884,0,0,0,124
2026-02-12,AIRPODS_PRO,Apple,Audio,25000,17000,22794.44233081494,23200.781786234522,0.08822230676740238,0,0,0,123
2026-02-13,AIRPODS_PRO,Apple,Audio,25000,17000,22501.028866899327,23150.76171000074,0.09995884532402687,0,0,0,151
2026-02-14,AIRPODS_PRO,Apple,Audio,25000,17000,22137.37969337368,21576.796155964992,0.1145048122650527,0,0,1,153
2026-02-15,AIRPODS_PRO,Apple,Audio,25000,17000,23086.730454262044,23596.6555553125,0.0765307818295182,0,0,1,128
2026-02-16,AIRPODS_PRO,Apple,Audio,25000,17000,22317.153854737964,21968.18618601459,0.10731384581048148,0,0,0,152
2026-02-17,AIRPODS_PRO,Apple,Audio,25000,17000,21395.40336212502,21876.532921517588,0.14418386551499912,0,0,0,131
2026-02-18,AIRPODS_PRO,Apple,Audio,25000,17000,22304.773301563353,22810.20523112971,0.10780906793746596,0,0,0,132
2026-02-19,AIRPODS_PRO,Apple,Audio,25000,17000,23864.201038398634,23695.81583559438,0.04543195846405454,0,0,0,113
2026-02-20,AIRPODS_PRO,Apple,Audio,25000,17000,21871.109979204757,22815.77672848014,0.12515560083180977,0,0,0,116
2026-02-21,AIRPODS_PRO,Apple,Audio,25000,17000,24588.5466741544,25262.249036131838,0.01645813303382407,0,0,1,128
2026-02-22,AIRPODS_PRO,Apple,Audio,25000,17000,23102.18646005435,23584.03538258803,0.07591254159782607,0,0,1,141
2026-02-23,AIRPODS_PRO,Apple,Audio,25000,17000,22828.998823476795,23159.630358011684,0.08684004706092815,0,0,0,127
2026-02-24,AIRPODS_PRO,Apple,Audio,25000,17000,23706.995772975515,24544.380544635038,0.051720169080979456,0,0,0,111
2026-02-25,AIRPODS_PRO,Apple,Audio,25000,17000,23478.777778625798,23632.765174928074,0.06084888885496813,0,0,0,127
2026-02-26,AIRPODS_PRO,Apple,Audio,25000,17000,23688.010229703003,23939.840799998557,0.05247959081187996,0,0,0,125
2026-02-27,AIRPODS_PRO,Apple,Audio,25000,17000,24033.379382377076,23972.700344883597,0.03866482470491692,0,0,0,147
2026-02-28,AIRPODS_PRO,Apple,Audio,25000,17000,22118.976868653033,21761.911732491473,0.1152409252538786,0,0,1,143
2026-03-01,AIRPODS_PRO,Apple,Audio,25000,17000,22401.068603390217,21919.441205521078,0.10395725586439136,0,0,1,119
2026-03-02,AIRPODS_PRO,Apple,Audio,25000,17000,23531.411046615485,23418.02274852923,0.0587435581353806,0,0,0,135
2026-03-03,AIRPODS_PRO,Apple,Audio,25000,17000,22209.24643408132,23174.6146240626,0.1116301426367472,0,0,0,156
2026-03-04,AIRPODS_PRO,Apple,Audio,25000,17000,23267.443833202946,22809.42062115354,0.06930224667188219,0,0,0,126
2026-03-05,AIRPODS_PRO,Apple,Audio,25000,17000,23401.420975957917,23410.651306763477,0.06394316096168326,0,0,0,130
2026-03-06,AIRPODS_PRO,Apple,Audio,25000,17000,23429.03738879978,23595.38430038104,0.06283850444800879,0,0,0,137
2026-03-07,AIRPODS_PRO,Apple,Audio,25000,17000,23687.67611745832,23249.494809488406,0.0524929553016672,0,0,1,146
2026-03-08,AIRPODS_PRO,Apple,Audio,25000,17000,24508.224706239136,25277.171257993527,0.01967101175043459,0,0,1,127
2026-03-09,AIRPODS_PRO,Apple,Audio,25000,17000,22836.357405767805,23399.630366889338,0.08654570376928782,0,0,0,132
2026-03-10,AIRPODS_PRO,Apple,Audio,25000,17000,23371.562912801422,23846.134588770026,0.06513748348794313,0,0,0,138
2026-03-11,AIRPODS_PRO,Apple,Audio,25000,17000,22486.892116276336,22192.642348998048,0.10052431534894657,0,0,0,138
2026-03-12,AIRPODS_PRO,Apple,Audio,25000,17000,21862.997686813353,22852.90230243322,0.12548009252746592,0,0,0,126
2026-03-13,AIRPODS_PRO,Apple,Audio,25000,17000,23928.810436055413,24319.106537416606,0.04284758255778344,0,0,0,141
2026-03-14,AIRPODS_PRO,Apple,Audio,25000,17000,20984.188729434693,21476.841927394406,0.16063245082261227,0,0,1,155
2026-03-15,AIRPODS_PRO,Apple,Audio,25000,17000,23545.924926614298,23297.51393517761,0.058163002935428046,0,0,1,153
2026-03-16,AIRPODS_PRO,Apple,Audio,25000,17000,22403.266476842684,23238.77585202845,0.10386934092629263,0,0,0,131
2026-03-17,AIRPODS_PRO,Apple,Audio,25000,17000,23925.141514089897,24069.832374121048,0.04299433943640403,0,0,0,146
2026-03-18,AIRPODS_PRO,Apple,Audio,25000,17000,22962.213845810325,23220.94475443722,0.08151144616758704,0,0,0,114
2026-03-19,AIRPODS_PRO,Apple,Audio,25000,17000,22791.927307253325,22874.535657024095,0.08832290770986707,0,0,0,150
2026-03-20,AIRPODS_PRO,Apple,Audio,25000,17000,23073.422036436004,23286.72848190123,0.0770631185425599,0,0,0,146
2026-03-21,AIRPODS_PRO,Apple,Audio,25000,17000,23969.546660975764,25273.398252771683,0.04121813356096952,0,0,1,133
2026-03-22,AIRPODS_PRO,Apple,Audio,25000,17000,22348.354013999095,23147.48461056357,0.1060658394400362,0,0,1,144
2026-03-23,AIRPODS_PRO,Apple,Audio,25000,17000,22756.887541712134,24318.248626078013,0.08972449833151468,0,0,0,133
2026-03-24,AIRPODS_PRO,Apple,Audio,25000,17000,25000.0,25301.026709013226,0.0,0,0,0,110
2026-03-25,AIRPODS_PRO,Apple,Audio,25000,17000,23744.383491728273,24076.309351136348,0.050224660330869156,0,0,0,135
2026-03-26,AIRPODS_PRO,Apple,Audio,25000,17000,21672.84830215791,22246.047801694076,0.1330860679136836,0,0,0,118
2026-03-27,AIRPODS_PRO,Apple,Audio,25000,17000,23018.18878590454,24191.711947123422,0.07927244856381846,0,0,0,137
2026-03-28,AIRPODS_PRO,Apple,Audio,25000,17000,22191.522457603354,22716.135964417477,0.11233910169586583,0,0,1,165
2026-03-29,AIRPODS_PRO,Apple,Audio,25000,17000,22547.60081077834,23257.03371447107,0.09809596756886652,0,0,1,128
2026-03-30,AIRPODS_PRO,Apple,Audio,25000,17000,23479.64251907263,23322.73416961332,0.06081429923709479,0,0,0,128
2026-03-31,AIRPODS_PRO,Apple,Audio,25000,17000,23823.24683838441,23759.314060863348,0.047070126464623656,0,0,0,123
2026-04-01,AIRPODS_PRO,Apple,Audio,25000,17000,21633.036315691494,21764.153091186752,0.1346785473723402,0,0,0,159
2026-04-02,AIRPODS_PRO,Apple,Audio,25000,17000,21610.86670126293,21516.002855319646,0.13556533194948284,0,0,0,136
2026-04-03,AIRPODS_PRO,Apple,Audio,25000,17000,22005.53200119708,22965.03134263167,0.11977871995211689,0,0,0,153
2026-04-04,AIRPODS_PRO,Apple,Audio,25000,17000,22844.546628089636,22974.41602091198,0.08621813487641462,0,0,1,151
2026-04-05,AIRPODS_PRO,Apple,Audio,25000,17000,23643.589332669137,24469.59050231627,0.05425642669323463,0,0,1,120
2026-04-06,AIRPODS_PRO,Apple,Audio,25000,17000,23182.431052142743,23222.52302501465,0.07270275791429022,0,0,0,132
2026-04-07,AIRPODS_PRO,Apple,Audio,25000,17000,22659.661280964745,23261.241062862067,0.09361354876141015,0,0,0,143
2026-04-08,AIRPODS_PRO,Apple,Audio,25000,17000,21819.21103289608,21515.66918184289,0.12723155868415684,0,0,0,128
2026-04-09,AIRPODS_PRO,Apple,Audio,25000,17000,22106.27702663965,22886.576425885447,0.11574891893441394,0,0,0,145
2026-04-10,AIRPODS_PRO,Apple,Audio,25000,17000,22031.702854504874,22641.39111654384,0.11873188581980496,0,0,0,152
2026-04-11,AIRPODS_PRO,Apple,Audio,25000,17000,23871.18710633864,24226.03683728148,0.045152515746454396,0,0,1,127
2026-04-12,AIRPODS_PRO,Apple,Audio,25000,17000,22593.30413923653,23514.93827903564,0.0962678344305388,0,0,1,146
2026-04-13,AIRPODS_PRO,Apple,Audio,25000,17000,23718.012133872202,22895.596579766207,0.051279514645111934,0,0,0,130
2026-04-14,AIRPODS_PRO,Apple,Audio,25000,17000,22958.36800999131,22621.583893376763,0.08166527960034757,0,0,0,150
2026-04-15,AIRPODS_PRO,Apple,Audio,25000,17000,22999.281330317972,23246.05428016596,0.0800287467872811,0,0,0,122
2026-04-16,AIRPODS_PRO,Apple,Audio,25000,17000,22453.194593910437,21973.146351646676,0.1018722162435825,0,0,0,161
2026-04-17,AIRPODS_PRO,Apple,Audio,25000,17000,23822.163633619148,23435.521122102877,0.047113454655234074,0,0,0,109
2026-04-18,AIRPODS_PRO,Apple,Audio,25000,17000,23001.07190851972,22710.536076938708,0.0799571236592111,0,0,1,153
2026-04-19,AIRPODS_PRO,Apple,Audio,25000,17000,23152.086823780253,23106.727998116792,0.07391652704878979,0,0,1,137
2026-04-20,AIRPODS_PRO,Apple,Audio,25000,17000,24225.21457515728,23886.299394753307,0.030991416993708817,0,0,0,132
2026-04-21,AIRPODS_PRO,Apple,Audio,25000,17000,21570.009824770535,21624.368864801345,0.13719960700917858,0,0,0,130
2026-04-22,AIRPODS_PRO,Apple,Audio,25000,17000,23279.2689228159,23127.98043832578,0.0688292430873641,0,0,0,144
2026-04-23,AIRPODS_PRO,Apple,Audio,25000,17000,21340.489942824483,22176.278070329412,0.14638040228702076,0,0,0,158
2026-04-24,AIRPODS_PRO,Apple,Audio,25000,17000,21375.636421901956,21995.70051757654,0.14497454312392172,0,0,0,154
2026-04-25,AIRPODS_PRO,Apple,Audio,25000,17000,22452.0362671946,22118.22092206006,0.10191854931221613,0,0,1,163
2026-04-26,AIRPODS_PRO,Apple,Audio,25000,17000,24595.556143168385,24072.63706753591,0.016177754273264483,0,0,1,157
2026-04-27,AIRPODS_PRO,Apple,Audio,25000,17000,24187.928389330293,24353.13843972778,0.03248286442678825,0,0,0,128
2026-04-28,AIRPODS_PRO,Apple,Audio,25000,17000,22178.29717432276,22071.77807246397,0.11286811302708957,0,0,0,159
2026-04-29,AIRPODS_PRO,Apple,Audio,25000,17000,23708.677249690536,24448.90591388586,0.051652910012378636,0,0,0,118
2026-04-30,AIRPODS_PRO,Apple,Audio,25000,17000,23700.73580164244,24864.786325521556,0.05197056793430238,0,0,0,138
2026-05-01,AIRPODS_PRO,Apple,Audio,25000,17000,23418.41336007949,23650.738155516654,0.06326346559682051,0,0,0,126
2026-05-02,AIRPODS_PRO,Apple,Audio,25000,17000,24279.877668498888,24575.08032355649,0.028804893260044526,0,0,1,147
2026-05-03,AIRPODS_PRO,Apple,Audio,25000,17000,24405.35577075961,24994.290597197127,0.023785769169615632,0,0,1,133
2026-05-04,AIRPODS_PRO,Apple,Audio,25000,17000,23931.330543708216,25308.835806789888,0.04274677825167126,0,0,0,127
2026-05-05,AIRPODS_PRO,Apple,Audio,25000,17000,24510.981629517635,25736.26729274275,0.019560734819294677,0,0,0,126
2026-05-06,AIRPODS_PRO,Apple,Audio,25000,17000,22807.87506337656,23111.063161832255,0.08768499746493769,0,0,0,124
2026-05-07,AIRPODS_PRO,Apple,Audio,25000,17000,23187.501393942915,23889.117291055274,0.07249994424228337,0,0,0,126
2026-05-08,AIRPODS_PRO,Apple,Audio,25000,17000,24225.45709215187,25374.98548532157,0.030981716313925066,0,0,0,137
2026-05-09,AIRPODS_PRO,Apple,Audio,25000,17000,22846.215554772923,22335.916474027643,0.086151377809083,0,0,1,147
2026-05-10,AIRPODS_PRO,Apple,Audio,25000,17000,21831.572812855087,21950.331820188272,0.12673708748579648,0,0,1,145
2026-05-11,AIRPODS_PRO,Apple,Audio,25000,17000,23437.688880644535,22926.16522775169,0.0624924447742185,0,0,0,144
2026-05-12,AIRPODS_PRO,Apple,Audio,25000,17000,23529.00757669738,24272.431331621778,0.058839696932104904,0,0,0,97
2026-05-13,AIRPODS_PRO,Apple,Audio,25000,17000,23749.53606310626,24512.63039574388,0.0500185574757496,0,0,0,133
2026-05-14,AIRPODS_PRO,Apple,Audio,25000,17000,23301.16542035105,22296.038427580144,0.06795338318595795,0,0,0,128
2026-05-15,AIRPODS_PRO,Apple,Audio,25000,17000,23856.093822611434,23762.888621759972,0.04575624709554263,0,0,0,123
2026-05-16,AIRPODS_PRO,Apple,Audio,25000,17000,22590.22947133144,22939.224896114796,0.09639082114674241,0,0,1,162
2026-05-17,AIRPODS_PRO,Apple,Audio,25000,17000,21571.785398463493,21627.88740830079,0.1371285840614603,0,0,1,173
2026-05-18,AIRPODS_PRO,Apple,Audio,25000,17000,22196.537531244372,22347.636461144688,0.11213849875022505,0,0,0,132
2026-05-19,AIRPODS_PRO,Apple,Audio,25000,17000,23680.757798320734,23243.071282228153,0.052769688067170625,0,0,0,123
2026-05-20,AIRPODS_PRO,Apple,Audio,25000,17000,23247.64390484656,23474.85692409964,0.07009424380613752,0,0,0,137
2026-05-21,AIRPODS_PRO,Apple,Audio,25000,17000,21864.080327265467,22967.181547604316,0.12543678690938137,0,0,0,138
2026-05-22,AIRPODS_PRO,Apple,Audio,25000,17000,21587.111859868975,21435.4802969748,0.136515525605241,0,0,0,147
2026-05-23,AIRPODS_PRO,Apple,Audio,25000,17000,23762.307856653886,23642.598390388335,0.049507685733844564,0,0,1,124
2026-05-24,AIRPODS_PRO,Apple,Audio,25000,17000,23135.951364690747,22440.79972402289,0.07456194541237005,0,0,1,131
2026-05-25,AIRPODS_PRO,Apple,Audio,25000,17000,23815.64092300719,24778.48771793686,0.04737436307971233,0,0,0,130
2026-05-26,AIRPODS_PRO,Apple,Audio,25000,17000,22758.794365981674,22684.282273986042,0.08964822536073307,0,0,0,126
2026-05-27,AIRPODS_PRO,Apple,Audio,25000,17000,24324.44740265453,24721.208666602233,0.027022103893818872,0,0,0,135
2026-05-28,AIRPODS_PRO,Apple,Audio,25000,17000,22957.27276579264,22651.125327819085,0.08170908936829434,0,0,0,134
2026-05-29,AIRPODS_PRO,Apple,Audio,25000,17000,22394.63842149225,22345.739769907075,0.10421446314030998,0,0,0,161
2026-05-30,AIRPODS_PRO,Apple,Audio,25000,17000,22866.315428787293,24010.717798829413,0.08534738284850825,0,0,1,119
2026-05-31,AIRPODS_PRO,Apple,Audio,25000,17000,22445.028733087503,21959.852911326092,0.10219885067649992,0,0,1,136
2026-06-01,AIRPODS_PRO,Apple,Audio,25000,17000,22441.23841719877,22301.949266651918,0.10235046331204925,0,0,0,117
2026-06-02,AIRPODS_PRO,Apple,Audio,25000,17000,22582.98887138953,23321.08165143917,0.09668044514441876,0,0,0,110
2026-06-03,AIRPODS_PRO,Apple,Audio,25000,17000,22865.75645393407,22408.658005542104,0.08536974184263715,0,0,0,122
2026-06-04,AIRPODS_PRO,Apple,Audio,25000,17000,24658.131031898054,25599.749761621428,0.013674758724077904,0,0,0,106
2026-06-05,AIRPODS_PRO,Apple,Audio,25000,17000,21726.284499723937,21562.615998939862,0.13094862001104252,0,0,0,119
2026-06-06,AIRPODS_PRO,Apple,Audio,25000,17000,24765.9776341629,24168.844801413154,0.009360894633484024,0,0,1,119
2026-06-07,AIRPODS_PRO,Apple,Audio,25000,17000,23392.429127008127,24151.687065645725,0.06430283491967491,0,0,1,139
2026-06-08,AIRPODS_PRO,Apple,Audio,25000,17000,22804.280265566387,22964.242217900006,0.08782878937734447,0,0,0,136
2026-06-09,AIRPODS_PRO,Apple,Audio,25000,17000,21989.733533341958,22073.796713120573,0.1204106586663217,0,0,0,142
2026-06-10,AIRPODS_PRO,Apple,Audio,25000,17000,24194.422637686617,25614.18567704666,0.0322230944925354,0,0,0,106
2026-06-11,AIRPODS_PRO,Apple,Audio,25000,17000,24077.884984887034,23549.613284491938,0.03688460060451863,0,0,0,119
2026-06-12,AIRPODS_PRO,Apple,Audio,25000,17000,24196.943462829924,24795.39545948259,0.032122261486803014,0,0,0,105
2026-06-13,AIRPODS_PRO,Apple,Audio,25000,17000,23047.769107848624,23060.213459271694,0.07808923568605503,0,0,1,135
2026-06-14,AIRPODS_PRO,Apple,Audio,25000,17000,23362.886896178035,23782.091089746205,0.06548452415287856,0,0,1,155
2026-06-15,AIRPODS_PRO,Apple,Audio,25000,17000,23424.00447556693,22568.787336476427,0.06303982097732282,0,0,0,117
2026-06-16,AIRPODS_PRO,Apple,Audio,25000,17000,23968.552421388347,24182.401916307528,0.041257903144466056,0,0,0,105
2026-06-17,AIRPODS_PRO,Apple,Audio,25000,17000,23471.356096284613,23476.621708565104,0.06114575614861556,0,0,0,124
2026-06-18,AIRPODS_PRO,Apple,Audio,25000,17000,23846.967484529072,23514.43144514216,0.04612130061883713,0,0,0,134
2026-06-19,AIRPODS_PRO,Apple,Audio,25000,17000,22576.517358279583,22872.35925373579,0.09693930566881667,0,0,0,142
2026-06-20,AIRPODS_PRO,Apple,Audio,25000,17000,23736.63918205245,23722.43203232186,0.050534432717901895,0,0,1,122
2026-06-21,AIRPODS_PRO,Apple,Audio,25000,17000,23407.53421894278,23991.237868392334,0.06369863124228882,0,0,1,122
2026-06-22,AIRPODS_PRO,Apple,Audio,25000,17000,22234.12875169422,22349.237409235495,0.11063484993223117,0,0,0,148
2026-06-23,AIRPODS_PRO,Apple,Audio,25000,17000,23359.805959249465,22821.293554657757,0.06560776163002144,0,0,0,133
2026-06-24,AIRPODS_PRO,Apple,Audio,25000,17000,20755.490198725267,21163.56710007111,0.16978039205098922,0,0,0,121
2026-06-25,AIRPODS_PRO,Apple,Audio,25000,17000,24643.999799525256,24999.464390398323,0.014240008018989767,0,0,0,117
2026-06-26,AIRPODS_PRO,Apple,Audio,25000,17000,22023.006264525426,22378.459136636968,0.11907974941898294,0,0,0,127
2026-06-27,AIRPODS_PRO,Apple,Audio,25000,17000,22332.8032418315,22232.673800491135,0.1066878703267399,0,0,1,130
2026-06-28,AIRPODS_PRO,Apple,Audio,25000,17000,23614.011428271402,23659.316707965165,0.05543954286914395,0,0,1,115
2026-06-29,AIRPODS_PRO,Apple,Audio,25000,17000,22987.86193684602,22896.900348612857,0.08048552252615916,0,0,0,114
2026-06-30,AIRPODS_PRO,Apple,Audio,25000,17000,23187.300549303014,22783.670171572783,0.0725079780278794,0,0,0,126
2026-07-01,AIRPODS_PRO,Apple,Audio,25000,17000,24403.49791291059,24145.792474169124,0.023860083483576468,0,0,0,107
2026-07-02,AIRPODS_PRO,Apple,Audio,25000,17000,21444.36625225604,22304.504047988517,0.14222534990975827,0,0,0,120
2026-07-03,AIRPODS_PRO,Apple,Audio,25000,17000,22823.30258458145,22225.638883629963,0.08706789661674187,0,0,0,123
2026-07-04,AIRPODS_PRO,Apple,Audio,25000,17000,23117.292670689418,23403.038141932848,0.07530829317242331,0,0,1,172
2026-07-05,AIRPODS_PRO,Apple,Audio,25000,17000,23537.89803910315,24522.927725134938,0.05848407843587404,0,0,1,144
2026-07-06,AIRPODS_PRO,Apple,Audio,25000,17000,24308.247201173395,23859.600739277706,0.027670111953064076,0,0,0,105
2026-07-07,AIRPODS_PRO,Apple,Audio,25000,17000,24050.280395672653,24364.951133147686,0.03798878417309391,0,0,0,115
2026-07-08,AIRPODS_PRO,Apple,Audio,25000,17000,23612.374489700538,23339.85008339206,0.05550502041197852,0,0,0,119
2026-07-09,AIRPODS_PRO,Apple,Audio,25000,17000,24091.29124309881,24230.87485741394,0.03634835027604749,0,0,0,110
2026-07-10,AIRPODS_PRO,Apple,Audio,25000,17000,23130.965952261602,23474.245823768873,0.07476136190953588,0,0,0,130
2026-07-11,AIRPODS_PRO,Apple,Audio,25000,17000,24616.47505324863,24723.192938368287,0.015340997870054815,0,0,1,129
2026-07-12,AIRPODS_PRO,Apple,Audio,25000,17000,23852.98112946252,23609.534328451737,0.0458807548214991,0,0,1,132
2026-07-13,AIRPODS_PRO,Apple,Audio,25000,17000,23647.43326245107,24034.73275007832,0.054102669501957204,0,0,0,121
2026-07-14,AIRPODS_PRO,Apple,Audio,25000,17000,22725.905147673508,22492.31465064219,0.09096379409305963,0,0,0,121
2026-07-15,AIRPODS_PRO,Apple,Audio,25000,17000,23104.200112123905,22058.331006529916,0.07583199551504385,0,0,0,125
2026-07-16,AIRPODS_PRO,Apple,Audio,25000,17000,23465.811211482905,24268.70789585586,0.06136755154068388,0,0,0,121
2026-07-17,AIRPODS_PRO,Apple,Audio,25000,17000,22200.34647616479,22953.213770099253,0.11198614095340836,0,0,0,126
2026-07-18,AIRPODS_PRO,Apple,Audio,25000,17000,23585.159853706326,22991.909095462197,0.05659360585174698,0,0,1,112
2026-07-19,AIRPODS_PRO,Apple,Audio,25000,17000,22194.343340356616,22700.96437351504,0.11222626638573543,0,0,1,128
2026-07-20,AIRPODS_PRO,Apple,Audio,25000,17000,23333.110247414545,23524.20541776747,0.06667559010341817,0,0,0,124
2026-07-21,AIRPODS_PRO,Apple,Audio,25000,17000,22955.032027147015,23035.00227998906,0.0817987189141194,0,0,0,122
2026-07-22,AIRPODS_PRO,Apple,Audio,25000,17000,23391.20952313245,24534.361464333982,0.064351619074702,0,0,0,123
2026-07-23,AIRPODS_PRO,Apple,Audio,25000,17000,22469.46865830447,21889.74533934266,0.10122125366782107,0,0,0,118
2026-07-24,AIRPODS_PRO,Apple,Audio,25000,17000,23764.560026219784,23778.188515895527,0.04941759895120866,0,0,0,115
2026-07-25,AIRPODS_PRO,Apple,Audio,25000,17000,22792.264544615427,22448.039009042113,0.08830941821538289,0,0,1,129
2026-07-26,AIRPODS_PRO,Apple,Audio,25000,17000,23714.64825785755,22985.69595741036,0.05141406968569808,0,0,1,121
2026-07-27,AIRPODS_PRO,Apple,Audio,25000,17000,24044.503934485136,25289.238789976444,0.03821984262059455,0,0,0,105
2026-07-28,AIRPODS_PRO,Apple,Audio,25000,17000,22855.94128498148,23355.367575976074,0.08576234860074083,0,0,0,120
2026-07-29,AIRPODS_PRO,Apple,Audio,25000,17000,23393.858039132152,23924.489215700378,0.0642456784347138,0,0,0,107
2026-07-30,AIRPODS_PRO,Apple,Audio,25000,17000,21544.987788756447,22423.437315821222,0.13820048844974203,0,0,0,152
2026-07-31,AIRPODS_PRO,Apple,Audio,25000,17000,25000.0,25972.976239040196,0.0,0,0,0,87
